"curs","any","codi_centre","denominaci_completa","codi_naturalesa","nom_naturalesa","codi_titularitat","nom_titularitat","adre_a","codi_postal","tel_fon","codi_delegaci","nom_delegaci","codi_comarca","nom_comarca","codi_municipi","codi_municipi_6","nom_municipi","codi_districte_municipal","nom_dm","codi_localitat","nom_localitat","coordenades_utm_x","coordenades_utm_y","coordenades_geo_x","coordenades_geo_y","e_mail_centre","url","imatge","einf1c","einf2c","epri","eso","batx","aa01","cfpm","ppas","aa03","cfps","ee","ife","pfi","pa01","cfam","pa02","cfas","esdi","escm","escs","adr","crbc","idi","dane","danp","dans","muse","musp","muss","tegm","tegs","estr","adults","geo_1"
"2020/2021","2020","43000251","Escola La Portalada","1","Públic","01","Departament d'Educació","c. Portalada, 7","43893","977650323","0143","Tarragona","36","Tarragonès","43012","430120","Altafulla","00",,"01","Altafulla","311406.405","4552438.417","0.754184001","41.101349624","e3000251@xtec.cat","http://e3000251.wixsite.com/escolalaportalada",,,"EINF2C","EPRI",,,,,,,,,,,,,,,,,,,,,,,,,,,,,,,"POINT (754184001 41101349624)"
"2020/2021","2020","43007488","Llar d'infants Francesc Blanch i Ribé","1","Públic","04","Corporacions Locals","c. de la Mainada, s/n","43893","977650008","0143","Tarragona","36","Tarragonès","43012","430120","Altafulla","00",,"01","Altafulla","352445.488","4558311.844","1.241224083","41.162721690","e3007488@xtec.cat","http://www.xtec.cat/centres/e3007488",,"EINF1C",,,,,,,,,,,,,,,,,,,,,,,,,,,,,,,,,"POINT (1241224083 41162721690)"
"2020/2021","2020","43009977","Institut d'Altafulla","1","Públic","01","Departament d'Educació","c. Camí de l'Oliverot, s/n","43893","977651662","0143","Tarragona","36","Tarragonès","43012","430120","Altafulla","00",,"01","Altafulla","340586.014","4549281.632","1.102280760","41.079177135","e3009977@xtec.cat","https://agora.xtec.cat/insaltafulla",,,,,"ESO","BATX",,,,,,,,,,,,,,,,,,,,,,,,,,,,,"POINT (1102280760 41079177135)"
"2020/2021","2020","43010402","Escola El Roquissar","1","Públic","01","Departament d'Educació","c. Roquissar, 8","43893","977651969","0143","Tarragona","36","Tarragonès","43012","430120","Altafulla","00",,"01","Altafulla","352453.578","4558128.126","1.241364707","41.161069007","e3010402@xtec.cat","http://agora.xtec.cat/escolaelroquissar/",,,"EINF2C","EPRI",,,,,,,,,,,,,,,,,,,,,,,,,,,,,,,"POINT (1241364707 41161069007)"
"2020/2021","2020","43011297","Llar d'infants Hort de Pau","1","Públic","04","Corporacions Locals","c. de la Cabana-Sector PP5 l'Hort de Pau","43893",,"0143","Tarragona","36","Tarragonès","43012","430120","Altafulla","00",,"01","Altafulla","307026.421","4527331.626","0.709901816","40.874334604","e3011297@xtec.cat",,,"EINF1C",,,,,,,,,,,,,,,,,,,,,,,,,,,,,,,,,"POINT (709901816 40874334604)"
"2020/2021","2020","43011674","Esc. de Música Municipal d'Altafulla","1","Públic","04","Corporacions Locals","c. Sant Antoni Abat, 11-13","43893",,"0143","Tarragona","36","Tarragonès","43012","430120","Altafulla","00",,"01","Altafulla","382131.345","4565083.294","1.593645122","41.228559198","e3011674@xtec.cat",,,,,,,,,,,,,,,,,,,,,,,,,,,,,"MUSE",,,,,,,"POINT (1593645122 41228559198)"
"2020/2021","2020","43010499","CFA Pau Casals","1","Públic","01","Departament d'Educació","Trav. Comella Moro, 15 (CP Mas Enric)","43764","977240142","0143","Tarragona","36","Tarragonès","43043","430430","El Catllar","00",,"01","El Catllar","274114.435","4537371.421","0.316045911","40.956265250","e3010499@xtec.cat",,,,,,,,,,,,,,,,,,,,,,,,,,,,,,,,,,,"ADULTS","POINT (316045911 40956265250)"
"2020/2021","2020","43011261","Llar d'infants L'Agulla del Catllar","1","Públic","04","Corporacions Locals","c. de França, s/n","43764",,"0143","Tarragona","36","Tarragonès","43043","430430","El Catllar","00",,"01","El Catllar","348338.698","4553524.531","1.193479701","41.118861266","e3011261@xtec.cat",,,"EINF1C",,,,,,,,,,,,,,,,,,,,,,,,,,,,,,,,,"POINT (1193479701 41118861266)"
"2020/2021","2020","43012745","Jigsaw British School","2","Privat","26","Societats Mercantils","c. del Mas de la Creu, 4","43764",,"0143","Tarragona","36","Tarragonès","43043","430430","El Catllar","00",,"01","El Catllar","353311.259","4553414.211","1.252710141","41.118781372","e3012745@xtec.cat",,,,,,,,,,,,,,,,,,,,,,,,,,,,,,,,,,"ESTR",,"POINT (1252710141 41118781372)"
"2020/2021","2020","43012812","Institut Escola L'Agulla","1","Públic","01","Departament d'Educació","av. Catalunya, 3","43764",,"0143","Tarragona","36","Tarragonès","43043","430430","El Catllar","00",,"01","El Catllar","359895.841","4559564.265","1.329705061","41.175320227","e3012812@xtec.cat","http://www.escolalagulla.com",,,"EINF2C","EPRI","ESO",,,,,,,,,,,,,,,,,,,,,,,,,,,,,,"POINT (1329705061 41175320227)"
"2020/2021","2020","43000895","Escola Mossèn Ramon Bergadà","1","Públic","01","Departament d'Educació","c. Jaume I, s/n","43120","977521790","0143","Tarragona","36","Tarragonès","43047","430477","Constantí","00",,"01","Constantí","340128.568","4558605.868","1.094410565","41.163034028","e3000895@xtec.cat","http://agora.xtec.cat/ceipramonbergada",,,"EINF2C","EPRI",,,,,,,,,,,,,,,,,,,,,,,,,,,,,,,"POINT (1094410565 41163034028)"
"2020/2021","2020","43000949","Escola agrària Mas Bové","1","Públic","02","Altres Departaments","Mas Bové,ct.Reus-Morell km.4(ap.cor.527)","43120","977343289","0143","Tarragona","36","Tarragonès","43047","430477","Constantí","00",,"01","Constantí","340380.951","4557622.374","1.097673386","41.154229334","e3000949@xtec.cat",,,,,,,,,"CFPM",,,"CFPS",,,,,,,,,,,,,,,,,,,,,,,,"POINT (1097673386 41154229334)"
"2020/2021","2020","43005893","Escola Centcelles","1","Públic","01","Departament d'Educació","c. Joan Maragall, s/n","43120","977520504","0143","Tarragona","36","Tarragonès","43047","430477","Constantí","00",,"01","Constantí","377259.900","4564395.435","1.535677309","41.221640617","e3005893@xtec.cat","http://escolacentcelles.wixsite.com/escola",,,"EINF2C","EPRI",,,,,,,,,,,,,,,,,,,,,,,,,,,,,,,"POINT (1535677309 41221640617)"
"2020/2021","2020","43007646","Institut de Constantí","1","Públic","01","Departament d'Educació","c. Onze de Setembre, s/n","43120","977524011","0143","Tarragona","36","Tarragonès","43047","430477","Constantí","00",,"01","Constantí","353333.699","4552914.205","1.253096716","41.114283442","e3007646@xtec.cat","http://agora.xtec.cat/iesconstanti",,,,,"ESO","BATX",,,,,,,,,,,,,,,,,,,,,,,,,,,,,"POINT (1253096716 41114283442)"
"2020/2021","2020","43010451","Llar d'infants Gu-gu","1","Públic","04","Corporacions Locals","pl. de les Escoles Velles, s/n","43120","977523214","0143","Tarragona","36","Tarragonès","43047","430477","Constantí","00",,"01","Constantí","363895.715","4560470.257","1.377170807","41.184159659","e3010451@xtec.cat",,,"EINF1C",,,,,,,,,,,,,,,,,,,,,,,,,,,,,,,,,"POINT (1377170807 41184159659)"
"2020/2021","2020","43005364","Escola Les Eres","1","Públic","01","Departament d'Educació","c. Onze de Setembre, s/n","43838","977800597","0143","Tarragona","36","Tarragonès","43050","430509","Creixell","00",,"01","Creixell","301298.392","4551077.409","0.634350804","41.086691635","e3005364@xtec.cat","https://agora.xtec.cat/esc-leseresdecreixell/",,,"EINF2C","EPRI",,,,,,,,,,,,,,,,,,,,,,,,,,,,,,,"POINT (634350804 41086691635)"
"2020/2021","2020","43009667","Llar d'infants Municipal de Creixell","1","Públic","04","Corporacions Locals","c. Coma, 30","43838","977801265","0143","Tarragona","36","Tarragonès","43050","430509","Creixell","00",,"01","Creixell","352062.370","4552841.852","1.237978497","41.113401434","e3009667@xtec.cat","http://www.xtec.cat/centres/e3009667",,"EINF1C",,,,,,,,,,,,,,,,,,,,,,,,,,,,,,,,,"POINT (1237978497 41113401434)"
"2020/2021","2020","43011649","Llar d'infants Nova Guarderia","1","Públic","04","Corporacions Locals","c. Onze de Setembre, 4","43838",,"0143","Tarragona","36","Tarragonès","43050","430509","Creixell","00",,"01","Creixell","289870.296","4522343.154","0.508162660","40.825218084","e3011649@xtec.cat",,,"EINF1C",,,,,,,,,,,,,,,,,,,,,,,,,,,,,,,,,"POINT (508162660 40825218084)"
"2020/2021","2020","43012241","Escola Bressol L'Estel de Mar","1","Públic","04","Corporacions Locals","c. Vendrell, 7","43838",,"0143","Tarragona","36","Tarragonès","43050","430509","Creixell","00",,"01","Creixell","336052.916","4560877.721","1.045249389","41.182673102","e3012241@xtec.cat","www.esteldemar.com",,"EINF1C",,,,,,,,,,,,,,,,,,,,,,,,,,,,,,,,,"POINT (1045249389 41182673102)"
"2020/2021","2020","43001735","Escola Ventura Gassol","1","Públic","01","Departament d'Educació","camí de Reus, 13","43760","977840209","0143","Tarragona","36","Tarragonès","43095","430957","El Morell","00",,"01","El Morell","347607.883","4553645.978","1.184748594","41.119817913","e3001735@xtec.cat","http://escolaventuragassol.blogspot.com.es/",,,"EINF2C","EPRI",,,,,,,,,,,,,,,,,,,,,,,,,,,,,,,"POINT (1184748594 41119817913)"
"2020/2021","2020","43008407","Institut El Morell","1","Públic","01","Departament d'Educació","c. César Martinell, 1","43760","977842057","0143","Tarragona","36","Tarragonès","43095","430957","El Morell","00",,"01","El Morell","289870.296","4522343.154","0.508162660","40.825218084","e3008407@xtec.cat","http://agora.xtec.cat/institutelmorell",,,,,"ESO","BATX",,,,,,,,,,,,,,,,,,,,,,,,,,,,,"POINT (508162660 40825218084)"
"2020/2021","2020","43009931","Llar d'infants del Morell","1","Públic","04","Corporacions Locals","pl. de l'Estatut, s/n","43760","977841510","0143","Tarragona","36","Tarragonès","43095","430957","El Morell","00",,"01","El Morell","344369.781","4552209.748","1.146560197","41.106272953","e3009931@xtec.cat","http://www.xtec.cat/centres/e3009931",,"EINF1C",,,,,,,,,,,,,,,,,,,,,,,,,,,,,,,,,"POINT (1146560197 41106272953)"
"2020/2021","2020","43012231","Esc. de Música Municipal El Morell","1","Públic","04","Corporacions Locals","rbla. Maragall, 40","43760",,"0143","Tarragona","36","Tarragonès","43095","430957","El Morell","00",,"01","El Morell","340706.244","4572341.763","1.097710780","41.286810886","e3012231@xtec.cat",,,,,,,,,,,,,,,,,,,,,,,,,,,,,"MUSE",,,,,,,"POINT (1097710780 41286810886)"
"2020/2021","2020","43005467","Escola Les Codinetes","1","Públic","01","Departament d'Educació","Raval dels Hostalets, s/n","43763","977655390","0143","Tarragona","36","Tarragonès","43097","430976","La Nou de Gaià","00",,"01","La Nou de Gaià","350665.044","4553145.978","1.221269246","41.115884000","e3005467@xtec.cat","http://agora.xtec.cat/ceiplescodinetes",,"EINF1C","EINF2C","EPRI",,,,,,,,,,,,,,,,,,,,,,,,,,,,,,,"POINT (1221269246 41115884000)"
"2020/2021","2020","43011042","Llar d'infants La Palmera","1","Públic","04","Corporacions Locals","c. Sants Cosme i Damià, 4","43763","977655258","0143","Tarragona","36","Tarragonès","43097","430976","La Nou de Gaià","00",,"01","La Nou de Gaià","307215.844","4527575.350","0.712072506","40.876573024","e3011042@xtec.cat",,,"EINF1C",,,,,,,,,,,,,,,,,,,,,,,,,,,,,,,,,"POINT (712072506 40876573024)"
"2020/2021","2020","43001826","Escola Sant Sebastià","1","Públic","01","Departament d'Educació","av. Catalunya, 12","43151","977610539","0143","Tarragona","36","Tarragonès","43100","431009","Els Pallaresos","00",,"05","Els Pallaresos","352189.782","4552673.388","1.239535897","41.111907813","e3001826@xtec.cat","http://agora.xtec.cat/escolasantsebastia",,,"EINF2C","EPRI",,,,,,,,,,,,,,,,,,,,,,,,,,,,,,,"POINT (1239535897 41111907813)"
"2020/2021","2020","43009564","LLI privada Can Petits","2","Privat","27","Societats Civils","c. Tarragona, 6","43151","977610658","0143","Tarragona","36","Tarragonès","43100","431009","Els Pallaresos","00",,"05","Els Pallaresos","378709.827","4563787.952","1.553090604","41.216388861","e3009564@xtec.cat","http://www.xtec.cat/centres/e3009564",,"EINF1C",,,,,,,,,,,,,,,,,,,,,,,,,,,,,,,,,"POINT (1553090604 41216388861)"
"2020/2021","2020","43010591","Escola Arquitecte Jujol","1","Públic","01","Departament d'Educació","av. Catalunya, 6","43151","977627124","0143","Tarragona","36","Tarragonès","43100","431009","Els Pallaresos","00",,"05","Els Pallaresos","353752.628","4589832.655","1.249220662","41.446758167","e3010591@xtec.cat","www.escolaarquitectejujol.cat",,,"EINF2C","EPRI",,,,,,,,,,,,,,,,,,,,,,,,,,,,,,,"POINT (1249220662 41446758167)"
"2020/2021","2020","43010748","Institut Els Pallaresos","1","Públic","01","Departament d'Educació","av. Catalunya, 12","43151","977627203","0143","Tarragona","36","Tarragonès","43100","431009","Els Pallaresos","00",,"05","Els Pallaresos","342004.080","4555984.197","1.117429681","41.139798397","e3010748@xtec.cat","https://agora.xtec.cat/ieselspallaresos",,,,,"ESO","BATX",,,,,,,,,,,,,,,,,,,,,,,,,,,,,"POINT (1117429681 41139798397)"
"2020/2021","2020","43012563","Escola Bressol Els Pallaresos","1","Públic","04","Corporacions Locals","c. Gregal, 2-4","43151",,"0143","Tarragona","36","Tarragonès","43100","431009","Els Pallaresos","00",,"05","Els Pallaresos","301494.000","4546229.000","0.638266000","41.043207000","e3012563@xtec.cat",,,"EINF1C",,,,,,,,,,,,,,,,,,,,,,,,,,,,,,,,,"POINT (638266000 41043207000)"
"2020/2021","2020","43007476","Llar d'infants Perafort","1","Públic","04","Corporacions Locals","av. de Catalunya, s/n","43152","977610123","0143","Tarragona","36","Tarragonès","43103","431037","Perafort","00",,"01","Perafort","314539.257","4527828.278","0.798847625","40.880540734","e3007476@xtec.cat","http://www.xtec.cat/centres/e3007476",,"EINF1C",,,,,,,,,,,,,,,,,,,,,,,,,,,,,,,,,"POINT (798847625 40880540734)"
"2020/2021","2020","43009886","Escola Josep Veciana","1","Públic","01","Departament d'Educació","av. Catalunya, s/n","43152","977610404","0143","Tarragona","36","Tarragonès","43103","431037","Perafort","00",,"01","Perafort","346313.396","4582303.429","1.162118121","41.377583400","e3009886@xtec.cat","http://agora.xtec.cat/esc-josepveciana/",,,"EINF2C","EPRI",,,,,,,,,,,,,,,,,,,,,,,,,,,,,,,"POINT (1162118121 41377583400)"
"2020/2021","2020","43005480","Escola Mare de Déu del Lledó","1","Públic","01","Departament d'Educació","av. Guillem de Montoliu, s/n","43140","977840851","0143","Tarragona","36","Tarragonès","43109","431093","La Pobla de Mafumet","00",,"01","La Pobla de Mafumet","353575.720","4553288.115","1.255888949","41.117693752","e3005480@xtec.cat","https://agora.xtec.cat/escolamarededeudellledo/",,,"EINF2C","EPRI",,,,,,,,,,,,,,,,,,,,,,,,,,,,,,,"POINT (1255888949 41117693752)"
"2020/2021","2020","43008936","Llar d'infants L'Esquirol","1","Públic","04","Corporacions Locals","c. Marià Fortuny, s/n","43140","977842241","0143","Tarragona","36","Tarragonès","43109","431093","La Pobla de Mafumet","00",,"01","La Pobla de Mafumet","340163.776","4558616.823","1.094827152","41.163139599","e3008936@xtec.cat","http://www.xtec.cat/centres/e3008936",,"EINF1C",,,,,,,,,,,,,,,,,,,,,,,,,,,,,,,,,"POINT (1094827152 41163139599)"
"2020/2021","2020","43012186","Llar d'infants Nou Esquirol","1","Públic","04","Corporacions Locals","c. Mina de Madró, cantonada Molí Tendre","43140",,"0143","Tarragona","36","Tarragonès","43109","431093","La Pobla de Mafumet","00",,"01","La Pobla de Mafumet","331701.726","4555984.071","0.994743702","41.137726229","e3012186@xtec.cat",,,"EINF1C",,,,,,,,,,,,,,,,,,,,,,,,,,,,,,,,,"POINT (994743702 41137726229)"
"2020/2021","2020","43012885","CENAFE La Pobla de Mafumet","2","Privat","41","Persones Físiques","av. Generalitat, 20","43140",,"0143","Tarragona","36","Tarragonès","43109","431093","La Pobla de Mafumet","00",,"01","La Pobla de Mafumet","349777.466","4561034.916","1.208769378","41.186749131","e3012885@xtec.cat",,,,,,,,,,,,,,,,,,,,,,,,,,,,,,,,"TEGM","TEGS",,,"POINT (1208769378 41186749131)"
"2020/2021","2020","43005145","Escola Els Ametllers","1","Públic","01","Departament d'Educació","pg. de l'Estació, 2","43761","977648259","0143","Tarragona","36","Tarragonès","43111","431114","La Pobla de Montornès","00",,"01","La Pobla de Montornès","340345.917","4556632.297","1.097513846","41.145308752","e3005145@xtec.cat","http://agora.xtec.cat/ceipelsametllers",,,"EINF2C","EPRI",,,,,,,,,,,,,,,,,,,,,,,,,,,,,,,"POINT (1097513846 41145308752)"
"2020/2021","2020","43010271","Llar d'infants Sol Solet","1","Públic","04","Corporacions Locals","av. de Catalunya, 1-3","43761","977648700","0143","Tarragona","36","Tarragonès","43111","431114","La Pobla de Montornès","00",,"01","La Pobla de Montornès","295729.678","4509013.924","0.581941462","40.706727115","e3010271@xtec.cat","http://www.xtec.cat/centres/e3010271",,"EINF1C",,,,,,,,,,,,,,,,,,,,,,,,,,,,,,,,,"POINT (581941462 40706727115)"
"2020/2021","2020","43005157","Escola Montoliu","1","Públic","01","Departament d'Educació","c. Alzinar, s/n","43762","977655539","0143","Tarragona","36","Tarragonès","43126","431264","La Riera de Gaià","00",,"02","La Riera de Gaià","341729.782","4556860.682","1.113936874","41.147636049","e3005157@xtec.cat","www.montoliuescola.cat",,,"EINF2C","EPRI",,,,,,,,,,,,,,,,,,,,,,,,,,,,,,,"POINT (1113936874 41147636049)"
"2020/2021","2020","43010049","Llar d'infants Les Monges","1","Públic","04","Corporacions Locals","c. Doctor Pittaluga, 2","43762","977655715","0143","Tarragona","36","Tarragonès","43126","431264","La Riera de Gaià","00",,"02","La Riera de Gaià","303259.003","4516086.859","0.668775919","40.772223966","e3010049@xtec.cat","http://www.xtec.cat/centres/e3010049",,"EINF1C",,,,,,,,,,,,,,,,,,,,,,,,,,,,,,,,,"POINT (668775919 40772223966)"
"2020/2021","2020","43002776","Escola Salvador Espriu","1","Públic","01","Departament d'Educació","c. de la Font, 3","43883","977809924","0143","Tarragona","36","Tarragonès","43131","431310","Roda de Berà","00",,"01","Roda de Berà","293849.571","4515563.779","0.557548432","40.765210621","e3002776@xtec.cat","https://agora.xtec.cat/ceip-salvador-espriu-roda/",,,"EINF2C","EPRI",,,,,,,,,,,,,,,,,,,,,,,,,,,,,,,"POINT (557548432 40765210621)"
"2020/2021","2020","43009928","Llar d'infants Els Petitons","1","Públic","04","Corporacions Locals","c. de la Reina Sofía, 17","43883","977657009","0143","Tarragona","36","Tarragonès","43131","431310","Roda de Berà","00",,"01","Roda de Berà","336611.411","4555644.545","1.053299707","41.135672795","e3009928@xtec.cat","http://www.xtec.cat/centres/e3009928",,"EINF1C",,,,,,,,,,,,,,,,,,,,,,,,,,,,,,,,,"POINT (1053299707 41135672795)"
"2020/2021","2020","43011194","Escola El Cucurull","1","Públic","01","Departament d'Educació","c. Joan Carles I, 17","43883","977657190","0143","Tarragona","36","Tarragonès","43131","431310","Roda de Berà","00",,"01","Roda de Berà","325685.126","4541515.671","0.927197384","41.006208797","e3011194@xtec.cat","https://agora.xtec.cat/ceipelcucurull/",,,"EINF2C","EPRI",,,,,,,,,,,,,,,,,,,,,,,,,,,,,,,"POINT (927197384 41006208797)"
"2020/2021","2020","43011418","Institut Roda de Berà","1","Públic","01","Departament d'Educació","c. de la Font, 3","43883","977657505","0143","Tarragona","36","Tarragonès","43131","431310","Roda de Berà","00",,"01","Roda de Berà","352076.682","4553673.027","1.237948700","41.120887765","e3011418@xtec.cat","http://insrdb.cat",,,,,"ESO",,,,,,,,,,,,,,,,,,,,,,,,,,,,,,"POINT (1237948700 41120887765)"
"2020/2021","2020","43005662","Escola Josep Nin","1","Públic","01","Departament d'Educació","c. Raval de cal Toni, 9","43885","977629085","0143","Tarragona","36","Tarragonès","43135","431359","Salomó","00",,"01","Salomó","284773.035","4548425.459","0.438715363","41.058620767","e3005662@xtec.cat","http://blocs.xtec.cat/escolajosepnin/",,,"EINF2C","EPRI",,,,,,,,,,,,,,,,,,,,,,,,,,,,,,,"POINT (438715363 41058620767)"
"2020/2021","2020","43012678","Llar d'infants El Til·ler","1","Públic","04","Corporacions Locals","av. Catalunya, 2","43885",,"0143","Tarragona","36","Tarragonès","43135","431359","Salomó","00",,"01","Salomó","363788.736","4565458.847","1.374784384","41.229060371","e3012678@xtec.cat",,,"EINF1C",,,,,,,,,,,,,,,,,,,,,,,,,,,,,,,,,"POINT (1374784384 41229060371)"
"2020/2021","2020","43003082","Escola Guillem de Claramunt","1","Públic","01","Departament d'Educació","c. Ctra. de Vallmoll, s/n","43765","977611421","0143","Tarragona","36","Tarragonès","43144","431444","La Secuita","00",,"04","La Secuita","290179.242","4521161.510","0.512220638","40.814662325","e3003082@xtec.cat","http://blocs.xtec.cat/lasecuita",,,"EINF2C","EPRI",,,,,,,,,,,,,,,,,,,,,,,,,,,,,,,"POINT (512220638 40814662325)"
"2020/2021","2020","43012770","Escola Bressol Municipal els Guillemets","1","Públic","04","Corporacions Locals","ctra. de Vallmoll, s/n","43765",,"0143","Tarragona","36","Tarragonès","43144","431444","La Secuita","00",,"04","La Secuita","355663.729","4562698.575","1.278532851","41.202798539","e3012770@xtec.cat",,,"EINF1C",,,,,,,,,,,,,,,,,,,,,,,,,,,,,,,,,"POINT (1278532851 41202798539)"
"2020/2021","2020","43003136","Escola Bonavista","1","Públic","01","Departament d'Educació","c. 21, s/n","43100","977546289","0143","Tarragona","36","Tarragonès","43148","431482","Tarragona","00",,"01","Bonavista","291121.066","4520898.061","0.523465812","40.812531431","e3003136@xtec.cat","http://blocs.xtec.cat/ceipbonavista/",,,"EINF2C","EPRI",,,,,,,,,,,,,,,,,,,,,,,,,,,,,,,"POINT (523465812 40812531431)"
"2020/2021","2020","43003151","Joan XXIII","2","Privat","23","Església Catòlica","c. Catorze, s/n","43100","977542807","0143","Tarragona","36","Tarragonès","43148","431482","Tarragona","00",,"01","Bonavista","290345.445","4520931.871","0.514266676","40.812638023","e3003151@xtec.cat","http://www.escolajoan23.com",,"EINF1C","EINF2C","EPRI","ESO","BATX","AA01","CFPM",,"AA03","CFPS",,,"PFI",,,,,,,,,,,,,,,,,,,,,"POINT (514266676 40812638023)"
"2020/2021","2020","43003227","Escola Sant Salvador","1","Públic","01","Departament d'Educació","av. de Sant Salvador, 13","43130","977520970","0143","Tarragona","36","Tarragonès","43148","431482","Tarragona","00",,"11","Sant Salvador","283444.830","4497404.418","0.440651433","40.599107726","e3003227@xtec.cat","http://agora.xtec.cat/ceipsantsalvador-tarragona/",,,"EINF2C","EPRI",,,,,,,,,,,,,,,,,,,,,,,,,,,,,,,"POINT (440651433 40599107726)"
"2020/2021","2020","43003306","Escola Serrallo","1","Públic","01","Departament d'Educació","c. Xavier Montsalvatge, 8","43004","977228876","0143","Tarragona","36","Tarragonès","43148","431482","Tarragona","00",,"13","Tarragona","322572.946","4576555.664","0.880068612","41.320961732","e3003306@xtec.cat","http://www.xtec.cat/ceipserrallo",,,"EINF2C","EPRI",,,,,,,,,,,,,,,,,,,,,,,,,,,,,,,"POINT (880068612 41320961732)"
"2020/2021","2020","43003321","Escola Sant Pere i Sant Pau","1","Públic","01","Departament d'Educació","Urb. Sant Pere i Sant Pau, s/n","43007","977201227","0143","Tarragona","36","Tarragonès","43148","431482","Tarragona","00",,"13","Tarragona","353261.915","4567155.627","1.248829121","41.242496701","e3003321@xtec.cat","http://agora.xtec.cat/ceip-santperesantpau/",,,"EINF2C","EPRI",,,,,,,,,,,,,,,,,,,,,,,,,,,,,,,"POINT (1248829121 41242496701)"
"2020/2021","2020","43003410","Joan Roig","2","Privat","26","Societats Mercantils","c. Cristòfor Colom, 9","43001","977240223","0143","Tarragona","36","Tarragonès","43148","431482","Tarragona","00",,"13","Tarragona","349542.589","4573882.386","1.202802594","41.302376745","e3003410@xtec.cat","http://agora.xtec.cat/escolajoanroig/",,"EINF1C","EINF2C","EPRI","ESO",,,"CFPM",,,"CFPS",,,,,,,,,,,,,,,,,,,,,,,,"POINT (1202802594 41302376745)"
"2020/2021","2020","43003461","Tic-Tac","2","Privat","24","Ordes i Congregacions Catòlics","av. Lluís Companys, 12","43005","977214288","0143","Tarragona","36","Tarragonès","43148","431482","Tarragona","00",,"13","Tarragona","353612.408","4572235.596","1.251790180","41.288298365","e3003461@xtec.cat","http://www.tictac.lasalle.cat/",,"EINF1C","EINF2C",,,,,,,,,,,,,,,,,,,,,,,,,,,,,,,,"POINT (1251790180 41288298365)"
"2020/2021","2020","43003483","Lestonnac-l'Ensenyança","2","Privat","24","Ordes i Congregacions Catòlics","c. de l'Arc de Sant Llorenç, 2","43003","977232519","0143","Tarragona","36","Tarragonès","43148","431482","Tarragona","00",,"13","Tarragona","353191.448","4572271.881","1.246756443","41.288548614","e3003483@xtec.cat","http://lestonnactarragona.org",,"EINF1C","EINF2C","EPRI","ESO","BATX",,,,,,,,,,,,,,,,,,,,,,,,,,,,,"POINT (1246756443 41288548614)"
"2020/2021","2020","43003495","Mare de Déu del Carme","2","Privat","24","Ordes i Congregacions Catòlics","av. Estanislau Figueres, 31","43002","977220105","0143","Tarragona","36","Tarragonès","43148","431482","Tarragona","00",,"13","Tarragona","353321.032","4571867.802","1.248400625","41.284934014","e3003495@xtec.cat","http://www.carmelites.cat",,"EINF1C","EINF2C","EPRI","ESO","BATX","AA01","CFPM",,"AA03",,,,,,,,,,,,,,,,,,,,,,,,,"POINT (1248400625 41284934014)"
"2020/2021","2020","43003501","El Carme","2","Privat","24","Ordes i Congregacions Catòlics","c. del Mar, 17","43004","977212752","0143","Tarragona","36","Tarragonès","43148","431482","Tarragona","00",,"13","Tarragona","353761.520","4572355.209","1.253541410","41.289402332","e3003501@xtec.cat","http://www.elcarmetarragona.cat",,,"EINF2C","EPRI","ESO",,,,,,,,,,,,,,,,,,,,,,,,,,,,,,"POINT (1253541410 41289402332)"
"2020/2021","2020","43003525","Dominiques Tarragona","2","Privat","26","Societats Mercantils","c. Rovira i Virgili, 16","43002","977216151","0143","Tarragona","36","Tarragonès","43148","431482","Tarragona","00",,"13","Tarragona","353601.372","4572328.916","1.251636011","41.289136576","e3003525@xtec.cat","http://www.dominiques.cat",,"EINF1C","EINF2C","EPRI","ESO",,,,,,,,,,,,,,,,,,,,,,,,,,,,,,"POINT (1251636011 41289136576)"
"2020/2021","2020","43003537","La Salle","2","Privat","24","Ordes i Congregacions Catòlics","av. Països Catalans, s/n","43007","977218600","0143","Tarragona","36","Tarragonès","43148","431482","Tarragona","00",,"13","Tarragona","354137.004","4572548.128","1.257977431","41.291207234","e3003537@xtec.cat","https://tarragona.lasalle.cat/",,,"EINF2C","EPRI","ESO","BATX",,,,,"CFPS",,,,,,,,,,,,,,,,,,,,,,,,"POINT (1257977431 41291207234)"
"2020/2021","2020","43003549","Vedruna Sagrat Cor Tarragona","2","Privat","22","Fundacions","c. Santa Joaquima de Vedruna, 10","43002","977217979","0143","Tarragona","36","Tarragonès","43148","431482","Tarragona","00",,"13","Tarragona","353191.448","4572271.881","1.246756443","41.288548614","e3003549@xtec.cat","http://www.sagratcor.cat",,"EINF1C","EINF2C","EPRI","ESO","BATX",,,,,,,,,,,,,,,,,,,,,,,,,"TEGM","TEGS",,,"POINT (1246756443 41288548614)"
"2020/2021","2020","43003550","Santa Teresa de Jesús","2","Privat","22","Fundacions","rbla. Nova, 79","43003","977248800","0143","Tarragona","36","Tarragonès","43148","431482","Tarragona","00",,"13","Tarragona","354168.406","4572337.356","1.258402783","41.289315196","e3003550@xtec.cat","http://tarragona.escolateresiana.com",,,"EINF2C","EPRI","ESO","BATX",,,,,,,,,,,,,,,,,,,,,,,,,,,,,"POINT (1258402783 41289315196)"
"2020/2021","2020","43003586","Sant Pau Apòstol","2","Privat","23","Església Catòlica","pg. Torroja, 1","43007","977224314","0143","Tarragona","36","Tarragonès","43148","431482","Tarragona","00",,"13","Tarragona","324992.592","4539824.231","0.919446598","40.990833622","e3003586@xtec.cat","http://www.colsantpau.com",,"EINF1C","EINF2C","EPRI","ESO","BATX",,,,,,,,,,,,,,,,,,,,,,,,,,,,,"POINT (919446598 40990833622)"
"2020/2021","2020","43003616","CEE San Rafael","1","Públic","04","Corporacions Locals","ctra. de Valls, 45","43007","977211758","0143","Tarragona","36","Tarragonès","43148","431482","Tarragona","00",,"13","Tarragona","319837.843","4543089.065","0.857253138","41.019101357","e3003616@xtec.cat",,,,,,,,,,,,,"EE",,"PFI",,,,,,,,,,,,,,,,,,,,,"POINT (857253138 41019101357)"
"2020/2021","2020","43003631","Estela","2","Privat","22","Fundacions","ctra. de Valls, s/n (Zona Educacional)","43007","977216316","0143","Tarragona","36","Tarragonès","43148","431482","Tarragona","00",,"13","Tarragona","377586.889","4564107.248","1.539634900","41.219095034","e3003631@xtec.cat",,,,,,,,,,,,,"EE",,,,,,,,,,,,,,,,,,,,,,"ADULTS","POINT (1539634900 41219095034)"
"2020/2021","2020","43003641","Institut Antoni de Martí i Franquès","1","Públic","01","Departament d'Educació","c. Enric d'Ossó, 3","43005","977240214","0143","Tarragona","36","Tarragonès","43148","431482","Tarragona","00",,"13","Tarragona","377369.425","4564620.453","1.536938392","41.223683495","e3003641@xtec.cat","http://www.institutmartifranques.com/",,,,,"ESO","BATX",,,,,,,,,,,,,,,,,,,,,,,,,,,,,"POINT (1536938392 41223683495)"
"2020/2021","2020","43003653","Institut Comte de Rius","1","Públic","01","Departament d'Educació","ctra. de Valls, s/n (Zona Educacional)","43007","977241384","0143","Tarragona","36","Tarragonès","43148","431482","Tarragona","00",,"13","Tarragona","376427.339","4563477.510","1.525933392","41.213248061","e3003653@xtec.cat","http://www.comtederius.cat",,,,,,"BATX","AA01","CFPM",,"AA03","CFPS",,,,,,,,,,,,,,,,,,,,,,,,"POINT (1525933392 41213248061)"
"2020/2021","2020","43003690","Escola de Pràctiques","1","Públic","01","Departament d'Educació","ctra. Valls, s/n(Zona Educacional)","43007","977217711","0143","Tarragona","36","Tarragonès","43148","431482","Tarragona","00",,"13","Tarragona","376180.489","4563579.009","1.522969161","41.214124321","e3003690@xtec.cat","https://agora.xtec.cat/ceip-practiques-tarragona/",,,"EINF2C","EPRI",,,,,,,,,,,,,,,,,,,,,,,,,,,,,,,"POINT (1522969161 41214124321)"
"2020/2021","2020","43003707","Mare Nostrum","2","Privat","26","Societats Mercantils","Camí Nou de la Budellera, s/n","43007","977290613","0143","Tarragona","36","Tarragonès","43148","431482","Tarragona","00",,"13","Tarragona","376244.837","4563561.350","1.523740091","41.213975151","e3003707@xtec.cat","http://www.cole-marenostrum.com",,,"EINF2C","EPRI","ESO",,,,,,,,,,,,,,,,,,,,,,,,,,,,,,"POINT (1523740091 41213975151)"
"2020/2021","2020","43003719","Espallargas","2","Privat","26","Societats Mercantils","c. Castellers, 1-3-5-7-9","43002","977230751","0143","Tarragona","36","Tarragonès","43148","431482","Tarragona","00",,"13","Tarragona","349403.246","4563683.275","1.203657307","41.210524135","e3003719@xtec.cat","http://www.escolaespallargas.com",,,,,,,,"CFPM",,,"CFPS",,,"PFI",,,,,,,,,,,,,,,,,,,,,"POINT (1203657307 41210524135)"
"2020/2021","2020","43003720","Escola El Miracle","1","Públic","01","Departament d'Educació","pl. del Cardenal Arce Ochotorena, s/n","43003","977239922","0143","Tarragona","36","Tarragonès","43148","431482","Tarragona","00",,"13","Tarragona","326820.978","4553297.600","0.937383385","41.112515367","e3003720@xtec.cat","http://blocs.xtec.cat/elmiracle/",,,"EINF2C","EPRI",,,,,,,,,,,,,,,,,,,,,,,,,,,,,,,"POINT (937383385 41112515367)"
"2020/2021","2020","43003732","Institut Pons d'Icart","1","Públic","01","Departament d'Educació","c. Assalt, 4","43003","977237927","0143","Tarragona","36","Tarragonès","43148","431482","Tarragona","00",,"13","Tarragona","362695.687","4574356.698","1.359743207","41.308992934","e3003732@xtec.cat","http://www.instiutponsdicart.cat",,,,,"ESO","BATX",,,,,,,,,,,,,,,,,,,,,,,,,,,,,"POINT (1359743207 41308992934)"
"2020/2021","2020","43003756","Escola Torreforta","1","Públic","01","Departament d'Educació","c. Tortosa, 49","43006","977543408","0143","Tarragona","36","Tarragonès","43148","431482","Tarragona","00",,"14","Torreforta","343000.363","4549717.735","1.130895996","41.083573187","e3003756@xtec.cat","http://agora.xtec.cat/escola-torreforta/",,,"EINF2C","EPRI",,,,,,,,,,,,,,,,,,,,,,,,,,,,,,,"POINT (1130895996 41083573187)"
"2020/2021","2020","43003768","Escola Els Àngels","1","Públic","01","Departament d'Educació","c. Menorca, 24","43006","977544489","0143","Tarragona","36","Tarragonès","43148","431482","Tarragona","00",,"14","Torreforta","342678.403","4550111.373","1.126964306","41.087054993","e3003768@xtec.cat","http://www.escolaelsangels.cat",,,"EINF2C","EPRI",,,,,,,,,,,,,,,,,,,,,,,,,,,,,,,"POINT (1126964306 41087054993)"
"2020/2021","2020","43003793","La Salle Torreforta","2","Privat","24","Ordes i Congregacions Catòlics","c. Sant Benilde, 15","43006","977543209","0143","Tarragona","36","Tarragonès","43148","431482","Tarragona","00",,"14","Torreforta","344524.953","4552674.066","1.148289772","41.110483083","e3003793@xtec.cat","http://www.torreforta.lasalle.cat/",,,"EINF2C","EPRI","ESO",,,"CFPM",,,,,,,,,,,,,,,,,,,,,,,,,,,"POINT (1148289772 41110483083)"
"2020/2021","2020","43005169","Escola Pau Delclòs","1","Públic","01","Departament d'Educació","c. Méndez Núñez, 14","43004","977234316","0143","Tarragona","36","Tarragonès","43148","431482","Tarragona","00",,"13","Tarragona","347286.244","4555003.269","1.180581548","41.131977847","e3005169@xtec.cat","http://escolapaudelclos@xtec.cat",,,"EINF2C","EPRI",,,,,,,,,,,,,,,,,,,,,,,,,,,,,,,"POINT (1180581548 41131977847)"
"2020/2021","2020","43005170","Escola La Floresta","1","Públic","01","Departament d'Educació","Urbanització la Floresta","43006","977547807","0143","Tarragona","36","Tarragonès","43148","431482","Tarragona","00",,"14","Torreforta","350575.927","4557404.695","1.219171247","41.154211691","e3005170@xtec.cat","http://agora.xtec.cat/esc-lafloresta/",,,"EINF2C","EPRI",,,,,,,,,,,,,,,,,,,,,,,,,,,,,,,"POINT (1219171247 41154211691)"
"2020/2021","2020","43005686","Escola Riu Clar","1","Públic","01","Departament d'Educació","Urbanització Riu Clar, s/n","43006","977548109","0143","Tarragona","36","Tarragonès","43148","431482","Tarragona","00",,"14","Torreforta","342020.878","4558346.359","1.117021149","41.161068524","e3005686@xtec.cat","https://agora.xtec.cat/ceip-rct/",,,"EINF2C","EPRI",,,,,,,,,,,,,,,,,,,,,,,,,,,,,,,"POINT (1117021149 41161068524)"
"2020/2021","2020","43005704","Institut Francesc Vidal i Barraquer","1","Públic","01","Departament d'Educació","av. Lluís Companys, 1","43005","977212836","0143","Tarragona","36","Tarragonès","43148","431482","Tarragona","00",,"13","Tarragona","317808.853","4558252.891","0.828646993","41.155149538","e3005704@xtec.cat","https://www.vidalibarraquer.net/",,,,,"ESO","BATX",,"CFPM",,"AA03","CFPS",,,,,,,,,,,,,,,,,,,,,,,,"POINT (828646993 41155149538)"
"2020/2021","2020","43005731","La Muntanyeta","2","Privat","31","Associacions","c.Muntanyeta S.Pere/ctra. Pallaresos Km1","43007","977217604","0143","Tarragona","36","Tarragonès","43148","431482","Tarragona","00",,"13","Tarragona","365043.305","4599046.030","1.382268657","41.531691678","e3005731@xtec.cat",,,,,,,,,,,,,"EE",,,,,,,,,,,,,,,,,,,,,,,"POINT (1382268657 41531691678)"
"2020/2021","2020","43005911","Escola Campclar","1","Públic","01","Departament d'Educació","Urbanització Verge del Pilar, s/n","43006","977548280","0143","Tarragona","36","Tarragonès","43148","431482","Tarragona","00",,"14","Torreforta","352690.158","4552669.409","1.245493795","41.111962883","e3005911@xtec.cat","http://www.xtec.cat/ceip-campclar",,,"EINF2C","EPRI",,,,,,,,,,,,,,,,,,,,,,,,,,,,,,,"POINT (1245493795 41111962883)"
"2020/2021","2020","43005959","Escola Cèsar August","1","Públic","01","Departament d'Educació","c. Joan Bta. Plana, 9","43005","977230352","0143","Tarragona","36","Tarragonès","43148","431482","Tarragona","00",,"13","Tarragona","314503.580","4528022.588","0.798366497","40.882281790","e3005959@xtec.cat","http://agora.xtec.cat/ceipcesaraugust/",,,"EINF2C","EPRI",,,,,,,,,,,,,,,,,,,,,,,,,,,,,,,"POINT (798366497 40882281790)"
"2020/2021","2020","43006125","Institut Campclar","1","Públic","01","Departament d'Educació","Rambla de Ponent, 66","43006","977541007","0143","Tarragona","36","Tarragonès","43148","431482","Tarragona","00",,"13","Tarragona","353382.633","4553785.059","1.253471398","41.122133326","e3006125@xtec.cat","http://www.inscampclar.cat",,,,,"ESO","BATX",,"CFPM",,,,,,"PFI",,,,,,,,,,,,,,,,,,,,,"POINT (1253471398 41122133326)"
"2020/2021","2020","43006162","Solc","2","Privat","21","Cooperatives","c. Apodaca, 3","43004","977554375","0143","Tarragona","36","Tarragonès","43148","431482","Tarragona","00",,"13","Tarragona","286183.713","4490710.496","0.475257355","40.539573978","e3006162@xtec.cat","https://sites.google.com/view/ceepsirsolc/home",,,,,,,,,,,,"EE",,,,,,,,,,,,,,,,,,,,,,,"POINT (475257355 40539573978)"
"2020/2021","2020","43006253","EASD de Tarragona","1","Públic","04","Corporacions Locals","ctra.de Valls, s/n,Zona Educacional","43007","977211253","0143","Tarragona","36","Tarragonès","43148","431482","Tarragona","00",,"13","Tarragona","340080.400","4558824.203","1.093779744","41.164990195","e3006253@xtec.cat","http://www.dipta.cat/eadt",,,,,,,,,,,,,,,,,,"CFAS","ESDI",,,,,,,,,,,,,,,,"POINT (1093779744 41164990195)"
"2020/2021","2020","43006265","Escola de Dansa Artemis","2","Privat","41","Persones Físiques","ptge. Cobos, 5-7","43001","977218626","0143","Tarragona","36","Tarragonès","43148","431482","Tarragona","00",,"13","Tarragona","336475.427","4555831.224","1.051630663","41.137326046","e3006265@xtec.cat",,,,,,,,,,,,,,,,,,,,,,,,,,"DANE",,,,,,,,,,"POINT (1051630663 41137326046)"
"2020/2021","2020","43006277","Cons. de Música de Tarragona","1","Públic","04","Corporacions Locals","c. Cavallers, 10","43003","977235830","0143","Tarragona","36","Tarragonès","43148","431482","Tarragona","00",,"13","Tarragona","325028.177","4540189.222","0.919766051","40.994127009","e3006277@xtec.cat","https://www.dipta.cat/cmtarragona",,,,,,,,,,,,,,,,,,,,,,,,,,,,,"MUSP",,,,,,"POINT (919766051 40994127009)"
"2020/2021","2020","43006563","Escola Marcel·lí Domingo","1","Públic","01","Departament d'Educació","ctra. Pallaresos (Ub. S. Pere i S.Pau)","43007","977225465","0143","Tarragona","36","Tarragonès","43148","431482","Tarragona","00",,"13","Tarragona","336322.001","4556280.638","1.049683739","41.141341104","e3006563@xtec.cat","http://blocs.xtec.cat/escolamdomingo",,,"EINF2C","EPRI",,,,,,,,,,,,,,,,,,,,,,,,,,,,,,,"POINT (1049683739 41141341104)"
"2020/2021","2020","43006630","Institut Pere Martell","1","Públic","01","Departament d'Educació","Autovia de Salou, s/n","43006","977556338","0143","Tarragona","36","Tarragonès","43148","431482","Tarragona","00",,"13","Tarragona","380725.901","4566522.970","1.576599669","41.241317600","e3006630@xtec.cat","http://www.institutperemartell.cat",,,,,,"BATX",,"CFPM",,"AA03","CFPS",,,"PFI",,,,,,,,,,,,,,,,,,,,,"POINT (1576599669 41241317600)"
"2020/2021","2020","43006940","EOI de Tarragona","1","Públic","01","Departament d'Educació","C. Smith, 55","43001","977226936","0143","Tarragona","36","Tarragonès","43148","431482","Tarragona","00",,"13","Tarragona","363042.471","4578496.100","1.362951414","41.346323240","e3006940@xtec.cat",,,,,,,,,,,,,,,,,,,,,,,,,"IDI",,,,,,,,,,,"POINT (1362951414 41346323240)"
"2020/2021","2020","43007051","CFA Josepa Massanés i Dalmau","1","Públic","01","Departament d'Educació","c. Fra Antoni Cardona i Grau, s/n","43002","977237860","0143","Tarragona","36","Tarragonès","43148","431482","Tarragona","00",,"13","Tarragona","341614.719","4556278.672","1.112716701","41.142373692","e3007051@xtec.cat",,,,,,,,"AA01",,,,,,,,,,,,,,,,,,,,,,,,,,,"ADULTS","POINT (1112716701 41142373692)"
"2020/2021","2020","43007117","Escola Pax","1","Públic","01","Departament d'Educació","av. Josep Gramunt i Subiela, 55-57","43007","977217757","0143","Tarragona","36","Tarragonès","43148","431482","Tarragona","00",,"13","Tarragona","341047.655","4558744.909","1.105323813","41.164466503","e3007117@xtec.cat","http://agora.xtec.cat/ceippax/",,,"EINF2C","EPRI",,,,,,,,,,,,,,,,,,,,,,,,,,,,,,,"POINT (1105323813 41164466503)"
"2020/2021","2020","43007713","Llar d'infants El Ninot","1","Públic","04","Corporacions Locals","c. Riu Onyar, s/n (Campclar)","43006","977550230","0143","Tarragona","36","Tarragonès","43148","431482","Tarragona","00",,"14","Torreforta","341014.630","4558174.890","1.105078248","41.159328127","e3007713@xtec.cat","https://blocs.xtec.cat/llardinfantsmunicipalelninot/",,"EINF1C",,,,,,,,,,,,,,,,,,,,,,,,,,,,,,,,,"POINT (1105078248 41159328127)"
"2020/2021","2020","43007725","Llar d'infants La Taronja","1","Públic","04","Corporacions Locals","c. Riu Llobregat, s/n (Campclar)","43006","977550220","0143","Tarragona","36","Tarragonès","43148","431482","Tarragona","00",,"14","Torreforta","340666.801","4557288.336","1.101165133","41.151278181","e3007725@xtec.cat","http://www.xtec.cat/centres/e3007725",,"EINF1C",,,,,,,,,,,,,,,,,,,,,,,,,,,,,,,,,"POINT (1101165133 41151278181)"
"2020/2021","2020","43007853","Llar d'infants La Baldufa","1","Públic","01","Departament d'Educació","ctra. de València, s/n(barri del Pilar)","43006","977540609","0143","Tarragona","36","Tarragonès","43148","431482","Tarragona","00",,"13","Tarragona","368123.049","4601391.804","1.418657388","41.553326246","e3007853@xtec.cat","http://llarinfantslabaldufa.blogspot.com",,"EINF1C",,,,,,,,,,,,,,,,,,,,,,,,,,,,,,,,,"POINT (1418657388 41553326246)"
"2020/2021","2020","43007981","Bao Bab","2","Privat","21","Cooperatives","Via Augusta, 34","43003","977238832","0143","Tarragona","36","Tarragonès","43148","431482","Tarragona","00",,"13","Tarragona","341113.968","4556776.860","1.106623925","41.146761030","e3007981@xtec.cat","http://www.xtec.cat/centres/e3007981",,"EINF1C",,,,,,,,,,,,,,,,,,,,,,,,,,,,,,,,,"POINT (1106623925 41146761030)"
"2020/2021","2020","43008390","Institut Torreforta","1","Públic","01","Departament d'Educació","c. Móra d'Ebre, s/n","43006","977545721","0143","Tarragona","36","Tarragonès","43148","431482","Tarragona","00",,"13","Tarragona","290070.355","4521415.027","0.510845429","40.816916139","e3008390@xtec.cat","https://agora.xtec.cat/instorreforta",,,,,"ESO","BATX",,,,,,,,,,,,,,,,,,,,,,,,,,,,,"POINT (510845429 40816916139)"
"2020/2021","2020","43008432","Institut Sant Pere i Sant Pau","1","Públic","01","Departament d'Educació","c. de l'Institut, s/n","43007","977213248","0143","Tarragona","36","Tarragonès","43148","431482","Tarragona","00",,"10","Sant Pere i Sant Pau","342671.692","4549437.428","1.127056785","41.080985976","e3008432@xtec.cat","http://www.xtec.cat/iesspsp",,,,,"ESO","BATX",,,,,,,,,,,,,,,,,,,,,,,,,,,,,"POINT (1127056785 41080985976)"
"2020/2021","2020","43008501","Institut Pont del Diable","1","Públic","01","Departament d'Educació","av. de Sant Salvador, 17-A","43130","977523011","0143","Tarragona","36","Tarragonès","43148","431482","Tarragona","00",,"11","Sant Salvador","354643.673","4553409.259","1.268575462","41.118976370","e3008501@xtec.cat","http://www.institutpontdeldiable.cat",,,,,"ESO",,,"CFPM",,,,,,,,,,,,,,,,,,,,,,,,,,,"POINT (1268575462 41118976370)"
"2020/2021","2020","43008560","Àngel de la Guarda","2","Privat","27","Societats Civils","c. Prat de la Riba, 18","43001","977221322","0143","Tarragona","36","Tarragonès","43148","431482","Tarragona","00",,"13","Tarragona","297975.952","4562039.802","0.591219872","41.184535200","e3008560@xtec.cat","http://www.xtec.cat/centres/e3008560",,"EINF1C",,,,,,,,,,,,,,,,,,,,,,,,,,,,,,,,,"POINT (591219872 41184535200)"
"2020/2021","2020","43008687","LLI privada Yo-Ni","2","Privat","21","Cooperatives","c. Rovira i Virgili, 54","43007","977220625","0143","Tarragona","36","Tarragonès","43148","431482","Tarragona","00",,"13","Tarragona","369326.572","4558201.329","1.442385978","41.164622908","e3008687@xtec.cat","http://www.xtec.cat/centres/e3008687",,"EINF1C",,,,,,,,,,,,,,,,,,,,,,,,,,,,,,,,,"POINT (1442385978 41164622908)"
"2020/2021","2020","43008729","CFA Tarragona","1","Públic","01","Departament d'Educació","Perllongació carrer B,s/n(Barri Riu Clar","43006","977551888","0143","Tarragona","36","Tarragonès","43148","431482","Tarragona","00",,"13","Tarragona","373529.843","4570983.504","1.489825478","41.280389881","e3008729@xtec.cat","http://agora.xtec.cat/cfatarragona",,,,,,,,,,,,,,,,,,,,,,,,,,,,,,,,,,"ADULTS","POINT (1489825478 41280389881)"
"2020/2021","2020","43008766","Esc. de Música Municipal","1","Públic","04","Corporacions Locals","c. Armanyà, 10","43003","977245236","0143","Tarragona","36","Tarragonès","43148","431482","Tarragona","00",,"13","Tarragona","352162.348","4552414.578","1.239271570","41.109572546","e3008766@xtec.cat",,,,,,,,,,,,,,,,,,,,,,,,,,,,,"MUSE",,,,,,,"POINT (1239271570 41109572546)"
"2020/2021","2020","43008778","CFA Fòrum","1","Públic","04","Corporacions Locals","c. Pere Martell, 14 bxs.","43001","977242833","0143","Tarragona","36","Tarragonès","43148","431482","Tarragona","00",,"13","Tarragona","344045.184","4564062.179","1.139680500","41.212920981","e3008778@xtec.cat",,,,,,,,,,,,,,,,,,,,,,,,,,,,,,,,,,,"ADULTS","POINT (1139680500 41212920981)"
"2020/2021","2020","43008791","Esc. de Música de la Diputació de Tarragona","1","Públic","04","Corporacions Locals","c. Cavallers, 10","43003","977235830","0143","Tarragona","36","Tarragonès","43148","431482","Tarragona","00",,"13","Tarragona","332501.030","4554183.506","1.004753108","41.121681885","e3008791@xtec.cat",,,,,,,,,,,,,,,,,,,,,,,,,,,,,"MUSE",,,,,,,"POINT (1004753108 41121681885)"
"2020/2021","2020","43008997","LLI privada El Niuet","2","Privat","41","Persones Físiques","c. Muntanya Sant Pere, 15(Urb.Pedrol)","43007","977203020","0143","Tarragona","36","Tarragonès","43148","431482","Tarragona","00",,"13","Tarragona","341179.815","4556838.364","1.107392261","41.147327644","e3008997@xtec.cat","http://www.xtec.cat/centres/e3008997",,"EINF1C",,,,,,,,,,,,,,,,,,,,,,,,,,,,,,,,,"POINT (1107392261 41147327644)"
"2020/2021","2020","43009175","L'Alba i La Cigonya","2","Privat","26","Societats Mercantils","c. Reding, 6","43001","977214108","0143","Tarragona","36","Tarragonès","43148","431482","Tarragona","00",,"13","Tarragona","349594.885","4561442.782","1.206493096","41.190387483","e3009175@xtec.cat","http://www.xtec.cat/centres/e3009175",,"EINF1C","EINF2C",,,,,,,,,,,,,,,,,,,,,,,,,,,,,,,,"POINT (1206493096 41190387483)"
"2020/2021","2020","43009230","Escola Tarragona","1","Públic","01","Departament d'Educació","c. Guillem Oliver, 3","43005","977232947","0143","Tarragona","36","Tarragonès","43148","431482","Tarragona","00",,"13","Tarragona","291338.090","4510234.126","0.529595242","40.716609016","e3009230@xtec.cat","http://escola-tarrgona.blogspot.com.es",,,"EINF2C","EPRI",,,,,,,,,,,,,,,,,,,,,,,,,,,,,,,"POINT (529595242 40716609016)"
"2020/2021","2020","43009369","Escola Saavedra","1","Públic","01","Departament d'Educació","Via de l'Imperi, 1","43003","977237619","0143","Tarragona","36","Tarragonès","43148","431482","Tarragona","00",,"13","Tarragona","376386.188","4563642.737","1.525409245","41.214729634","e3009369@xtec.cat","http://agora.xtec.cat/ceipsaavedra/",,,"EINF2C","EPRI",,,,,,,,,,,,,,,,,,,,,,,,,,,,,,,"POINT (1525409245 41214729634)"
"2020/2021","2020","43009448","Cent.Prof.Dansa Artemis","2","Privat","41","Persones Físiques","ptge. Cobos, 5","43001","977218626","0143","Tarragona","36","Tarragonès","43148","431482","Tarragona","00",,"13","Tarragona","353695.801","4572245.041","1.252783384","41.288398519","e3009448@xtec.cat",,,,,,,,,,,,,,,,,,,,,,,,,,,"DANP",,,,,,,,,"POINT (1252783384 41288398519)"
"2020/2021","2020","43009539","LLI privada Baobad-rosa","2","Privat","21","Cooperatives","Via Augusta, 74","43003","977218279","0143","Tarragona","36","Tarragonès","43148","431482","Tarragona","00",,"13","Tarragona","339250.751","4548926.324","1.086486569","41.075715441","e3009539@xtec.cat","http://www.xtec.cat/centres/e3009539",,"EINF1C",,,,,,,,,,,,,,,,,,,,,,,,,,,,,,,,,"POINT (1086486569 41075715441)"
"2020/2021","2020","43009576","Esc. de Música Estudi de Música","2","Privat","21","Cooperatives","ptge. Cobos, 3","43001","977231720","0143","Tarragona","36","Tarragonès","43148","431482","Tarragona","00",,"13","Tarragona","341491.320","4556505.106","1.111188567","41.144388212","e3009576@xtec.cat",,,,,,,,,,,,,,,,,,,,,,,,,,,,,"MUSE",,,,,,,"POINT (1111188567 41144388212)"
"2020/2021","2020","43009722","Institut Cal·lípolis","1","Públic","01","Departament d'Educació","Autovia de Salou, s/n","43006","977544202","0143","Tarragona","36","Tarragonès","43148","431482","Tarragona","00",,"13","Tarragona","329042.279","4555137.002","0.963311633","41.129544817","e3009722@xtec.cat","http://www.institutcallipolis.cat",,,,,,"BATX",,"CFPM",,"AA03","CFPS",,"IFE","PFI",,,,,,,,,,,,,,,,,"TEGM","TEGS",,,"POINT (963311633 41129544817)"
"2020/2021","2020","43010256","Llar d'infants El Serrallo","1","Públic","04","Corporacions Locals","Barri del Serrallo, s/n","43003","977248592","0143","Tarragona","36","Tarragonès","43148","431482","Tarragona","00",,"13","Tarragona","341947.714","4556601.801","1.116599282","41.145347797","e3010256@xtec.cat","http://www.xtec.cat/centres/e3010256",,"EINF1C",,,,,,,,,,,,,,,,,,,,,,,,,,,,,,,,,"POINT (1116599282 41145347797)"
"2020/2021","2020","43010281","LLI privada El Bosquet","2","Privat","26","Societats Mercantils","urb. Els Pinars, 45","43007",,"0143","Tarragona","36","Tarragonès","43148","431482","Tarragona","00",,"13","Tarragona","341666.084","4562386.531","1.111749743","41.197373232","e3010281@xtec.cat",,,"EINF1C",,,,,,,,,,,,,,,,,,,,,,,,,,,,,,,,,"POINT (1111749743 41197373232)"
"2020/2021","2020","43010396","Escola de Ponent","1","Públic","01","Departament d'Educació","av. del President Tarradellas, s/n","43006","977260701","0143","Tarragona","36","Tarragonès","43148","431482","Tarragona","00",,"13","Tarragona","349668.049","4587125.429","1.201018849","41.421630292","e3010396@xtec.cat","http://agora.xtec.cat/escolaponent-tarragona",,,"EINF2C","EPRI",,,,,,,,,,,,,,,,,,,,,,,,,,,,,,,"POINT (1201018849 41421630292)"
"2020/2021","2020","43010438","Llar d'infants El Miracle","1","Públic","04","Corporacions Locals","pl. Cardenal Arce Ochotorena, s/n","43003","977249722","0143","Tarragona","36","Tarragonès","43148","431482","Tarragona","00",,"13","Tarragona","340345.086","4556466.853","1.097547009","41.143819091","e3010438@xtec.cat","http://www.xtec.cat/centres/e3010438",,"EINF1C",,,,,,,,,,,,,,,,,,,,,,,,,,,,,,,,,"POINT (1097547009 41143819091)"
"2020/2021","2020","43010700","CASASFORMACIÓN.ES","2","Privat","26","Societats Mercantils","c. Dr. Zamenhoff, 3 bxs.","43001","977220890","0143","Tarragona","36","Tarragonès","43148","431482","Tarragona","00",,"13","Tarragona","344265.898","4553132.334","1.145089808","41.114559401","e3010700@xtec.cat","http://www.casasformacion.es",,,,,,,,,,,"CFPS",,,,,,,,,,,,,,,,,,,,,,,"ADULTS","POINT (1145089808 41114559401)"
"2020/2021","2020","43010876","Escola l'Arrabassada","1","Públic","01","Departament d'Educació","c. Carles Babot Boixeda/c.Cossis","43007","977195319","0143","Tarragona","36","Tarragonès","43148","431482","Tarragona","00",,"13","Tarragona","370556.730","4575013.246","1.453478810","41.316204514","e3010876@xtec.cat","https://agora.xtec.cat/esclarrabassada/",,,"EINF2C","EPRI",,,,,,,,,,,,,,,,,,,,,,,,,,,,,,,"POINT (1453478810 41316204514)"
"2020/2021","2020","43010955","Llar d'infants Sant Pere i Sant Pau","1","Públic","04","Corporacions Locals","rbla. de Sant Pere i Sant Pau","43004","977203550","0143","Tarragona","36","Tarragonès","43148","431482","Tarragona","00",,"13","Tarragona","376692.466","4564751.011","1.528838019","41.224756275","e3010955@xtec.cat",,,"EINF1C",,,,,,,,,,,,,,,,,,,,,,,,,,,,,,,,,"POINT (1528838019 41224756275)"
"2020/2021","2020","43010979","Llar d'infants Sant Salvador","1","Públic","04","Corporacions Locals","av. Sant Salvador, 13","43130","977293045","0143","Tarragona","36","Tarragonès","43148","431482","Tarragona","00",,"13","Tarragona","332867.910","4554244.080","1.009104368","41.122302802","e3010979@xtec.cat",,,"EINF1C",,,,,,,,,,,,,,,,,,,,,,,,,,,,,,,,,"POINT (1009104368 41122302802)"
"2020/2021","2020","43011479","Institut Tarragona","1","Públic","01","Departament d'Educació","pl. de la Imperial Tarraco, 1","43003","977238277","0143","Tarragona","36","Tarragonès","43148","431482","Tarragona","00",,"13","Tarragona","383270.141","4561806.420","1.607854720","41.199215302","e3011479@xtec.cat","https://agora.xtec.cat/instarragona/",,,,,"ESO","BATX",,,,,,,,,,,,,,,,,,,,,,,,,,,,,"POINT (1607854720 41199215302)"
"2020/2021","2020","43011561","Llar d'infants L'Arrabassada","1","Públic","04","Corporacions Locals","c. Internet, s/n","43001",,"0143","Tarragona","36","Tarragonès","43148","431482","Tarragona","00",,"13","Tarragona","365913.892","4556518.073","1.402090350","41.148908863","e3011561@xtec.cat",,,"EINF1C",,,,,,,,,,,,,,,,,,,,,,,,,,,,,,,,,"POINT (1402090350 41148908863)"
"2020/2021","2020","43012125","Novatècnica","2","Privat","26","Societats Mercantils","c. Francolí, 52-54, baixos","43006",,"0143","Tarragona","36","Tarragonès","43148","431482","Tarragona","00",,"13","Tarragona","355663.729","4562698.575","1.278532851","41.202798539","e3012125@xtec.cat",,,,,,,,,"CFPM",,,"CFPS",,,"PFI",,,,,,,,,,,,,,,,,,,,"ADULTS","POINT (1278532851 41202798539)"
"2020/2021","2020","43012162","Llar d'infants Bonavista","1","Públic","04","Corporacions Locals","c. Vint-i-u, s/n","43100",,"0143","Tarragona","36","Tarragonès","43148","431482","Tarragona","00",,"13","Tarragona","341520.551","4557864.568","1.111185341","41.156633295","e3012162@xtec.cat",,,"EINF1C",,,,,,,,,,,,,,,,,,,,,,,,,,,,,,,,,"POINT (1111185341 41156633295)"
"2020/2021","2020","43012216","Llar d'infants Cèsar August","1","Públic","04","Corporacions Locals","c. Joan Baptista Plana, 9","43005",,"0143","Tarragona","36","Tarragonès","43148","431482","Tarragona","00",,"13","Tarragona","349777.466","4561034.916","1.208769378","41.186749131","e3012216@xtec.cat",,,"EINF1C",,,,,,,,,,,,,,,,,,,,,,,,,,,,,,,,,"POINT (1208769378 41186749131)"
"2020/2021","2020","43012447","Bettatur","2","Privat","26","Societats Mercantils","Via de l'Imperi Romà, 11","43001",,"0143","Tarragona","36","Tarragonès","43148","431482","Tarragona","00",,"13","Tarragona","302032.000","4500142.000","0.658753000","40.629662000","e3012447@xtec.cat",,,,,,,,,,,,"CFPS",,,,,,,,,,,,,,,,,,,,,,,,"POINT (658753000 40629662000)"
"2020/2021","2020","43012629","Aula Magna","2","Privat","26","Societats Mercantils","av. República Argentina, 11","43007",,"0143","Tarragona","36","Tarragonès","43148","431482","Tarragona","00",,"13","Tarragona","352483.235","4553827.316","1.242752281","41.122350910","e3012629@xtec.cat",,,,,,,,,"CFPM",,,"CFPS",,,,,,,,,,,,,,,,,,,,,,,"ADULTS","POINT (1242752281 41122350910)"
"2020/2021","2020","43012642","LLI privada Xino-Xano Joan XXIII","2","Privat","26","Societats Mercantils","c. Arquebisbe Josep Pont i Gol, 19","43005",,"0143","Tarragona","36","Tarragonès","43148","431482","Tarragona","00",,"13","Tarragona","351872.420","4554377.708","1.235346641","41.127195308","e3012642@xtec.cat",,,"EINF1C",,,,,,,,,,,,,,,,,,,,,,,,,,,,,,,,,"POINT (1235346641 41127195308)"
"2020/2021","2020","43012708","CEOP","2","Privat","26","Societats Mercantils","av. Roma, 5C, 1-2","43005",,"0143","Tarragona","36","Tarragonès","43148","431482","Tarragona","00",,"13","Tarragona","352498.030","4553436.258","1.243022374","41.118832584","e3012708@xtec.cat",,,,,,,,,,,,,,,"PFI",,,,,,,,,,,,,,,,,,,,"ADULTS","POINT (1243022374 41118832584)"
"2020/2021","2020","43012897","AFENTD","2","Privat","31","Associacions","c. Sant Benilde, 15","43006",,"0143","Tarragona","36","Tarragonès","43148","431482","Tarragona","00",,"13","Tarragona","349955.096","4553598.231","1.212706479","41.119825085","e3012897@xtec.cat",,,,,,,,,,,,,,,,,,,,,,,,,,,,,,,,"TEGM","TEGS",,,"POINT (1212706479 41119825085)"
"2020/2021","2020","43012939","Òrgan Gestor del Complex Educatiu de Tarragona","1","Públic","01","Departament d'Educació","ctra. de Salou, s/n","43004",,"0143","Tarragona","36","Tarragonès","43148","431482","Tarragona","00",,"13","Tarragona","352162.348","4552414.578","1.239271570","41.109572550","e3012939@xtec.cat",,,,,,"ESO",,,,,,,,,,,,,,,,,,,,,,,,,,,,,,"POINT (1239271570 41109572550)"
"2020/2021","2020","43012976","Institut Escola Mediterrani","1","Públic","01","Departament d'Educació","c. Riu Ter, s/n","43001","977540706","0143","Tarragona","36","Tarragonès","43148","431482","Tarragona","00",,"01","Bonavista","349089.002","4553196.775","1.202493296","41.116050050","e3012976@xtec.cat","http://www.xtec.cat/centres/e3006381",,,"EINF2C","EPRI","ESO",,,,,,,,,,,,,,,,,,,,,,,,,,,,,,"POINT (1202493296 41116050050)"
"2020/2021","2020","43013002","A. Hospitalària H.de dia salut mental infanto juvenil deTarragona","1","Públic","02","Altres Departaments","av. Vidal i Barraquer, 27-20 esc. B","43001",,"0143","Tarragona","36","Tarragonès","43148","431482","Tarragona","00",,"13","Tarragona","352348.365","4552781.870","1.241397743","41.112913401","e3013002@xtec.cat",,,,"EINF2C","EPRI","ESO",,,,,,,,,,,,,,,,,,,,,,,,,,,,,,"POINT (1241397743 41112913401)"
"2020/2021","2020","43013063","LLI privada Teresianes-Jaycar","2","Privat","22","Fundacions","c. d'Ixart, 10","43003",,"0143","Tarragona","36","Tarragonès","43148","431482","Tarragona","00",,"13","Tarragona","353194.822","4553253.761","1.251362171","41.117315664","e3013063@xtec.cat",,,"EINF1C",,,,,,,,,,,,,,,,,,,,,,,,,,,,,,,,,"POINT (1251362171 41117315664)"
"2020/2021","2020","43003884","Escola Antoni Roig","1","Públic","01","Departament d'Educació","av. Sant Jordi. núm. 1(ap.correus 142)","43830","977640836","0143","Tarragona","36","Tarragonès","43153","431536","Torredembarra","00",,"04","Torredembarra","297975.952","4562039.802","0.591219872","41.184535200","e3003884@xtec.cat","http://agora.xtec.cat/escolaantoniroig/",,,"EINF2C","EPRI",,,,,,,,,,,,,,,,,,,,,,,,,,,,,,,"POINT (591219872 41184535200)"
"2020/2021","2020","43006851","Escola Molí de Vent","1","Públic","01","Departament d'Educació","c. de les Escoles, 13-15","43830","977130246","0143","Tarragona","36","Tarragonès","43153","431536","Torredembarra","00",,"04","Torredembarra","309522.993","4545789.826","0.733829493","41.041066010","e3006851@xtec.cat","https://agora.xtec.cat/ceip-molidevent/",,,"EINF2C","EPRI",,,,,,,,,,,,,,,,,,,,,,,,,,,,,,,"POINT (733829493 41041066010)"
"2020/2021","2020","43006952","Institut Torredembarra","1","Públic","01","Departament d'Educació","av. de Sant Jordi, 62-64","43830","977640312","0143","Tarragona","36","Tarragonès","43153","431536","Torredembarra","00",,"04","Torredembarra","369400.901","4564641.694","1.441896874","41.222627803","e3006952@xtec.cat","http://www.instorredembarra.cat/",,,,,"ESO","BATX",,,,,,,,,,,,,,,,,,,,,,,,,,,,,"POINT (1441896874 41222627803)"
"2020/2021","2020","43007661","Institut Ramon de la Torre","1","Públic","01","Departament d'Educació","c. Camí del Moro, 28-40","43830","977642402","0143","Tarragona","36","Tarragonès","43153","431536","Torredembarra","00",,"04","Torredembarra","336464.260","4548003.514","1.053580247","41.066851982","e3007661@xtec.cat","http://www.institutramondelatorre.org",,,,,"ESO","BATX",,"CFPM",,,"CFPS",,,"PFI",,,,,,,,,,,,,,,,,,,,,"POINT (1053580247 41066851982)"
"2020/2021","2020","43009242","Escola L'Antina","1","Públic","01","Departament d'Educació","pg. Miramar, 190-200","43830","977642496","0143","Tarragona","36","Tarragonès","43153","431536","Torredembarra","00",,"04","Torredembarra","384527.770","4561369.170","1.622931849","41.195458034","e3009242@xtec.cat","http://www.escolaantina.cat",,,"EINF2C","EPRI",,,,,,,,,,,,,,,,,,,,,,,,,,,,,,,"POINT (1622931849 41195458034)"
"2020/2021","2020","43009643","Llar d'infants El Cirerer","1","Públic","04","Corporacions Locals","c. Camí de l'Era, 52-54","43830","977642535","0143","Tarragona","36","Tarragonès","43153","431536","Torredembarra","00",,"04","Torredembarra","290735.813","4520113.910","0.519165223","40.805375908","e3009643@xtec.cat","http://www.xtec.cat/centres/e3009643",,"EINF1C",,,,,,,,,,,,,,,,,,,,,,,,,,,,,,,,,"POINT (519165223 40805375908)"
"2020/2021","2020","43009746","Esc. de Música Municipal de Torredembarra","1","Públic","04","Corporacions Locals","c. Alt de Sant Pere, 35","43830","977644308","0143","Tarragona","36","Tarragonès","43153","431536","Torredembarra","00",,"04","Torredembarra","346449.467","4582945.478","1.163581885","41.383389745","e3009746@xtec.cat",,,,,,,,,,,,,,,,,,,,,,,,,,,,,"MUSE",,,,,,,"POINT (1163581885 41383389745)"
"2020/2021","2020","43010918","Escola de Dansa Centrescènic","2","Privat","27","Societats Civils","c. Eduard Benot, 11/c. Carnisseria, 9","43830",,"0143","Tarragona","36","Tarragonès","43153","431536","Torredembarra","00",,"04","Torredembarra","296312.077","4499559.602","0.591894148","40.621774986","e3010918@xtec.cat",,,,,,,,,,,,,,,,,,,,,,,,,,"DANE",,,,,,,,,,"POINT (591894148 40621774986)"
"2020/2021","2020","43011650","EB privada La Casa de les Fades","2","Privat","26","Societats Mercantils","c.Joaquim Torres Ibern, 7 local I","43830","977130810","0143","Tarragona","36","Tarragonès","43153","431536","Torredembarra","00",,"04","Torredembarra","366919.302","4556487.292","1.414074135","41.148797253","e3011650@xtec.cat",,,"EINF1C",,,,,,,,,,,,,,,,,,,,,,,,,,,,,,,,,"POINT (1414074135 41148797253)"
"2020/2021","2020","43012253","Llar d'infants Els Gegants de la Torre","1","Públic","04","Corporacions Locals","c. de les Escoles, s/n","43830",,"0143","Tarragona","36","Tarragonès","43153","431536","Torredembarra","00",,"04","Torredembarra","306977.302","4510498.738","0.714524715","40.722804206","e3012253@xtec.cat",,,"EINF1C",,,,,,,,,,,,,,,,,,,,,,,,,,,,,,,,,"POINT (714524715 40722804206)"
"2020/2021","2020","43012794","Centre d'Estudis Eqüestres Torredembarra","2","Privat","26","Societats Mercantils","ctra. La Riera, s/n","43830","977640282","0143","Tarragona","36","Tarragonès","43153","431536","Torredembarra","00",,"04","Torredembarra","365303.671","4556261.978","1.394877297","41.146501773","e3012794@xtec.cat",,,,,,,,,"CFPM",,,,,,,,,,,,,,,,,,,,,,,"TEGM","TEGS",,,"POINT (1394877297 41146501773)"
"2020/2021","2020","43004864","Escola Pere Virgili","1","Públic","01","Departament d'Educació","pl. de la Pau, s/n","43141","977840353","0143","Tarragona","36","Tarragonès","43166","431665","Vilallonga del Camp","00",,"01","Vilallonga del Camp","301066.548","4562752.276","0.627807751","41.191712217","e3004864@xtec.cat","http://escolaperevirgili.blogspot.com",,,"EINF2C","EPRI",,,,,,,,,,,,,,,,,,,,,,,,,,,,,,,"POINT (627807751 41191712217)"
"2020/2021","2020","43010104","Llar d'infants Patufet","1","Públic","04","Corporacions Locals","rbla. Mare de Déu del Roser/pl.de la Pau","43141","977842062","0143","Tarragona","36","Tarragonès","43166","431665","Vilallonga del Camp","00",,"01","Vilallonga del Camp","379814.578","4562134.530","1.566590629","41.201664471","e3010104@xtec.cat","http://www.xtec.cat/centres/e3010104",,"EINF1C",,,,,,,,,,,,,,,,,,,,,,,,,,,,,,,,,"POINT (1566590629 41201664471)"
"2020/2021","2020","43004979","Escola Torroja i Miret","1","Públic","01","Departament d'Educació","c. Tarragona, 9","43480","977390616","0143","Tarragona","36","Tarragonès","43171","431711","Vila-seca","00",,"05","Vila-seca de Solcina","363545.075","4565342.070","1.371904332","41.227967826","e3004979@xtec.cat","http://agora.xtec.cat/ceip-torrojaimiret/",,,"EINF2C","EPRI",,,,,,,,,,,,,,,,,,,,,,,,,,,,,,,"POINT (1371904332 41227967826)"
"2020/2021","2020","43005005","Escola Sant Bernat Calvó","1","Públic","01","Departament d'Educació","c. Requet de Fèlix, 22","43480","977391921","0143","Tarragona","36","Tarragonès","43171","431711","Vila-seca","00",,"05","Vila-seca de Solcina","288568.254","4520449.769","0.493378233","40.807843414","e3005005@xtec.cat","http://agora.xtec.cat/escolasantbernat/",,,"EINF2C","EPRI",,,,,,,,,,,,,,,,,,,,,,,,,,,,,,,"POINT (493378233 40807843414)"
"2020/2021","2020","43005947","Escola Cal·lípolis","1","Públic","01","Departament d'Educació","c. Alfredo Kraus, 22","43481","977371711","0143","Tarragona","36","Tarragonès","43171","431711","Vila-seca","00",,"01","Platja de la Pineda","307686.595","4510241.550","0.722995672","40.720655054","e3005947@xtec.cat","http://agora.xtec.cat/ceipcal-lipolis/",,,"EINF2C","EPRI",,,,,,,,,,,,,,,,,,,,,,,,,,,,,,,"POINT (722995672 40720655054)"
"2020/2021","2020","43005972","Institut Ramon Barbat i Miracle","1","Públic","01","Departament d'Educació","av. de l'Alcalde Pere Molas, s/n","43480","977391379","0143","Tarragona","36","Tarragonès","43171","431711","Vila-seca","00",,"05","Vila-seca de Solcina","376340.729","4563577.999","1.524880236","41.214139732","e3005972@xtec.cat","https://agora.xtec.cat/ies-ramonbarbat-vilaseca",,,,,"ESO","BATX",,"CFPM",,,"CFPS",,,,,,,,,,,,,,,,,,,,,,,,"POINT (1524880236 41214139732)"
"2020/2021","2020","43006241","Escola La Plana","1","Públic","01","Departament d'Educació","Camí Mas de la Cuca, s/n","43480","977391819","0143","Tarragona","36","Tarragonès","43171","431711","Vila-seca","00",,"02","La Plana","340552.241","4558935.872","1.099372002","41.166088483","e3006241@xtec.cat","https://sites.google.com/a/xtec.cat/escolalaplana/",,,"EINF2C","EPRI",,,,,,,,,,,,,,,,,,,,,,,,,,,,,,,"POINT (1099372002 41166088483)"
"2020/2021","2020","43006289","Cons. de Música de Vila-seca","1","Públic","04","Corporacions Locals","av. de la Generalitat, 27","43480","977392368","0143","Tarragona","36","Tarragonès","43171","431711","Vila-seca","00",,"05","Vila-seca de Solcina","295989.751","4499593.607","0.588075635","40.622001564","e3006289@xtec.cat","https://www.vila-secamusica.cat",,,,,,,,,,,,,,,,,,,,,,,,,,,,,"MUSP",,,,,,"POINT (588075635 40622001564)"
"2020/2021","2020","43006332","Escola Mestral","1","Públic","01","Departament d'Educació","c. Santiago Rusiñol, s/n","43480","977391820","0143","Tarragona","36","Tarragonès","43171","431711","Vila-seca","00",,"05","Vila-seca de Solcina","295389.625","4509489.671","0.577764245","40.710924771","e3006332@xtec.cat","http://agora.xtec.cat/escolamestralvila-seca/",,,"EINF2C","EPRI",,,,,,,,,,,,,,,,,,,,,,,,,,,,,,,"POINT (577764245 40710924771)"
"2020/2021","2020","43008158","LLI privada Pineda","2","Privat","21","Cooperatives","c. Jacint Verdaguer, 6","43480","977391713","0143","Tarragona","36","Tarragonès","43171","431711","Vila-seca","00",,"05","Vila-seca de Solcina","345725.150","4581987.760","1.155167325","41.374628896","e3008158@xtec.cat","http://www.xtec.cat/centres/e3008158",,"EINF1C",,,,,,,,,,,,,,,,,,,,,,,,,,,,,,,,,"POINT (1155167325 41374628896)"
"2020/2021","2020","43008523","Institut Vila-seca","1","Públic","01","Departament d'Educació","av. de l'Alcalde Pere Molas, s/n","43480","977394244","0143","Tarragona","36","Tarragonès","43171","431711","Vila-seca","00",,"05","Vila-seca de Solcina","341327.286","4557637.949","1.108941792","41.154555232","e3008523@xtec.cat","http://agora.xtec.cat/iesvila-seca",,,,,"ESO","BATX",,,,,,,,"PFI",,,,,,,,,,,,,,,,,,,,,"POINT (1108941792 41154555232)"
"2020/2021","2020","43008742","Esc. de Música Municipal de Vila-seca","1","Públic","04","Corporacions Locals","av. de la Generalitat, 27","43480","977392368","0143","Tarragona","36","Tarragonès","43171","431711","Vila-seca","00",,"05","Vila-seca de Solcina","381003.128","4570511.047","1.579128812","41.277271313","e3008742@xtec.cat",,,,,,,,,,,,,,,,,,,,,,,,,,,,,"MUSE",,,,,,,"POINT (1579128812 41277271313)"
"2020/2021","2020","43010086","CFA Vilaseca","1","Públic","01","Departament d'Educació","c. Sant Pere, 25 (cant. pl. Estudi, 1)","43480","977391811","0143","Tarragona","36","Tarragonès","43171","431711","Vila-seca","00",,"05","Vila-seca de Solcina","281223.654","4533386.121","0.401839436","40.922336220","e3010086@xtec.cat","http://agora.xtec.cat/cfavilaseca/",,,,,,,,,,,,,,,,,,,,,,,,,,,,,,,,,,"ADULTS","POINT (401839436 40922336220)"
"2020/2021","2020","43010426","LLI privada La Formiga","2","Privat","27","Societats Civils","c. de Sant Jordi, 25","43480","977396244","0143","Tarragona","36","Tarragonès","43171","431711","Vila-seca","00",,"05","Vila-seca de Solcina","341060.845","4584330.812","1.098805624","41.394815102","e3010426@xtec.cat","http://www.xtec.cat/centres/e3010426",,"EINF1C",,,,,,,,,,,,,,,,,,,,,,,,,,,,,,,,,"POINT (1098805624 41394815102)"
"2020/2021","2020","43010530","Escola Miramar","1","Públic","01","Departament d'Educació","c. Era del Delme, 20","43480","977396280","0143","Tarragona","36","Tarragonès","43171","431711","Vila-seca","00",,"05","Vila-seca de Solcina","340628.445","4559127.473","1.100230045","41.167828450","e3010530@xtec.cat","http://blocs.xtec.cat/escolamiramar/",,,"EINF2C","EPRI",,,,,,,,,,,,,,,,,,,,,,,,,,,,,,,"POINT (1100230045 41167828450)"
"2020/2021","2020","43011492","Escola La Canaleta","1","Públic","01","Departament d'Educació","c. d'Alfons I, 18","43480","977783565","0143","Tarragona","36","Tarragonès","43171","431711","Vila-seca","00",,"05","Vila-seca de Solcina","349982.353","4561434.855","1.211113249","41.190387961","e3011492@xtec.cat","http://www.lacanaleta.cat",,,"EINF2C","EPRI",,,,,,,,,,,,,,,,,,,,,,,,,,,,,,,"POINT (1211113249 41190387961)"
"2020/2021","2020","43011595","Llar d'infants Fartets","1","Públic","04","Corporacions Locals","c. Luis Mariano, 4","43480",,"0143","Tarragona","36","Tarragonès","43171","431711","Vila-seca","00",,"01","Platja de la Pineda","302621.382","4552768.079","0.649546375","41.102230722","e3011595@xtec.cat",,,"EINF1C",,,,,,,,,,,,,,,,,,,,,,,,,,,,,,,,,"POINT (649546375 41102230722)"
"2020/2021","2020","43012551","Llar d'infants Les Vimeteres","1","Públic","04","Corporacions Locals","c. de l'Era del Delme, s/n","43480",,"0143","Tarragona","36","Tarragonès","43171","431711","Vila-seca","00",,"05","Vila-seca de Solcina","290994.000","4519882.000","0.522304000","40.803353000","e3012551@xtec.cat",,,"EINF1C",,,,,,,,,,,,,,,,,,,,,,,,,,,,,,,,,"POINT (522304000 40803353000)"
"2020/2021","2020","43004931","Escola Santa Maria del Mar","1","Públic","01","Departament d'Educació","c. Juan Manuel Muñoz Rodriguez, 5","43840","977382302","0143","Tarragona","36","Tarragonès","43905","439057","Salou","00",,"01","Salou","360147.559","4567399.334","1.330912256","41.245911310","e3004931@xtec.cat","http://www.santamariadelmar.cat",,,"EINF2C","EPRI",,,,,,,,,,,,,,,,,,,,,,,,,,,,,,,"POINT (1330912256 41245911310)"
"2020/2021","2020","43004967","Elisabeth","2","Privat","21","Cooperatives","c. Miquel Martí i Pol, 1","43840","977383851","0143","Tarragona","36","Tarragonès","43905","439057","Salou","00",,"01","Salou","282475.078","4555137.989","0.409021927","41.118415179","e3004967@xtec.cat","http://www.escolaelisabeth.cat",,"EINF1C","EINF2C","EPRI","ESO","BATX",,,,,,,,,,,,,,,,,,,,,,,,,,,,,"POINT (409021927 41118415179)"
"2020/2021","2020","43006393","Escola Europa","1","Públic","01","Departament d'Educació","pl. de la Segregació, 2","43840","977384996","0143","Tarragona","36","Tarragonès","43905","439057","Salou","00",,"01","Salou","343598.120","4555517.847","1.136532385","41.135908513","e3006393@xtec.cat","https://agora.xtec.cat/escolaeuropa/",,,"EINF2C","EPRI",,,,,,,,,,,,,,,,,,,,,,,,,,,,,,,"POINT (1136532385 41135908513)"
"2020/2021","2020","43007026","LLI privada Nou Esplai","2","Privat","41","Persones Físiques","c. Berlín, s/n","43840","977383274","0143","Tarragona","36","Tarragonès","43905","439057","Salou","00",,"01","Salou","336678.379","4585239.762","1.046167258","41.402119888","e3007026@xtec.cat","http://www.xtec.cat/centres/e3007026",,"EINF1C",,,,,,,,,,,,,,,,,,,,,,,,,,,,,,,,,"POINT (1046167258 41402119888)"
"2020/2021","2020","43007518","Esc. de Música Municipal","1","Públic","04","Corporacions Locals","c. advocat Gallego, 2/arquit.Ubach, 1","43840","977381008","0143","Tarragona","36","Tarragonès","43905","439057","Salou","00",,"01","Salou","385953.343","4561987.515","1.639812657","41.201228471","e3007518@xtec.cat",,,,,,,,,,,,,,,,,,,,,,,,,,,,,"MUSE",,,,,,,"POINT (1639812657 41201228471)"
"2020/2021","2020","43007543","Institut Jaume I","1","Públic","01","Departament d'Educació","c. Advocat Gallego, 6","43840","977384771","0143","Tarragona","36","Tarragonès","43905","439057","Salou","00",,"01","Salou","377437.896","4563916.534","1.537896251","41.217355114","e3007543@xtec.cat","http://www.iesjaume1.cat",,,,,"ESO","BATX",,"CFPM",,,"CFPS",,,,,,,,,,,,,,,,,,,,"TEGM","TEGS",,,"POINT (1537896251 41217355114)"
"2020/2021","2020","43009451","Escola Salou","1","Públic","01","Departament d'Educació","c. Rosa Sensat, 2","43840","977383646","0143","Tarragona","36","Tarragonès","43905","439057","Salou","00",,"01","Salou","344405.153","4552559.232","1.146892755","41.109426253","e3009451@xtec.cat","http://agora.xtec.cat/escola-salou/",,,"EINF2C","EPRI",,,,,,,,,,,,,,,,,,,,,,,,,,,,,,,"POINT (1146892755 41109426253)"
"2020/2021","2020","43010153","Escola Vora Mar","1","Públic","01","Departament d'Educació","c. Maria Castillo, s/n","43840","977352900","0143","Tarragona","36","Tarragonès","43905","439057","Salou","00",,"01","Salou","382674.236","4569465.715","1.599278034","41.268102490","e3010153@xtec.cat","http://escolavoramar.blogspot.com.es/",,,"EINF2C","EPRI",,,,,,,,,,,,,,,,,,,,,,,,,,,,,,,"POINT (1599278034 41268102490)"
"2020/2021","2020","43010347","Institut Marta Mata","1","Públic","01","Departament d'Educació","c. Domènech Sugrañes i Gras, s/n","43840","977353242","0143","Tarragona","36","Tarragonès","43905","439057","Salou","00",,"01","Salou","288247.833","4510410.763","0.492982267","40.717410216","e3010347@xtec.cat","http://institutmartamata.cat",,,,,"ESO","BATX",,,,,,,,,,,,,,,,,,,,,,,,,,,,,"POINT (492982267 40717410216)"
"2020/2021","2020","43010921","Llar d'infants La Balena Blava","1","Públic","04","Corporacions Locals","c. de Barcelona, 95","43840","977383409","0143","Tarragona","36","Tarragonès","43905","439057","Salou","00",,"01","Salou","341887.202","4557881.559","1.115548574","41.156857819","e3010921@xtec.cat",,,"EINF1C",,,,,,,,,,,,,,,,,,,,,,,,,,,,,,,,,"POINT (1115548574 41156857819)"
"2020/2021","2020","43011200","EOI de Salou","1","Públic","01","Departament d'Educació","pg. 30 d'octubre, 4","43840","977353008","0143","Tarragona","36","Tarragonès","43905","439057","Salou","00",,"01","Salou","274427.244","4552444.250","0.314250181","41.091981599","e3011200@xtec.cat",,,,,,,,,,,,,,,,,,,,,,,,,"IDI",,,,,,,,,,,"POINT (314250181 41091981599)"
"2020/2021","2020","43011765","CFA Àgora","1","Públic","04","Corporacions Locals","av. de Pau Casals, s/n","43840","977388851","0143","Tarragona","36","Tarragonès","43905","439057","Salou","00",,"01","Salou","341257.155","4557269.215","1.108201884","41.151221770","e3011765@xtec.cat","https://agora.xtec.cat/cfaagorasalou/",,,,,,,,,,,,,,,,,,,,,,,,,,,,,,,,,,"ADULTS","POINT (1108201884 41151221770)"
"2020/2021","2020","43012022","Llar d'infants Cavallet de Mar","1","Públic","04","Corporacions Locals","c. de Domènech Sugrañes i Gras","43840",,"0143","Tarragona","36","Tarragonès","43905","439057","Salou","00",,"01","Salou","352498.030","4553436.258","1.243022374","41.118832584","e3012022@xtec.cat",,,"EINF1C",,,,,,,,,,,,,,,,,,,,,,,,,,,,,,,,,"POINT (1243022374 41118832584)"
"2020/2021","2020","43012666","EIC","2","Privat","22","Fundacions","c. Salvador Espriu, s/n","43840",,"0143","Tarragona","36","Tarragonès","43905","439057","Salou","00",,"01","Salou","344607.361","4550635.516","1.149786106","41.092145026","e3012666@xtec.cat",,,"EINF1C","EINF2C","EPRI","ESO","BATX",,,,,,,,,,,,,,,,,,,,,,,,,,,,,"POINT (1149786106 41092145026)"
"2020/2021","2020","43003185","Escola La Canonja","1","Públic","01","Departament d'Educació","c. Carrasco i Formiguera, 8","43110","977545627","0143","Tarragona","36","Tarragonès","43907","439076","La Canonja","00",,"01","La Canonja","290437.495","4521170.445","0.515276909","40.814808701","e3003185@xtec.cat","http://blocs.xtec.cat/escolalacanonja/",,,"EINF2C","EPRI",,,,,,,,,,,,,,,,,,,,,,,,,,,,,,,"POINT (515276909 40814808701)"
"2020/2021","2020","43008237","LLI privada Mare de Déu de l'Esperança","2","Privat","22","Fundacions","c. Major de Masricart, 10","43110","977550550","0143","Tarragona","36","Tarragonès","43907","439076","La Canonja","00",,"01","La Canonja","353782.941","4572196.435","1.253835241","41.287976680","e3008237@xtec.cat","http://www.xtec.cat/centres/e3008237",,"EINF1C",,,,,,,,,,,,,,,,,,,,,,,,,,,,,,,,,"POINT (1253835241 41287976680)"
"2020/2021","2020","43008481","Institut Collblanc","1","Públic","01","Departament d'Educació","c. Carrasco i Formiguera, 12","43110","977551716","0143","Tarragona","36","Tarragonès","43907","439076","La Canonja","00",,"01","La Canonja","294926.887","4509725.778","0.572213664","40.712934832","e3008481@xtec.cat","http://agora.xtec.cat/iescollblanc",,,,,"ESO","BATX",,"CFPM",,,,,,"PFI",,,,,,,,,,,,,,,,,,,,,"POINT (572213664 40712934832)"
"2021/2022","2021","43000251","Escola La Portalada","1","Públic","01","Departament d'Educació","c. Portalada, 7","43893","977650323","0143","Tarragona","36","Tarragonès","43012","430120","Altafulla","00",,"01","Altafulla","363360.611","4555771.771","1.371840713","41.141762846","e3000251@xtec.cat","http://e3000251.wixsite.com/escolalaportalada",,,"EINF2C","EPRI",,,,,,,,,,,,,,,,,,,,,,,,,,,,,,,"POINT (1371840713 41141762846)"
"2021/2022","2021","43007488","Llar d'infants Francesc Blanch i Ribé","1","Públic","04","Corporacions Locals","c. de la Mainada, s/n","43893","977650008","0143","Tarragona","36","Tarragonès","43012","430120","Altafulla","00",,"01","Altafulla","363565.488","4555737.497","1.374288654","41.141488704","e3007488@xtec.cat","http://www.xtec.cat/centres/e3007488",,"EINF1C",,,,,,,,,,,,,,,,,,,,,,,,,,,,,,,,,"POINT (1374288654 41141488704)"
"2021/2022","2021","43009977","Institut d'Altafulla","1","Públic","01","Departament d'Educació","c. Camí de l'Oliverot, s/n","43893","977651662","0143","Tarragona","36","Tarragonès","43012","430120","Altafulla","00",,"01","Altafulla","363893.816","4556142.403","1.378109558","41.145189777","e3009977@xtec.cat","https://agora.xtec.cat/insaltafulla",,,,,"ESO","BATX","AA01",,,,,,,,,,,,,,,,,,,,,,,,,,,,"POINT (1378109558 41145189777)"
"2021/2022","2021","43010402","Escola El Roquissar","1","Públic","01","Departament d'Educació","c. Roquissar, 8","43893","977651969","0143","Tarragona","36","Tarragonès","43012","430120","Altafulla","00",,"01","Altafulla","363790.877","4556338.671","1.376839780","41.146939775","e3010402@xtec.cat","http://agora.xtec.cat/escolaelroquissar/",,,"EINF2C","EPRI",,,,,,,,,,,,,,,,,,,,,,,,,,,,,,,"POINT (1376839780 41146939775)"
"2021/2022","2021","43011297","Llar d'infants Hort de Pau","1","Públic","04","Corporacions Locals","c. de la Cabana-Sector PP5 l'Hort de Pau","43893",,"0143","Tarragona","36","Tarragonès","43012","430120","Altafulla","00",,"01","Altafulla","363682.524","4555331.543","1.375772886","41.137853004","e3011297@xtec.cat","0",,"EINF1C",,,,,,,,,,,,,,,,,,,,,,,,,,,,,,,,,"POINT (1375772886 41137853004)"
"2021/2022","2021","43011674","Esc. de Música Municipal d'Altafulla","1","Públic","04","Corporacions Locals","c. Sant Antoni Abat, 11-13","43893",,"0143","Tarragona","36","Tarragonès","43012","430120","Altafulla","00",,"01","Altafulla","363645.163","4555635.804","1.375260275","41.140586415","e3011674@xtec.cat","0",,,,,,,,,,,,,,,,,,,,,,,,,,,,"MUSE",,,,,,,"POINT (1375260275 41140586415)"
"2021/2022","2021","43010499","CFA Pau Casals","1","Públic","01","Departament d'Educació","Trav. Comella Moro, 15 (CP Mas Enric)","43764","977240142","0143","Tarragona","36","Tarragonès","43043","430430","El Catllar","00",,"01","El Catllar","355455.779","4556553.604","1.277504149","41.147432851","e3010499@xtec.cat","0",,,,,,,,,,,,,,,,,,,,,,,,,,,,,,,,,,"ADULTS","POINT (1277504149 41147432851)"
"2021/2022","2021","43011261","Llar d'infants L'Agulla del Catllar","1","Públic","04","Corporacions Locals","c. de França, s/n","43764",,"0143","Tarragona","36","Tarragonès","43043","430430","El Catllar","00",,"01","El Catllar","359487.238","4559513.858","1.324847324","41.174795625","e3011261@xtec.cat","0",,"EINF1C",,,,,,,,,,,,,,,,,,,,,,,,,,,,,,,,,"POINT (1324847324 41174795625)"
"2021/2022","2021","43012745","The British School of Costa Daurada","2","Privat","26","Societats Mercantils","c. del Mas de la Creu, 4","43764",,"0143","Tarragona","36","Tarragonès","43043","430430","El Catllar","00",,"01","El Catllar","358570.000","4556985.000","1.314510000","4115190.000000000","e3012745@xtec.cat","0",,,,,,,,,,,,,,,,,,,,,,,,,,,,,,,,,"ESTR",,"POINT (1314510000 4115190000000000)"
"2021/2022","2021","43012812","Institut Escola L'Agulla","1","Públic","01","Departament d'Educació","av. Catalunya, 3","43764",,"0143","Tarragona","36","Tarragonès","43043","430430","El Catllar","00",,"01","El Catllar","359895.841","4559564.265","1.329705061","41.175320227","e3012812@xtec.cat","http://www.escolalagulla.com",,,"EINF2C","EPRI","ESO",,,,,,,,,,,,,,,,,,,,,,,,,,,,,,"POINT (1329705061 41175320227)"
"2021/2022","2021","43000895","Escola Mossèn Ramon Bergadà","1","Públic","01","Departament d'Educació","c. Jaume I, s/n","43120","977521790","0143","Tarragona","36","Tarragonès","43047","430477","Constantí","00",,"01","Constantí","350512.001","4557161.356","1.218469066","41.152008976","e3000895@xtec.cat","http://agora.xtec.cat/ceipramonbergada",,,"EINF2C","EPRI",,,,,,,,,,,,,,,,,,,,,,,,,,,,,,,"POINT (1218469066 41152008976)"
"2021/2022","2021","43000949","Escola agrària Mas Bové","1","Públic","02","Altres Departaments","Mas Bové,ct.Reus-Morell km.4(ap.cor.527)","43120","977343289","0143","Tarragona","36","Tarragonès","43047","430477","Constantí","00",,"01","Constantí","346072.764","4559899.431","1.164901997","41.175830613","e3000949@xtec.cat","0",,,,,,,,"CFPM",,,"CFPS",,,,,,,,,,,,,,,,,,,,,,,,"POINT (1164901997 41175830613)"
"2021/2022","2021","43005893","Escola Centcelles","1","Públic","01","Departament d'Educació","c. Joan Maragall, s/n","43120","977520504","0143","Tarragona","36","Tarragonès","43047","430477","Constantí","00",,"01","Constantí","350575.927","4557404.695","1.219171247","41.154211691","e3005893@xtec.cat","http://escolacentcelles.wixsite.com/escola",,,"EINF2C","EPRI",,,,,,,,,,,,,,,,,,,,,,,,,,,,,,,"POINT (1219171247 41154211691)"
"2021/2022","2021","43007646","Institut de Constantí","1","Públic","01","Departament d'Educació","c. Onze de Setembre, s/n","43120","977524011","0143","Tarragona","36","Tarragonès","43047","430477","Constantí","00",,"01","Constantí","350461.182","4557265.583","1.217838287","41.152938031","e3007646@xtec.cat","http://agora.xtec.cat/iesconstanti",,,,,"ESO","BATX",,,,,,,,,,,,,,,,,,,,,,,,,,,,,"POINT (1217838287 41152938031)"
"2021/2022","2021","43010451","Llar d'infants Gu-gu","1","Públic","04","Corporacions Locals","pl. de les Escoles Velles, s/n","43120","977523214","0143","Tarragona","36","Tarragonès","43047","430477","Constantí","00",,"01","Constantí","350338.025","4557100.325","1.216411556","41.151427396","e3010451@xtec.cat","0",,"EINF1C",,,,,,,,,,,,,,,,,,,,,,,,,,,,,,,,,"POINT (1216411556 41151427396)"
"2021/2022","2021","43005364","Escola Les Eres","1","Públic","01","Departament d'Educació","c. Onze de Setembre, s/n","43838","977800597","0143","Tarragona","36","Tarragonès","43050","430509","Creixell","00",,"01","Creixell","368835.424","4558866.727","1.436391162","41.170535256","e3005364@xtec.cat","https://agora.xtec.cat/esc-leseresdecreixell/",,,"EINF2C","EPRI",,,,,,,,,,,,,,,,,,,,,,,,,,,,,,,"POINT (1436391162 41170535256)"
"2021/2022","2021","43009667","Llar d'infants Municipal de Creixell","1","Públic","04","Corporacions Locals","c. Coma, 30","43838","977801265","0143","Tarragona","36","Tarragonès","43050","430509","Creixell","00",,"01","Creixell","369326.572","4558201.329","1.442385978","41.164622908","e3009667@xtec.cat","http://www.xtec.cat/centres/e3009667",,"EINF1C",,,,,,,,,,,,,,,,,,,,,,,,,,,,,,,,,"POINT (1442385978 41164622908)"
"2021/2022","2021","43011649","Llar d'infants Nova Guarderia","1","Públic","04","Corporacions Locals","c. Onze de Setembre, 4","43838",,"0143","Tarragona","36","Tarragonès","43050","430509","Creixell","00",,"01","Creixell","368756.989","4558811.544","1.435468293","41.170025657","e3011649@xtec.cat","0",,"EINF1C",,,,,,,,,,,,,,,,,,,,,,,,,,,,,,,,,"POINT (1435468293 41170025657)"
"2021/2022","2021","43012241","Escola Bressol L'Estel de Mar","1","Públic","04","Corporacions Locals","c. Vendrell, 7","43838",,"0143","Tarragona","36","Tarragonès","43050","430509","Creixell","00",,"01","Creixell","369326.572","4558201.329","1.442385978","41.164622908","e3012241@xtec.cat","www.esteldemar.com",,"EINF1C",,,,,,,,,,,,,,,,,,,,,,,,,,,,,,,,,"POINT (1442385978 41164622908)"
"2021/2022","2021","43001735","Escola Ventura Gassol","1","Públic","01","Departament d'Educació","camí de Reus, 13","43760","977840209","0143","Tarragona","36","Tarragonès","43095","430957","El Morell","00",,"01","El Morell","349404.901","4561540.384","1.204204671","41.191230949","e3001735@xtec.cat","http://escolaventuragassol.blogspot.com.es/",,,"EINF2C","EPRI",,,,,,,,,,,,,,,,,,,,,,,,,,,,,,,"POINT (1204204671 41191230949)"
"2021/2022","2021","43008407","Institut El Morell","1","Públic","01","Departament d'Educació","c. César Martinell, 1","43760","977842057","0143","Tarragona","36","Tarragonès","43095","430957","El Morell","00",,"01","El Morell","349280.575","4561703.996","1.202682525","41.192680907","e3008407@xtec.cat","http://agora.xtec.cat/institutelmorell",,,,,"ESO","BATX",,,,,,,,,,,,,,,,,,,,,,,,,,,,,"POINT (1202682525 41192680907)"
"2021/2022","2021","43009931","Llar d'infants del Morell","1","Públic","04","Corporacions Locals","pl. de l'Estatut, s/n","43760","977841510","0143","Tarragona","36","Tarragonès","43095","430957","El Morell","00",,"01","El Morell","349594.885","4561442.782","1.206493096","41.190387483","e3009931@xtec.cat","http://www.xtec.cat/centres/e3009931",,"EINF1C",,,,,,,,,,,,,,,,,,,,,,,,,,,,,,,,,"POINT (1206493096 41190387483)"
"2021/2022","2021","43012231","Esc. de Música Municipal El Morell","1","Públic","04","Corporacions Locals","rbla. Maragall, 40","43760",,"0143","Tarragona","36","Tarragonès","43095","430957","El Morell","00",,"01","El Morell","349982.353","4561434.855","1.211113249","41.190387961","e3012231@xtec.cat","0",,,,,,,,,,,,,,,,,,,,,,,,,,,,"MUSE",,,,,,,"POINT (1211113249 41190387961)"
"2021/2022","2021","43005467","Escola Les Codinetes","1","Públic","01","Departament d'Educació","Raval dels Hostalets, s/n","43763","977655390","0143","Tarragona","36","Tarragonès","43097","430976","La Nou de Gaià","00",,"01","La Nou de Gaià","363814.439","4560411.865","1.376215082","41.183620223","e3005467@xtec.cat","http://agora.xtec.cat/ceiplescodinetes",,"EINF1C","EINF2C","EPRI",,,,,,,,,,,,,,,,,,,,,,,,,,,,,,,"POINT (1376215082 41183620223)"
"2021/2022","2021","43011042","Llar d'infants La Palmera","1","Públic","04","Corporacions Locals","c. Sants Cosme i Damià, 4","43763","977655258","0143","Tarragona","36","Tarragonès","43097","430976","La Nou de Gaià","00",,"01","La Nou de Gaià","363895.715","4560470.257","1.377170807","41.184159659","e3011042@xtec.cat","0",,"EINF1C",,,,,,,,,,,,,,,,,,,,,,,,,,,,,,,,,"POINT (1377170807 41184159659)"
"2021/2022","2021","43001826","Escola Sant Sebastià","1","Públic","01","Departament d'Educació","av. Catalunya, 12","43151","977610539","0143","Tarragona","36","Tarragonès","43100","431009","Els Pallaresos","00",,"05","Els Pallaresos","355098.021","4559510.916","1.272543456","41.173996334","e3001826@xtec.cat","http://agora.xtec.cat/escolasantsebastia",,,"EINF2C","EPRI",,,,,,,,,,,,,,,,,,,,,,,,,,,,,,,"POINT (1272543456 41173996334)"
"2021/2022","2021","43009564","LLI privada Can Petits","2","Privat","27","Societats Civils","c. Tarragona, 6","43151","977610658","0143","Tarragona","36","Tarragonès","43100","431009","Els Pallaresos","00",,"05","Els Pallaresos","355078.706","4559368.708","1.272346939","41.172712454","e3009564@xtec.cat","http://www.xtec.cat/centres/e3009564",,"EINF1C",,,,,,,,,,,,,,,,,,,,,,,,,,,,,,,,,"POINT (1272346939 41172712454)"
"2021/2022","2021","43010591","Escola Arquitecte Jujol","1","Públic","01","Departament d'Educació","av. Catalunya, 6","43151","977627124","0143","Tarragona","36","Tarragonès","43100","431009","Els Pallaresos","00",,"05","Els Pallaresos","355019.312","4559527.223","1.271601673","41.174129084","e3010591@xtec.cat","www.escolaarquitectejujol.cat",,,"EINF2C","EPRI",,,,,,,,,,,,,,,,,,,,,,,,,,,,,,,"POINT (1271601673 41174129084)"
"2021/2022","2021","43010748","Institut Els Pallaresos","1","Públic","01","Departament d'Educació","av. Catalunya, 12","43151","977627203","0143","Tarragona","36","Tarragonès","43100","431009","Els Pallaresos","00",,"05","Els Pallaresos","355098.021","4559510.916","1.272543456","41.173996334","e3010748@xtec.cat","https://agora.xtec.cat/ieselspallaresos",,,,,"ESO","BATX",,,,,,,,,,,,,,,,,,,,,,,,,,,,,"POINT (1272543456 41173996334)"
"2021/2022","2021","43012563","Escola Bressol Els Pallaresos","1","Públic","04","Corporacions Locals","c. Gregal, 2-4","43151",,"0143","Tarragona","36","Tarragonès","43100","431009","Els Pallaresos","00",,"05","Els Pallaresos","354697.643","4558367.451","1.268043632","41.163629072","e3012563@xtec.cat","0",,"EINF1C",,,,,,,,,,,,,,,,,,,,,,,,,,,,,,,,,"POINT (1268043632 41163629072)"
"2021/2022","2021","43007476","Llar d'infants Perafort","1","Públic","04","Corporacions Locals","av. de Catalunya, s/n","43152","977610123","0143","Tarragona","36","Tarragonès","43103","431037","Perafort","00",,"01","Perafort","353735.598","4561138.831","1.255919499","41.188409003","e3007476@xtec.cat","http://www.xtec.cat/centres/e3007476",,"EINF1C",,,,,,,,,,,,,,,,,,,,,,,,,,,,,,,,,"POINT (1255919499 41188409003)"
"2021/2022","2021","43009886","Escola Josep Veciana","1","Públic","01","Departament d'Educació","av. Catalunya, s/n","43152","977610404","0143","Tarragona","36","Tarragonès","43103","431037","Perafort","00",,"01","Perafort","353735.598","4561138.831","1.255919499","41.188409003","e3009886@xtec.cat","http://agora.xtec.cat/esc-josepveciana/",,,"EINF2C","EPRI",,,,,,,,,,,,,,,,,,,,,,,,,,,,,,,"POINT (1255919499 41188409003)"
"2021/2022","2021","43005480","Escola Mare de Déu del Lledó","1","Públic","01","Departament d'Educació","av. Guillem de Montoliu, s/n","43140","977840851","0143","Tarragona","36","Tarragonès","43109","431093","La Pobla de Mafumet","00",,"01","La Pobla de Mafumet","349723.953","4560777.677","1.208194757","41.184423143","e3005480@xtec.cat","https://agora.xtec.cat/escolamarededeudellledo/",,,"EINF2C","EPRI",,,,,,,,,,,,,,,,,,,,,,,,,,,,,,,"POINT (1208194757 41184423143)"
"2021/2022","2021","43008936","Llar d'infants L'Esquirol","1","Públic","04","Corporacions Locals","c. Marià Fortuny, s/n","43140","977842241","0143","Tarragona","36","Tarragonès","43109","431093","La Pobla de Mafumet","00",,"01","La Pobla de Mafumet","349727.435","4560939.168","1.208196608","41.185877779","e3008936@xtec.cat","http://www.xtec.cat/centres/e3008936",,"EINF1C",,,,,,,,,,,,,,,,,,,,,,,,,,,,,,,,,"POINT (1208196608 41185877779)"
"2021/2022","2021","43012186","Llar d'infants Nou Esquirol","1","Públic","04","Corporacions Locals","c. Mina de Madró, cantonada Molí Tendre","43140",,"0143","Tarragona","36","Tarragonès","43109","431093","La Pobla de Mafumet","00",,"01","La Pobla de Mafumet","349732.223","4560842.286","1.208277456","41.185006386","e3012186@xtec.cat","0",,"EINF1C",,,,,,,,,,,,,,,,,,,,,,,,,,,,,,,,,"POINT (1208277456 41185006386)"
"2021/2022","2021","43012885","CENAFE La Pobla de Mafumet","2","Privat","41","Persones Físiques","av. Generalitat, 20","43140",,"0143","Tarragona","36","Tarragonès","43109","431093","La Pobla de Mafumet","00",,"01","La Pobla de Mafumet","349777.466","4561034.916","1.208769378","41.186749131","e3012885@xtec.cat","0",,,,,,,,,,,,,,,,,,,,,,,,,,,,,,,"TEGM","TEGS",,,"POINT (1208769378 41186749131)"
"2021/2022","2021","43005145","Escola Els Ametllers","1","Públic","01","Departament d'Educació","pg. de l'Estació, 2","43761","977648259","0143","Tarragona","36","Tarragonès","43111","431114","La Pobla de Montornès","00",,"01","La Pobla de Montornès","367061.011","4560062.605","1.414986514","41.181014494","e3005145@xtec.cat","http://agora.xtec.cat/ceipelsametllers",,,"EINF2C","EPRI",,,,,,,,,,,,,,,,,,,,,,,,,,,,,,,"POINT (1414986514 41181014494)"
"2021/2022","2021","43010271","Llar d'infants Sol Solet","1","Públic","04","Corporacions Locals","av. de Catalunya, 1-3","43761","977648700","0143","Tarragona","36","Tarragonès","43111","431114","La Pobla de Montornès","00",,"01","La Pobla de Montornès","367104.630","4559743.888","1.415575569","41.178151761","e3010271@xtec.cat","http://www.xtec.cat/centres/e3010271",,"EINF1C",,,,,,,,,,,,,,,,,,,,,,,,,,,,,,,,,"POINT (1415575569 41178151761)"
"2021/2022","2021","43005157","Escola Montoliu","1","Públic","01","Departament d'Educació","c. Alzinar, s/n","43762","977655539","0143","Tarragona","36","Tarragonès","43126","431264","La Riera de Gaià","00",,"02","La Riera de Gaià","362362.166","4558695.810","1.359291624","41.167923018","e3005157@xtec.cat","www.montoliuescola.cat",,,"EINF2C","EPRI",,,,,,,,,,,,,,,,,,,,,,,,,,,,,,,"POINT (1359291624 41167923018)"
"2021/2022","2021","43010049","Llar d'infants Les Monges","1","Públic","04","Corporacions Locals","c. Doctor Pittaluga, 2","43762","977655715","0143","Tarragona","36","Tarragonès","43126","431264","La Riera de Gaià","00",,"02","La Riera de Gaià","362538.100","4558263.368","1.361485045","41.164059038","e3010049@xtec.cat","http://www.xtec.cat/centres/e3010049",,"EINF1C",,,,,,,,,,,,,,,,,,,,,,,,,,,,,,,,,"POINT (1361485045 41164059038)"
"2021/2022","2021","43002776","Escola Salvador Espriu","1","Públic","01","Departament d'Educació","c. de la Font, 3","43883","977809924","0143","Tarragona","36","Tarragonès","43131","431310","Roda de Berà","00",,"01","Roda de Berà","370133.884","4560419.730","1.451535237","41.184728589","e3002776@xtec.cat","https://agora.xtec.cat/ceip-salvador-espriu-roda/",,,"EINF2C","EPRI",,,,,,,,,,,,,,,,,,,,,,,,,,,,,,,"POINT (1451535237 41184728589)"
"2021/2022","2021","43009928","Llar d'infants Els Petitons","1","Públic","04","Corporacions Locals","c. de la Reina Sofía, 17","43883","977657009","0143","Tarragona","36","Tarragonès","43131","431310","Roda de Berà","00",,"01","Roda de Berà","370680.949","4560346.550","1.458071397","41.184157134","e3009928@xtec.cat","http://www.xtec.cat/centres/e3009928",,"EINF1C",,,,,,,,,,,,,,,,,,,,,,,,,,,,,,,,,"POINT (1458071397 41184157134)"
"2021/2022","2021","43011194","Escola El Cucurull","1","Públic","01","Departament d'Educació","c. Joan Carles I, 17","43883","977657190","0143","Tarragona","36","Tarragonès","43131","431310","Roda de Berà","00",,"01","Roda de Berà","370715.794","4560542.055","1.458445423","41.185923151","e3011194@xtec.cat","https://agora.xtec.cat/ceipelcucurull/",,,"EINF2C","EPRI",,,,,,,,,,,,,,,,,,,,,,,,,,,,,,,"POINT (1458445423 41185923151)"
"2021/2022","2021","43011418","Institut Roda de Berà","1","Públic","01","Departament d'Educació","c. de la Font, 3","43883","977657505","0143","Tarragona","36","Tarragonès","43131","431310","Roda de Berà","00",,"01","Roda de Berà","370133.884","4560419.730","1.451535237","41.184728589","e3011418@xtec.cat","http://insrdb.cat",,,,,"ESO",,,,,,,,,,,,,,,,,,,,,,,,,,,,,,"POINT (1451535237 41184728589)"
"2021/2022","2021","43005662","Escola Josep Nin","1","Públic","01","Departament d'Educació","c. Raval de cal Toni, 9","43885","977629085","0143","Tarragona","36","Tarragonès","43135","431359","Salomó","00",,"01","Salomó","363545.075","4565342.070","1.371904332","41.227967826","e3005662@xtec.cat","http://blocs.xtec.cat/escolajosepnin/",,"EINF1C","EINF2C","EPRI",,,,,,,,,,,,,,,,,,,,,,,,,,,,,,,"POINT (1371904332 41227967826)"
"2021/2022","2021","43012678","Llar d'infants El Til·ler","1","Públic","04","Corporacions Locals","av. Catalunya, 2","43885",,"0143","Tarragona","36","Tarragonès","43135","431359","Salomó","00",,"01","Salomó","363788.736","4565458.847","1.374784384","41.229060371","e3012678@xtec.cat","0",,"EINF1C",,,,,,,,,,,,,,,,,,,,,,,,,,,,,,,,,"POINT (1374784384 41229060371)"
"2021/2022","2021","43003082","Escola Guillem de Claramunt","1","Públic","01","Departament d'Educació","c. Ctra. de Vallmoll, s/n","43765","977611421","0143","Tarragona","36","Tarragonès","43144","431444","La Secuita","00",,"04","La Secuita","355663.729","4562698.575","1.278532851","41.202798539","e3003082@xtec.cat","http://blocs.xtec.cat/lasecuita",,,"EINF2C","EPRI",,,,,,,,,,,,,,,,,,,,,,,,,,,,,,,"POINT (1278532851 41202798539)"
"2021/2022","2021","43012770","Escola Bressol Municipal els Guillemets","1","Públic","04","Corporacions Locals","ctra. de Vallmoll, s/n","43765",,"0143","Tarragona","36","Tarragonès","43144","431444","La Secuita","00",,"04","La Secuita","355663.729","4562698.575","1.278532851","41.202798539","e3012770@xtec.cat","0",,"EINF1C",,,,,,,,,,,,,,,,,,,,,,,,,,,,,,,,,"POINT (1278532851 41202798539)"
"2021/2022","2021","43003136","Escola Bonavista","1","Públic","01","Departament d'Educació","c. 21, s/n","43100","977546289","0143","Tarragona","36","Tarragonès","43148","431482","Tarragona","00",,"01","Bonavista","348286.177","4554066.088","1.192720594","41.123727396","e3003136@xtec.cat","http://blocs.xtec.cat/ceipbonavista/",,,"EINF2C","EPRI",,,,,,,,,,,,,,,,,,,,,,,,,,,,,,,"POINT (1192720594 41123727396)"
"2021/2022","2021","43003151","Joan XXIII","2","Privat","23","Església Catòlica","c. Catorze, s/n","43100","977542807","0143","Tarragona","36","Tarragonès","43148","431482","Tarragona","00",,"01","Bonavista","348404.435","4553858.721","1.194179861","41.121882442","e3003151@xtec.cat","http://www.escolajoan23.com",,"EINF1C","EINF2C","EPRI","ESO","BATX","AA01","CFPM",,"AA03","CFPS",,,,,,,,,,,,,,,,,,,,,,,,"POINT (1194179861 41121882442)"
"2021/2022","2021","43003227","Escola Sant Salvador","1","Públic","01","Departament d'Educació","av. de Sant Salvador, 13","43130","977520970","0143","Tarragona","36","Tarragonès","43148","431482","Tarragona","00",,"11","Sant Salvador","352453.578","4558128.126","1.241364707","41.161069007","e3003227@xtec.cat","http://agora.xtec.cat/ceipsantsalvador-tarragona/",,,"EINF2C","EPRI",,,,,,,,,,,,,,,,,,,,,,,,,,,,,,,"POINT (1241364707 41161069007)"
"2021/2022","2021","43003306","Escola Serrallo","1","Públic","01","Departament d'Educació","c. Xavier Montsalvatge, 8","43004","977228876","0143","Tarragona","36","Tarragonès","43148","431482","Tarragona","00",,"13","Tarragona","352189.782","4552673.388","1.239535897","41.111907813","e3003306@xtec.cat","http://www.xtec.cat/ceipserrallo",,,"EINF2C","EPRI",,,,,,,,,,,,,,,,,,,,,,,,,,,,,,,"POINT (1239535897 41111907813)"
"2021/2022","2021","43003321","Escola Sant Pere i Sant Pau","1","Públic","01","Departament d'Educació","Urb. Sant Pere i Sant Pau, s/n","43007","977201227","0143","Tarragona","36","Tarragonès","43148","431482","Tarragona","00",,"13","Tarragona","353363.546","4555530.726","1.252827088","41.137847585","e3003321@xtec.cat","http://agora.xtec.cat/ceip-santperesantpau/",,,"EINF2C","EPRI",,,,,,,,,,,,,,,,,,,,,,,,,,,,,,,"POINT (1252827088 41137847585)"
"2021/2022","2021","43003410","Joan Roig","2","Privat","26","Societats Mercantils","c. Cristòfor Colom, 9","43001","977240223","0143","Tarragona","36","Tarragonès","43148","431482","Tarragona","00",,"13","Tarragona","352936.762","4553144.017","1.248315993","41.116280860","e3003410@xtec.cat","http://agora.xtec.cat/escolajoanroig/",,"EINF1C","EINF2C","EPRI","ESO",,,"CFPM",,,"CFPS",,,,,,,,,,,,,,,,,,,,,,,,"POINT (1248315993 41116280860)"
"2021/2022","2021","43003461","Tic-Tac","2","Privat","24","Ordes i Congregacions Catòlics","av. Lluís Companys, 12","43005","977214288","0143","Tarragona","36","Tarragonès","43148","431482","Tarragona","00",,"13","Tarragona","352410.109","4553621.101","1.241931144","41.120480900","e3003461@xtec.cat","http://www.tictac.lasalle.cat/",,"EINF1C","EINF2C",,,,,,,,,,,,,,,,,,,,,,,,,,,,,,,,"POINT (1241931144 41120480900)"
"2021/2022","2021","43003483","Lestonnac-l'Ensenyança","2","Privat","24","Ordes i Congregacions Catòlics","c. de l'Arc de Sant Llorenç, 2","43003","977232519","0143","Tarragona","36","Tarragonès","43148","431482","Tarragona","00",,"13","Tarragona","353864.702","4553481.143","1.259283661","41.119483805","e3003483@xtec.cat","http://lestonnactarragona.org",,"EINF1C","EINF2C","EPRI","ESO","BATX",,,,,,,,,,,,,,,,,,,,,,,,,,,,,"POINT (1259283661 41119483805)"
"2021/2022","2021","43003495","Mare de Déu del Carme","2","Privat","24","Ordes i Congregacions Catòlics","av. Estanislau Figueres, 31","43002","977220105","0143","Tarragona","36","Tarragonès","43148","431482","Tarragona","00",,"13","Tarragona","353023.739","4553375.002","1.249296246","41.118376357","e3003495@xtec.cat","http://www.carmelites.cat",,"EINF1C","EINF2C","EPRI","ESO","BATX","AA01","CFPM",,"AA03",,,,,,,,,,,,,,,,,,,,,,,,,"POINT (1249296246 41118376357)"
"2021/2022","2021","43003501","El Carme","2","Privat","24","Ordes i Congregacions Catòlics","c. del Mar, 17","43004","977212752","0143","Tarragona","36","Tarragonès","43148","431482","Tarragona","00",,"13","Tarragona","352769.999","4552526.677","1.246478510","41.110692221","e3003501@xtec.cat","http://www.elcarmetarragona.cat",,,"EINF2C","EPRI","ESO",,,,,,,,,,,,,,,,,,,,,,,,,,,,,,"POINT (1246478510 41110692221)"
"2021/2022","2021","43003525","Dominiques Tarragona","2","Privat","26","Societats Mercantils","c. Rovira i Virgili, 16","43002","977216151","0143","Tarragona","36","Tarragonès","43148","431482","Tarragona","00",,"13","Tarragona","353130.888","4553443.112","1.250555693","41.119008994","e3003525@xtec.cat","http://www.dominiques.cat",,"EINF1C","EINF2C","EPRI","ESO",,,,,,,,,,,,,,,,,,,,,,,,,,,,,,"POINT (1250555693 41119008994)"
"2021/2022","2021","43003537","La Salle","2","Privat","24","Ordes i Congregacions Catòlics","av. Països Catalans, s/n","43007","977218600","0143","Tarragona","36","Tarragonès","43148","431482","Tarragona","00",,"13","Tarragona","352763.189","4554947.873","1.245816888","41.132490999","e3003537@xtec.cat","https://tarragona.lasalle.cat/",,,"EINF2C","EPRI","ESO","BATX",,,,,"CFPS",,,,,,,,,,,,,,,,,,,,,,,,"POINT (1245816888 41132490999)"
"2021/2022","2021","43003549","Vedruna Sagrat Cor Tarragona","2","Privat","22","Fundacions","c. Santa Joaquima de Vedruna, 10","43002","977217979","0143","Tarragona","36","Tarragonès","43148","431482","Tarragona","00",,"13","Tarragona","352957.535","4553636.536","1.248445393","41.120719182","e3003549@xtec.cat","http://www.sagratcor.cat",,"EINF1C","EINF2C","EPRI","ESO","BATX",,,,,,,,,,,,,,,,,,,,,,,,,"TEGM","TEGS",,,"POINT (1248445393 41120719182)"
"2021/2022","2021","43003550","Santa Teresa de Jesús","2","Privat","22","Fundacions","rbla. Nova, 79","43003","977248800","0143","Tarragona","36","Tarragonès","43148","431482","Tarragona","00",,"13","Tarragona","353201.043","4553155.520","1.251459719","41.116432245","e3003550@xtec.cat","http://tarragona.escolateresiana.com",,,"EINF2C","EPRI","ESO","BATX",,,,,,,,,,,,,,,,,,,,,,,,,,,,,"POINT (1251459719 41116432245)"
"2021/2022","2021","43003586","Sant Pau Apòstol","2","Privat","23","Església Catòlica","pg. Torroja, 1","43007","977224314","0143","Tarragona","36","Tarragonès","43148","431482","Tarragona","00",,"13","Tarragona","353718.036","4553694.484","1.257486576","41.121378290","e3003586@xtec.cat","http://www.colsantpau.com",,"EINF1C","EINF2C","EPRI","ESO","BATX",,,,,,,,,,,,,,,,,,,,,,,,,,,,,"POINT (1257486576 41121378290)"
"2021/2022","2021","43003616","CEE San Rafael","1","Públic","04","Corporacions Locals","ctra. de Valls, 45","43007","977211758","0143","Tarragona","36","Tarragonès","43148","431482","Tarragona","00",,"13","Tarragona","352305.680","4554551.753","1.240463886","41.128841309","e3003616@xtec.cat","0",,,,,,,"AA01",,,,,"EE",,"PFI",,,,,,,,,,,,,,,,,,,,,"POINT (1240463886 41128841309)"
"2021/2022","2021","43003631","Estela","2","Privat","22","Fundacions","ctra. de Valls, s/n (Zona Educacional)","43007","977216316","0143","Tarragona","36","Tarragonès","43148","431482","Tarragona","00",,"13","Tarragona","352388.562","4555228.203","1.241288152","41.134946989","e3003631@xtec.cat","0",,,,,,,,,,,,"EE",,,,,,,,,,,,,,,,,,,,,,"ADULTS","POINT (1241288152 41134946989)"
"2021/2022","2021","43003641","Institut Antoni de Martí i Franquès","1","Públic","01","Departament d'Educació","c. Enric d'Ossó, 3","43005","977240214","0143","Tarragona","36","Tarragonès","43148","431482","Tarragona","00",,"13","Tarragona","352357.425","4553502.885","1.241332284","41.119406930","e3003641@xtec.cat","http://www.institutmartifranques.com/",,,,,"ESO","BATX",,,,,,,,,,,,,,,"ESCS",,,,,,,,,,,,,,"POINT (1241332284 41119406930)"
"2021/2022","2021","43003653","Institut Comte de Rius","1","Públic","01","Departament d'Educació","ctra. de Valls, s/n (Zona Educacional)","43007","977241384","0143","Tarragona","36","Tarragonès","43148","431482","Tarragona","00",,"13","Tarragona","352388.562","4555228.203","1.241288152","41.134946989","e3003653@xtec.cat","http://www.comtederius.cat",,,,,,"BATX","AA01","CFPM",,"AA03","CFPS",,,,,,,,,,,,,,,,,,,,,,,,"POINT (1241288152 41134946989)"
"2021/2022","2021","43003690","Escola de Pràctiques","1","Públic","01","Departament d'Educació","ctra. Valls, s/n(Zona Educacional)","43007","977217711","0143","Tarragona","36","Tarragonès","43148","431482","Tarragona","00",,"13","Tarragona","352388.562","4555228.203","1.241288152","41.134946989","e3003690@xtec.cat","https://agora.xtec.cat/ceip-practiques-tarragona/",,,"EINF2C","EPRI",,,,,,,,,,,,,,,,,,,,,,,,,,,,,,,"POINT (1241288152 41134946989)"
"2021/2022","2021","43003707","Mare Nostrum","2","Privat","26","Societats Mercantils","Camí Nou de la Budellera, s/n","43007","977290613","0143","Tarragona","36","Tarragonès","43148","431482","Tarragona","00",,"13","Tarragona","355700.869","4554092.427","1.281002361","41.125316139","e3003707@xtec.cat","http://www.cole-marenostrum.com",,,"EINF2C","EPRI","ESO",,,,,,,,,,,,,,,,,,,,,,,,,,,,,,"POINT (1281002361 41125316139)"
"2021/2022","2021","43003719","Espallargas","2","Privat","26","Societats Mercantils","c. Castellers, 1-3-5-7-9","43002","977230751","0143","Tarragona","36","Tarragonès","43148","431482","Tarragona","00",,"13","Tarragona","353265.919","4553688.528","1.252104766","41.121243094","e3003719@xtec.cat","http://www.escolaespallargas.com",,,,,,,,"CFPM",,,"CFPS",,,"PFI",,,,,,,,,,,,,,,,,,,,,"POINT (1252104766 41121243094)"
"2021/2022","2021","43003720","Escola El Miracle","1","Públic","01","Departament d'Educació","pl. del Cardenal Arce Ochotorena, s/n","43003","977239922","0143","Tarragona","36","Tarragonès","43148","431482","Tarragona","00",,"13","Tarragona","353878.737","4552946.554","1.259577953","41.114672946","e3003720@xtec.cat","http://blocs.xtec.cat/elmiracle/",,,"EINF2C","EPRI",,,,,,,,,,,,,,,,,,,,,,,,,,,,,,,"POINT (1259577953 41114672946)"
"2021/2022","2021","43003732","Institut Pons d'Icart","1","Públic","01","Departament d'Educació","c. Assalt, 4","43003","977237927","0143","Tarragona","36","Tarragonès","43148","431482","Tarragona","00",,"13","Tarragona","353293.656","4553219.485","1.252547074","41.117024907","e3003732@xtec.cat","http://www.instiutponsdicart.cat",,,,,"ESO","BATX",,,,,,,,,,,,,,,,,,,,,,,,,,,,,"POINT (1252547074 41117024907)"
"2021/2022","2021","43003756","Escola Torreforta","1","Públic","01","Departament d'Educació","c. Tortosa, 49","43006","977543408","0143","Tarragona","36","Tarragonès","43148","431482","Tarragona","00",,"14","Torreforta","350331.412","4553677.733","1.217167604","41.120610343","e3003756@xtec.cat","http://agora.xtec.cat/escola-torreforta/",,,"EINF2C","EPRI",,,,,,,,,,,,,,,,,,,,,,,,,,,,,,,"POINT (1217167604 41120610343)"
"2021/2022","2021","43003768","Escola Els Àngels","1","Públic","01","Departament d'Educació","c. Menorca, 24","43006","977454654","0143","Tarragona","36","Tarragonès","43148","431482","Tarragona","00",,"14","Torreforta","349915.314","4553806.094","1.212182025","41.121689261","e3003768@xtec.cat","http://www.escolaelsangels.cat",,,"EINF2C","EPRI",,,,,,,,,,,,,,,,,,,,,,,,,,,,,,,"POINT (1212182025 41121689261)"
"2021/2022","2021","43003793","La Salle Torreforta","2","Privat","24","Ordes i Congregacions Catòlics","c. Sant Benilde, 15","43006","977543209","0143","Tarragona","36","Tarragonès","43148","431482","Tarragona","00",,"14","Torreforta","349955.096","4553598.231","1.212706479","41.119825085","e3003793@xtec.cat","http://www.torreforta.lasalle.cat/",,,"EINF2C","EPRI","ESO",,,"CFPM",,,,,,,,,,,,,,,,,,,,,,,,,,,"POINT (1212706479 41119825085)"
"2021/2022","2021","43005169","Escola Pau Delclòs","1","Públic","01","Departament d'Educació","c. Méndez Núñez, 14","43004","977234316","0143","Tarragona","36","Tarragonès","43148","431482","Tarragona","00",,"13","Tarragona","353290.043","4552920.727","1.252575418","41.114334287","e3005169@xtec.cat","http://escolapaudelclos@xtec.cat",,,"EINF2C","EPRI",,,,,,,,,,,,,,,,,,,,,,,,,,,,,,,"POINT (1252575418 41114334287)"
"2021/2022","2021","43005170","Escola La Floresta","1","Públic","01","Departament d'Educació","Urbanització la Floresta","43006","977547807","0143","Tarragona","36","Tarragonès","43148","431482","Tarragona","00",,"14","Torreforta","350016.081","4554205.578","1.213284235","41.125304701","e3005170@xtec.cat","http://agora.xtec.cat/esc-lafloresta/",,,"EINF2C","EPRI",,,,,,,,,,,,,,,,,,,,,,,,,,,,,,,"POINT (1213284235 41125304701)"
"2021/2022","2021","43005686","Escola Riu Clar","1","Públic","01","Departament d'Educació","Urbanització Riu Clar, s/n","43006","977548109","0143","Tarragona","36","Tarragonès","43148","431482","Tarragona","00",,"14","Torreforta","350982.646","4553567.136","1.224948289","41.119734324","e3005686@xtec.cat","https://agora.xtec.cat/ceip-rct/",,,"EINF2C","EPRI",,,,,,,,,,,,,,,,,,,,,,,,,,,,,,,"POINT (1224948289 41119734324)"
"2021/2022","2021","43005704","Institut Francesc Vidal i Barraquer","1","Públic","01","Departament d'Educació","av. Lluís Companys, 1","43005","977212836","0143","Tarragona","36","Tarragonès","43148","431482","Tarragona","00",,"13","Tarragona","352570.697","4553569.454","1.243855587","41.120045048","e3005704@xtec.cat","https://www.vidalibarraquer.net/",,,,,"ESO","BATX",,"CFPM",,"AA03","CFPS",,,,,,,,,,,,,,,,,,,,,,,,"POINT (1243855587 41120045048)"
"2021/2022","2021","43005731","La Muntanyeta","2","Privat","31","Associacions","c.Muntanyeta S.Pere/ctra. Pallaresos Km1","43007","977217604","0143","Tarragona","36","Tarragonès","43148","431482","Tarragona","00",,"13","Tarragona","353306.241","4554855.431","1.252306035","41.131756989","e3005731@xtec.cat","0",,,,,,,,,,,,"EE",,,,,,,,,,,,,,,,,,,,,,,"POINT (1252306035 41131756989)"
"2021/2022","2021","43005911","Escola Campclar","1","Públic","01","Departament d'Educació","Urbanització Verge del Pilar, s/n","43006","977548280","0143","Tarragona","36","Tarragonès","43148","431482","Tarragona","00",,"14","Torreforta","349822.104","4553176.771","1.211226118","41.116005824","e3005911@xtec.cat","http://www.xtec.cat/ceip-campclar",,,"EINF2C","EPRI",,,,,,,,,,,,,,,,,,,,,,,,,,,,,,,"POINT (1211226118 41116005824)"
"2021/2022","2021","43005959","Escola Cèsar August","1","Públic","01","Departament d'Educació","c. Joan Bta. Plana, 9","43005","977230352","0143","Tarragona","36","Tarragonès","43148","431482","Tarragona","00",,"13","Tarragona","352076.682","4553673.027","1.237948700","41.120887765","e3005959@xtec.cat","http://agora.xtec.cat/ceipcesaraugust/",,,"EINF2C","EPRI",,,,,,,,,,,,,,,,,,,,,,,,,,,,,,,"POINT (1237948700 41120887765)"
"2021/2022","2021","43006125","Institut Campclar","1","Públic","01","Departament d'Educació","Rambla de Ponent, 66","43006","977541007","0143","Tarragona","36","Tarragonès","43148","431482","Tarragona","00",,"13","Tarragona","349863.320","4554052.525","1.211502708","41.123898433","e3006125@xtec.cat","http://www.inscampclar.cat",,,,,"ESO","BATX","AA01","CFPM",,,,,,"PFI",,,,,,,,,,,,,,,,,,,,,"POINT (1211502708 41123898433)"
"2021/2022","2021","43006162","Solc","2","Privat","21","Cooperatives","c. Apodaca, 3","43004","977554375","0143","Tarragona","36","Tarragonès","43148","431482","Tarragona","00",,"13","Tarragona","353130.557","4552761.001","1.250714847","41.112867308","e3006162@xtec.cat","https://sites.google.com/view/ceepsirsolc/home",,,,,,,,,,,,"EE",,,,,,,,,,,,,,,,,,,,,,,"POINT (1250714847 41112867308)"
"2021/2022","2021","43006253","EASD de Tarragona","1","Públic","04","Corporacions Locals","ctra.de Valls, s/n,Zona Educacional","43007","977211253","0143","Tarragona","36","Tarragonès","43148","431482","Tarragona","00",,"13","Tarragona","350665.044","4553145.978","1.221269246","41.115884000","e3006253@xtec.cat","http://www.dipta.cat/eadt",,,,,,,,,,,,,,,,,,"CFAS","ESDI",,,,,,,,,,,,,,,,"POINT (1221269246 41115884000)"
"2021/2022","2021","43006265","Escola de Dansa Artemis","2","Privat","41","Persones Físiques","ptge. Cobos, 5-7","43001","977218626","0143","Tarragona","36","Tarragonès","43148","431482","Tarragona","00",,"13","Tarragona","353037.674","4553148.136","1.249516438","41.116336213","e3006265@xtec.cat","0",,,,,,,,,,,,,,,,,,,,,,,,,"DANE",,,,,,,,,,"POINT (1249516438 41116336213)"
"2021/2022","2021","43006277","Cons. de Música de Tarragona","1","Públic","04","Corporacions Locals","c. Cavallers, 10","43003","977235830","0143","Tarragona","36","Tarragonès","43148","431482","Tarragona","00",,"13","Tarragona","353575.720","4553288.115","1.255888949","41.117693752","e3006277@xtec.cat","https://www.dipta.cat/cmtarragona",,,,,,,,,,,,,,,,,,,,,,,,,,,,,"MUSP",,,,,,"POINT (1255888949 41117693752)"
"2021/2022","2021","43006563","Escola Marcel·lí Domingo","1","Públic","01","Departament d'Educació","ctra. Pallaresos (Ub. S. Pere i S.Pau)","43007","977225465","0143","Tarragona","36","Tarragonès","43148","431482","Tarragona","00",,"13","Tarragona","352923.176","4555674.343","1.247548000","41.139061000","e3006563@xtec.cat","http://blocs.xtec.cat/escolamdomingo",,,"EINF2C","EPRI",,,,,,,,,,,,,,,,,,,,,,,,,,,,,,,"POINT (1247548000 41139061000)"
"2021/2022","2021","43006630","Institut Pere Martell","1","Públic","01","Departament d'Educació","Autovia de Salou, s/n","43006","977556338","0143","Tarragona","36","Tarragonès","43148","431482","Tarragona","00",,"13","Tarragona","352162.348","4552414.578","1.239271570","41.109572546","e3006630@xtec.cat","http://www.institutperemartell.cat",,,,,,"BATX","AA01","CFPM",,"AA03","CFPS",,,"PFI",,,,,,,,,,,,,,,,,,,,,"POINT (1239271570 41109572546)"
"2021/2022","2021","43006940","EOI de Tarragona","1","Públic","01","Departament d'Educació","C. Smith, 55","43001","977226936","0143","Tarragona","36","Tarragonès","43148","431482","Tarragona","00",,"13","Tarragona","352690.158","4552669.409","1.245493795","41.111962883","e3006940@xtec.cat","0",,,,,,,,,,,,,,,,,,,,,,,,"IDI",,,,,,,,,,,"POINT (1245493795 41111962883)"
"2021/2022","2021","43007051","CFA Josepa Massanés i Dalmau","1","Públic","01","Departament d'Educació","c. Fra Antoni Cardona i Grau, s/n","43002","977237860","0143","Tarragona","36","Tarragonès","43148","431482","Tarragona","00",,"13","Tarragona","353382.633","4553785.059","1.253471398","41.122133326","e3007051@xtec.cat","0",,,,,,,"AA01",,,,,,,,,,,,,,,,,,,,,,,,,,,"ADULTS","POINT (1253471398 41122133326)"
"2021/2022","2021","43007117","Escola Pax","1","Públic","01","Departament d'Educació","av. Josep Gramunt i Subiela, 55-57","43007","977217757","0143","Tarragona","36","Tarragonès","43148","431482","Tarragona","00",,"13","Tarragona","352986.201","4554160.201","1.248661321","41.125439367","e3007117@xtec.cat","http://agora.xtec.cat/ceippax/",,,"EINF2C","EPRI",,,,,,,,,,,,,,,,,,,,,,,,,,,,,,,"POINT (1248661321 41125439367)"
"2021/2022","2021","43007713","Llar d'infants El Ninot","1","Públic","04","Corporacions Locals","c. Riu Onyar, s/n (Campclar)","43006","977550230","0143","Tarragona","36","Tarragonès","43148","431482","Tarragona","00",,"14","Torreforta","349491.968","4553193.672","1.207291550","41.116096885","e3007713@xtec.cat","https://blocs.xtec.cat/llardinfantsmunicipalelninot/",,"EINF1C",,,,,,,,,,,,,,,,,,,,,,,,,,,,,,,,,"POINT (1207291550 41116096885)"
"2021/2022","2021","43007725","Llar d'infants La Taronja","1","Públic","04","Corporacions Locals","c. Riu Llobregat, s/n (Campclar)","43006","977550220","0143","Tarragona","36","Tarragonès","43148","431482","Tarragona","00",,"14","Torreforta","349269.367","4553234.279","1.204631418","41.116421215","e3007725@xtec.cat","http://www.xtec.cat/centres/e3007725",,"EINF1C",,,,,,,,,,,,,,,,,,,,,,,,,,,,,,,,,"POINT (1204631418 41116421215)"
"2021/2022","2021","43007853","Llar d'infants La Baldufa","1","Públic","01","Departament d'Educació","ctra. de València, s/n(barri del Pilar)","43006","977540609","0143","Tarragona","36","Tarragonès","43148","431482","Tarragona","00",,"13","Tarragona","349998.348","4553190.708","1.213320981","41.116163879","e3007853@xtec.cat","http://llarinfantslabaldufa.blogspot.com",,"EINF1C",,,,,,,,,,,,,,,,,,,,,,,,,,,,,,,,,"POINT (1213320981 41116163879)"
"2021/2022","2021","43007981","Bao Bab","2","Privat","21","Cooperatives","Via Augusta, 34","43003","977238832","0143","Tarragona","36","Tarragonès","43148","431482","Tarragona","00",,"13","Tarragona","354017.915","4553160.656","1.261184058","41.116625723","e3007981@xtec.cat","http://www.xtec.cat/centres/e3007981",,"EINF1C",,,,,,,,,,,,,,,,,,,,,,,,,,,,,,,,,"POINT (1261184058 41116625723)"
"2021/2022","2021","43008390","Institut Torreforta","1","Públic","01","Departament d'Educació","c. Móra d'Ebre, s/n","43006","977545721","0143","Tarragona","36","Tarragonès","43148","431482","Tarragona","00",,"13","Tarragona","350193.148","4553908.303","1.215465132","41.122660824","e3008390@xtec.cat","https://agora.xtec.cat/instorreforta",,,,,"ESO","BATX",,,,,,,,,,,,,,,,,,,,,,,,,,,,,"POINT (1215465132 41122660824)"
"2021/2022","2021","43008432","Institut Sant Pere i Sant Pau","1","Públic","01","Departament d'Educació","c. de l'Institut, s/n","43007","977213248","0143","Tarragona","36","Tarragonès","43148","431482","Tarragona","00",,"10","Sant Pere i Sant Pau","352956.809","4555735.671","1.247933864","41.139619276","e3008432@xtec.cat","http://www.xtec.cat/iesspsp",,,,,"ESO","BATX",,,,,,,,,,,,,,,,,,,,,,,,,,,,,"POINT (1247933864 41139619276)"
"2021/2022","2021","43008501","Institut Pont del Diable","1","Públic","01","Departament d'Educació","av. de Sant Salvador, 17-A","43130","977523011","0143","Tarragona","36","Tarragonès","43148","431482","Tarragona","00",,"11","Sant Salvador","352445.488","4558311.844","1.241224083","41.162721690","e3008501@xtec.cat","http://www.institutpontdeldiable.cat",,,,,"ESO",,,"CFPM",,,,,,,,,,,,,,,,,,,,,,,,,,,"POINT (1241224083 41162721690)"
"2021/2022","2021","43008560","Àngel de la Guarda","2","Privat","27","Societats Civils","c. Prat de la Riba, 18","43001","977221322","0143","Tarragona","36","Tarragonès","43148","431482","Tarragona","00",,"13","Tarragona","352796.520","4553109.294","1.246654629","41.115942818","e3008560@xtec.cat","http://www.xtec.cat/centres/e3008560",,"EINF1C",,,,,,,,,,,,,,,,,,,,,,,,,,,,,,,,,"POINT (1246654629 41115942818)"
"2021/2022","2021","43008687","LLI privada Yo-Ni","2","Privat","21","Cooperatives","c. Rovira i Virgili, 54","43007","977220625","0143","Tarragona","36","Tarragonès","43148","431482","Tarragona","00",,"13","Tarragona","353311.036","4553991.463","1.252569590","41.123978826","e3008687@xtec.cat","http://www.xtec.cat/centres/e3008687",,"EINF1C",,,,,,,,,,,,,,,,,,,,,,,,,,,,,,,,,"POINT (1252569590 41123978826)"
"2021/2022","2021","43008729","CFA Tarragona","1","Públic","01","Departament d'Educació","Perllongació carrer B,s/n(Barri Riu Clar","43006","977551888","0143","Tarragona","36","Tarragonès","43148","431482","Tarragona","00",,"13","Tarragona","349143.399","4552936.288","1.203204888","41.113714829","e3008729@xtec.cat","http://agora.xtec.cat/cfatarragona",,,,,,,,,,,,,,,,,,,,,,,,,,,,,,,,,,"ADULTS","POINT (1203204888 41113714829)"
"2021/2022","2021","43008766","Esc. de Música Municipal","1","Públic","04","Corporacions Locals","c. Armanyà, 10","43003","977245236","0143","Tarragona","36","Tarragonès","43148","431482","Tarragona","00",,"13","Tarragona","353333.699","4552914.205","1.253096716","41.114283442","e3008766@xtec.cat","0",,,,,,,,,,,,,,,,,,,,,,,,,,,,"MUSE",,,,,,,"POINT (1253096716 41114283442)"
"2021/2022","2021","43008778","CFA Fòrum","1","Públic","04","Corporacions Locals","av. Ramon i Cajal, 70","43001","977242833","0143","Tarragona","36","Tarragonès","43148","431482","Tarragona","00",,"13","Tarragona","352405.000","4553119.000","1.242008000","41.115998000","e3008778@xtec.cat","0",,,,,,,,,,,,,,,,,,,,,,,,,,,,,,,,,,"ADULTS","POINT (1242008000 41115998000)"
"2021/2022","2021","43008791","Esc. de Música de la Diputació de Tarragona","1","Públic","04","Corporacions Locals","c. Cavallers, 10","43003","977235830","0143","Tarragona","36","Tarragonès","43148","431482","Tarragona","00",,"13","Tarragona","353575.720","4553288.115","1.255888949","41.117693752","e3008791@xtec.cat","0",,,,,,,,,,,,,,,,,,,,,,,,,,,,"MUSE",,,,,,,"POINT (1255888949 41117693752)"
"2021/2022","2021","43008997","LLI privada El Niuet","2","Privat","41","Persones Físiques","c. Muntanya Sant Pere, 15(Urb.Pedrol)","43007","977203020","0143","Tarragona","36","Tarragonès","43148","431482","Tarragona","00",,"13","Tarragona","353250.187","4554941.128","1.251618019","41.132518462","e3008997@xtec.cat","http://www.xtec.cat/centres/e3008997",,"EINF1C",,,,,,,,,,,,,,,,,,,,,,,,,,,,,,,,,"POINT (1251618019 41132518462)"
"2021/2022","2021","43009175","L'Alba i La Cigonya","2","Privat","26","Societats Mercantils","c. Reding, 6","43001","977214108","0143","Tarragona","36","Tarragonès","43148","431482","Tarragona","00",,"13","Tarragona","353162.449","4552940.561","1.251051605","41.114489812","e3009175@xtec.cat","http://www.xtec.cat/centres/e3009175",,"EINF1C","EINF2C",,,,,,,,,,,,,,,,,,,,,,,,,,,,,,,,"POINT (1251051605 41114489812)"
"2021/2022","2021","43009230","Escola Tarragona","1","Públic","01","Departament d'Educació","c. Guillem Oliver, 3","43005","977232947","0143","Tarragona","36","Tarragonès","43148","431482","Tarragona","00",,"13","Tarragona","352046.592","4554330.576","1.237431986","41.126802702","e3009230@xtec.cat","http://escola-tarrgona.blogspot.com.es",,,"EINF2C","EPRI",,,,,,,,,,,,,,,,,,,,,,,,,,,,,,,"POINT (1237431986 41126802702)"
"2021/2022","2021","43009369","Escola Saavedra","1","Públic","01","Departament d'Educació","Via de l'Imperi, 1","43003","977237619","0143","Tarragona","36","Tarragonès","43148","431482","Tarragona","00",,"13","Tarragona","353346.270","4553304.893","1.253153097","41.117803413","e3009369@xtec.cat","http://agora.xtec.cat/ceipsaavedra/",,,"EINF2C","EPRI",,,,,,,,,,,,,,,,,,,,,,,,,,,,,,,"POINT (1253153097 41117803413)"
"2021/2022","2021","43009539","LLI privada Baobad-rosa","2","Privat","21","Cooperatives","Via Augusta, 74","43003","977218279","0143","Tarragona","36","Tarragonès","43148","431482","Tarragona","00",,"13","Tarragona","354643.673","4553409.259","1.268575462","41.118976370","e3009539@xtec.cat","http://www.xtec.cat/centres/e3009539",,"EINF1C",,,,,,,,,,,,,,,,,,,,,,,,,,,,,,,,,"POINT (1268575462 41118976370)"
"2021/2022","2021","43009576","Esc. de Música Estudi de Música","2","Privat","21","Cooperatives","ptge. Cobos, 3","43001","977231720","0143","Tarragona","36","Tarragonès","43148","431482","Tarragona","00",,"13","Tarragona","353031.561","4553138.331","1.249446004","41.116246824","e3009576@xtec.cat","0",,,,,,,,,,,,,,,,,,,,,,,,,,,,"MUSE",,,,,,,"POINT (1249446004 41116246824)"
"2021/2022","2021","43009722","Institut Cal·lípolis","1","Públic","01","Departament d'Educació","Autovia de Salou, s/n","43006","977544202","0143","Tarragona","36","Tarragonès","43148","431482","Tarragona","00",,"13","Tarragona","352162.348","4552414.578","1.239271570","41.109572546","e3009722@xtec.cat","http://www.institutcallipolis.cat",,,,,,"BATX","AA01","CFPM",,"AA03","CFPS",,"IFE","PFI",,,,,,,,,,,,,,,,,"TEGM","TEGS",,,"POINT (1239271570 41109572546)"
"2021/2022","2021","43010256","Llar d'infants El Serrallo","1","Públic","04","Corporacions Locals","Barri del Serrallo, s/n","43003","977248592","0143","Tarragona","36","Tarragonès","43148","431482","Tarragona","00",,"13","Tarragona","352062.370","4552841.852","1.237978497","41.113401434","e3010256@xtec.cat","http://www.xtec.cat/centres/e3010256",,"EINF1C",,,,,,,,,,,,,,,,,,,,,,,,,,,,,,,,,"POINT (1237978497 41113401434)"
"2021/2022","2021","43010281","LLI privada El Bosquet","2","Privat","26","Societats Mercantils","urb. Els Pinars, 45","43007",,"0143","Tarragona","36","Tarragonès","43148","431482","Tarragona","00",,"13","Tarragona","356872.658","4555086.730","1.294723776","41.134476297","e3010281@xtec.cat","0",,"EINF1C",,,,,,,,,,,,,,,,,,,,,,,,,,,,,,,,,"POINT (1294723776 41134476297)"
"2021/2022","2021","43010396","Escola de Ponent","1","Públic","01","Departament d'Educació","av. del President Tarradellas, s/n","43006","977260701","0143","Tarragona","36","Tarragonès","43148","431482","Tarragona","00",,"13","Tarragona","349028.405","4553654.902","1.201659248","41.120163584","e3010396@xtec.cat","http://agora.xtec.cat/escolaponent-tarragona",,,"EINF2C","EPRI",,,,,,,,,,,,,,,,,,,,,,,,,,,,,,,"POINT (1201659248 41120163584)"
"2021/2022","2021","43010438","Llar d'infants El Miracle","1","Públic","04","Corporacions Locals","pl. Cardenal Arce Ochotorena, s/n","43003","977249722","0143","Tarragona","36","Tarragonès","43148","431482","Tarragona","00",,"13","Tarragona","353878.737","4552946.554","1.259577953","41.114672946","e3010438@xtec.cat","http://www.xtec.cat/centres/e3010438",,"EINF1C",,,,,,,,,,,,,,,,,,,,,,,,,,,,,,,,,"POINT (1259577953 41114672946)"
"2021/2022","2021","43010700","CASASFORMACIÓN.ES","2","Privat","26","Societats Mercantils","c. Dr. Zamenhoff, 3 bxs.","43001","977220890","0143","Tarragona","36","Tarragonès","43148","431482","Tarragona","00",,"13","Tarragona","352861.679","4552774.168","1.247510664","41.112937205","e3010700@xtec.cat","http://www.casasformacion.es",,,,,,,,,,,"CFPS",,,,,,,,,,,,,,,,,,,,,,,"ADULTS","POINT (1247510664 41112937205)"
"2021/2022","2021","43010876","Escola l'Arrabassada","1","Públic","01","Departament d'Educació","c. Carles Babot Boixeda/c.Cossis","43007","977195319","0143","Tarragona","36","Tarragonès","43148","431482","Tarragona","00",,"13","Tarragona","354810.474","4552971.341","1.270664983","41.115063215","e3010876@xtec.cat","https://agora.xtec.cat/esclarrabassada/",,,"EINF2C","EPRI",,,,,,,,,,,,,,,,,,,,,,,,,,,,,,,"POINT (1270664983 41115063215)"
"2021/2022","2021","43010955","Llar d'infants Sant Pere i Sant Pau","1","Públic","04","Corporacions Locals","rbla. de Sant Pere i Sant Pau","43004","977203550","0143","Tarragona","36","Tarragonès","43148","431482","Tarragona","00",,"13","Tarragona","353363.546","4555530.726","1.252827088","41.137847585","e3010955@xtec.cat","0",,"EINF1C",,,,,,,,,,,,,,,,,,,,,,,,,,,,,,,,,"POINT (1252827088 41137847585)"
"2021/2022","2021","43010979","Llar d'infants Sant Salvador","1","Públic","04","Corporacions Locals","av. Sant Salvador, 13","43130","977293045","0143","Tarragona","36","Tarragonès","43148","431482","Tarragona","00",,"13","Tarragona","352453.578","4558128.126","1.241364707","41.161069007","e3010979@xtec.cat","0",,"EINF1C",,,,,,,,,,,,,,,,,,,,,,,,,,,,,,,,,"POINT (1241364707 41161069007)"
"2021/2022","2021","43011479","Institut Tarragona","1","Públic","01","Departament d'Educació","pl. de la Imperial Tarraco, 1","43003","977238277","0143","Tarragona","36","Tarragonès","43148","431482","Tarragona","00",,"13","Tarragona","352768.507","4553480.570","1.246232104","41.119280647","e3011479@xtec.cat","https://agora.xtec.cat/instarragona/",,,,,"ESO","BATX",,,,,,,,,,,,,,,,,,,,,,,,,,,,,"POINT (1246232104 41119280647)"
"2021/2022","2021","43011561","Llar d'infants L'Arrabassada","1","Públic","04","Corporacions Locals","c. Internet, s/n","43001",,"0143","Tarragona","36","Tarragonès","43148","431482","Tarragona","00",,"13","Tarragona","354346.842","4553801.968","1.264948139","41.122459099","e3011561@xtec.cat","0",,"EINF1C",,,,,,,,,,,,,,,,,,,,,,,,,,,,,,,,,"POINT (1264948139 41122459099)"
"2021/2022","2021","43012125","Novatècnica","2","Privat","26","Societats Mercantils","c. Francolí, 52-54, baixos","43006",,"0143","Tarragona","36","Tarragonès","43148","431482","Tarragona","00",,"13","Tarragona","350549.803","4553502.631","1.219810460","41.119074001","e3012125@xtec.cat","0",,,,,,,,"CFPM",,,"CFPS",,,,,,,,,,,,,,,,,,,,,,,"ADULTS","POINT (1219810460 41119074001)"
"2021/2022","2021","43012162","Llar d'infants Bonavista","1","Públic","04","Corporacions Locals","c. Vint-i-u, s/n","43100",,"0143","Tarragona","36","Tarragonès","43148","431482","Tarragona","00",,"13","Tarragona","348338.698","4553524.531","1.193479701","41.118861266","e3012162@xtec.cat","0",,"EINF1C",,,,,,,,,,,,,,,,,,,,,,,,,,,,,,,,,"POINT (1193479701 41118861266)"
"2021/2022","2021","43012216","Llar d'infants Cèsar August","1","Públic","04","Corporacions Locals","c. Joan Baptista Plana, 9","43005",,"0143","Tarragona","36","Tarragonès","43148","431482","Tarragona","00",,"13","Tarragona","352076.682","4553673.027","1.237948700","41.120887765","e3012216@xtec.cat","0",,"EINF1C",,,,,,,,,,,,,,,,,,,,,,,,,,,,,,,,,"POINT (1237948700 41120887765)"
"2021/2022","2021","43012447","Bettatur","2","Privat","26","Societats Mercantils","Via de l'Imperi Romà, 11","43001",,"0143","Tarragona","36","Tarragonès","43148","431482","Tarragona","00",,"13","Tarragona","353379.343","4553292.854","1.253549739","41.117700989","e3012447@xtec.cat","0",,,,,,,,,,,"CFPS",,,,,,,,,,,,,,,,,,,,,,,,"POINT (1253549739 41117700989)"
"2021/2022","2021","43012629","Aula Magna","2","Privat","26","Societats Mercantils","av. República Argentina, 11","43007",,"0143","Tarragona","36","Tarragonès","43148","431482","Tarragona","00",,"13","Tarragona","352483.235","4553827.316","1.242752281","41.122350910","e3012629@xtec.cat","0",,,,,,,,"CFPM",,,"CFPS",,,,,,,,,,,,,,,,,,,,,,,"ADULTS","POINT (1242752281 41122350910)"
"2021/2022","2021","43012642","LLI privada Xino-Xano Joan XXIII","2","Privat","26","Societats Mercantils","c. Arquebisbe Josep Pont i Gol, 19","43005",,"0143","Tarragona","36","Tarragonès","43148","431482","Tarragona","00",,"13","Tarragona","351872.420","4554377.708","1.235346641","41.127195308","e3012642@xtec.cat","0",,"EINF1C",,,,,,,,,,,,,,,,,,,,,,,,,,,,,,,,,"POINT (1235346641 41127195308)"
"2021/2022","2021","43012708","CEOP","2","Privat","26","Societats Mercantils","av. Roma, 5C, 1-2","43005",,"0143","Tarragona","36","Tarragonès","43148","431482","Tarragona","00",,"13","Tarragona","352498.030","4553436.258","1.243022374","41.118832584","e3012708@xtec.cat","0",,,,,,,,,,,,,,"PFI",,,,,,,,,,,,,,,,,,,,"ADULTS","POINT (1243022374 41118832584)"
"2021/2022","2021","43012897","AFENTD","2","Privat","31","Associacions","c. Sant Benilde, 15","43006",,"0143","Tarragona","36","Tarragonès","43148","431482","Tarragona","00",,"13","Tarragona","349955.096","4553598.231","1.212706479","41.119825085","e3012897@xtec.cat","0",,,,,,,,,,,,,,,,,,,,,,,,,,,,,,,"TEGM","TEGS",,,"POINT (1212706479 41119825085)"
"2021/2022","2021","43012939","Òrgan Gestor del Complex Educatiu de Tarragona","1","Públic","01","Departament d'Educació","ctra. de Salou, s/n","43004",,"0143","Tarragona","36","Tarragonès","43148","431482","Tarragona","00",,"13","Tarragona","352162.348","4552414.578","1.239271570","41.109572550","e3012939@xtec.cat","0",,,,,"ESO",,,,,,,,,,,,,,,,,,,,,,,,,,,,,,"POINT (1239271570 41109572550)"
"2021/2022","2021","43012976","Institut Escola Mediterrani","1","Públic","01","Departament d'Educació","c. Riu Ter, s/n","43001","977540706","0143","Tarragona","36","Tarragonès","43148","431482","Tarragona","00",,"01","Bonavista","349089.002","4553196.775","1.202493296","41.116050050","e3012976@xtec.cat","http://www.xtec.cat/centres/e3006381",,,"EINF2C","EPRI","ESO",,,,,,,,,,,,,,,,,,,,,,,,,,,,,,"POINT (1202493296 41116050050)"
"2021/2022","2021","43013002","A. Hospitalària H.de dia salut mental infanto juvenil deTarragona","1","Públic","02","Altres Departaments","av. Vidal i Barraquer, 27-20 esc. B","43001",,"0143","Tarragona","36","Tarragonès","43148","431482","Tarragona","00",,"13","Tarragona","352348.365","4552781.870","1.241397743","41.112913401","e3013002@xtec.cat","0",,,"EINF2C","EPRI","ESO",,,,,,,,,,,,,,,,,,,,,,,,,,,,,,"POINT (1241397743 41112913401)"
"2021/2022","2021","43013063","LLI privada Teresianes-Jaycar","2","Privat","22","Fundacions","c. d'Ixart, 10","43003",,"0143","Tarragona","36","Tarragonès","43148","431482","Tarragona","00",,"13","Tarragona","353194.822","4553253.761","1.251362171","41.117315664","e3013063@xtec.cat","0",,"EINF1C",,,,,,,,,,,,,,,,,,,,,,,,,,,,,,,,,"POINT (1251362171 41117315664)"
"2021/2022","2021","43013166","Centre de Formació CBS","2","Privat","26","Societats Mercantils","c. Ventallols, 5","43003",,"0143","Tarragona","36","Tarragonès","43148","431482","Tarragona","00",,"13","Tarragona","353784.000","4553261.000","1.258375000","41.117479000","e3013166@xtec.cat","0",,,,,,,,,,,"CFPS",,,,,,,,,,,,,,,,,,,,,,,,"POINT (1258375000 41117479000)"
"2021/2022","2021","43003884","Escola Antoni Roig","1","Públic","01","Departament d'Educació","av. Sant Jordi. núm. 1(ap.correus 142)","43830","977640836","0143","Tarragona","36","Tarragonès","43153","431536","Torredembarra","00",,"04","Torredembarra","365320.755","4556219.354","1.395090160","41.146120804","e3003884@xtec.cat","http://agora.xtec.cat/escolaantoniroig/",,,"EINF2C","EPRI",,,,,,,,,,,,,,,,,,,,,,,,,,,,,,,"POINT (1395090160 41146120804)"
"2021/2022","2021","43006851","Escola Molí de Vent","1","Públic","01","Departament d'Educació","c. de les Escoles, 13-15","43830","977130246","0143","Tarragona","36","Tarragonès","43153","431536","Torredembarra","00",,"04","Torredembarra","365901.209","4556537.437","1.401935031","41.149081125","e3006851@xtec.cat","https://agora.xtec.cat/ceip-molidevent/",,,"EINF2C","EPRI",,,,,,,,,,,,,,,,,,,,,,,,,,,,,,,"POINT (1401935031 41149081125)"
"2021/2022","2021","43006952","Institut Torredembarra","1","Públic","01","Departament d'Educació","av. de Sant Jordi, 62-64","43830","977640312","0143","Tarragona","36","Tarragonès","43153","431536","Torredembarra","00",,"04","Torredembarra","365906.326","4556776.441","1.401943721","41.151234081","e3006952@xtec.cat","http://www.instorredembarra.cat/",,,,,"ESO","BATX",,,,,,,,,,,,,,,,,,,,,,,,,,,,,"POINT (1401943721 41151234081)"
"2021/2022","2021","43007661","Institut Ramon de la Torre","1","Públic","01","Departament d'Educació","c. Camí del Moro, 28-40","43830","977642402","0143","Tarragona","36","Tarragonès","43153","431536","Torredembarra","00",,"04","Torredembarra","366783.474","4556597.152","1.412432198","41.149764195","e3007661@xtec.cat","http://www.institutramondelatorre.org",,,,,"ESO","BATX","AA01","CFPM",,,"CFPS",,,"PFI",,,,,,,,,,,,,,,,,,,,,"POINT (1412432198 41149764195)"
"2021/2022","2021","43009242","Escola L'Antina","1","Públic","01","Departament d'Educació","pg. Miramar, 190-200","43830","977642496","0143","Tarragona","36","Tarragonès","43153","431536","Torredembarra","00",,"04","Torredembarra","366488.944","4556124.649","1.409026391","41.145461110","e3009242@xtec.cat","http://www.escolaantina.cat",,,"EINF2C","EPRI",,,,,,,,,,,,,,,,,,,,,,,,,,,,,,,"POINT (1409026391 41145461110)"
"2021/2022","2021","43009643","Llar d'infants El Cirerer","1","Públic","04","Corporacions Locals","c. Camí de l'Era, 52-54","43830","977642535","0143","Tarragona","36","Tarragonès","43153","431536","Torredembarra","00",,"04","Torredembarra","365631.792","4556205.735","1.398798240","41.146049746","e3009643@xtec.cat","http://www.xtec.cat/centres/e3009643",,"EINF1C",,,,,,,,,,,,,,,,,,,,,,,,,,,,,,,,,"POINT (1398798240 41146049746)"
"2021/2022","2021","43009746","Esc. de Música Municipal de Torredembarra","1","Públic","04","Corporacions Locals","c. Alt de Sant Pere, 35","43830","977644308","0143","Tarragona","36","Tarragonès","43153","431536","Torredembarra","00",,"04","Torredembarra","365635.176","4556155.526","1.398849554","41.145598202","e3009746@xtec.cat","0",,,,,,,,,,,,,,,,,,,,,,,,,,,,"MUSE",,,,,,,"POINT (1398849554 41145598202)"
"2021/2022","2021","43010918","Escola de Dansa Centrescènic","2","Privat","27","Societats Civils","c. Eduard Benot, 11/c. Carnisseria, 9","43830",,"0143","Tarragona","36","Tarragonès","43153","431536","Torredembarra","00",,"04","Torredembarra","365428.866","4556110.100","1.396401965","41.145154967","e3010918@xtec.cat","0",,,,,,,,,,,,,,,,,,,,,,,,,"DANE",,,,,,,,,,"POINT (1396401965 41145154967)"
"2021/2022","2021","43011650","EB privada La Casa de les Fades","2","Privat","26","Societats Mercantils","c.Joaquim Torres Ibern, 7 local I","43830","977130810","0143","Tarragona","36","Tarragonès","43153","431536","Torredembarra","00",,"04","Torredembarra","366919.302","4556487.292","1.414074135","41.148797253","e3011650@xtec.cat","0",,"EINF1C",,,,,,,,,,,,,,,,,,,,,,,,,,,,,,,,,"POINT (1414074135 41148797253)"
"2021/2022","2021","43012253","Llar d'infants Els Gegants de la Torre","1","Públic","04","Corporacions Locals","c. de les Escoles, s/n","43830",,"0143","Tarragona","36","Tarragonès","43153","431536","Torredembarra","00",,"04","Torredembarra","365913.892","4556518.073","1.402090350","41.148908863","e3012253@xtec.cat","0",,"EINF1C",,,,,,,,,,,,,,,,,,,,,,,,,,,,,,,,,"POINT (1402090350 41148908863)"
"2021/2022","2021","43012794","Centre d'Estudis Eqüestres Torredembarra","2","Privat","26","Societats Mercantils","ctra. La Riera, s/n","43830","977640282","0143","Tarragona","36","Tarragonès","43153","431536","Torredembarra","00",,"04","Torredembarra","365303.671","4556261.978","1.394877297","41.146501773","e3012794@xtec.cat","0",,,,,,,,"CFPM",,,,,,,,,,,,,,,,,,,,,,,"TEGM","TEGS",,,"POINT (1394877297 41146501773)"
"2021/2022","2021","43004864","Escola Pere Virgili","1","Públic","01","Departament d'Educació","pl. de la Pau, s/n","43141","977840353","0143","Tarragona","36","Tarragonès","43166","431665","Vilallonga del Camp","00",,"01","Vilallonga del Camp","349403.246","4563683.275","1.203657307","41.210524135","e3004864@xtec.cat","http://escolaperevirgili.blogspot.com",,,"EINF2C","EPRI",,,,,,,,,,,,,,,,,,,,,,,,,,,,,,,"POINT (1203657307 41210524135)"
"2021/2022","2021","43010104","Llar d'infants Patufet","1","Públic","04","Corporacions Locals","rbla. Mare de Déu del Roser/pl.de la Pau","43141","977842062","0143","Tarragona","36","Tarragonès","43166","431665","Vilallonga del Camp","00",,"01","Vilallonga del Camp","349477.113","4563652.343","1.204545607","41.210259374","e3010104@xtec.cat","http://www.xtec.cat/centres/e3010104",,"EINF1C",,,,,,,,,,,,,,,,,,,,,,,,,,,,,,,,,"POINT (1204545607 41210259374)"
"2021/2022","2021","43004979","Escola Torroja i Miret","1","Públic","01","Departament d'Educació","c. Tarragona, 9","43480","977390616","0143","Tarragona","36","Tarragonès","43171","431711","Vila-seca","00",,"05","Vila-seca de Solcina","344524.953","4552674.066","1.148289772","41.110483083","e3004979@xtec.cat","http://agora.xtec.cat/ceip-torrojaimiret/",,,"EINF2C","EPRI",,,,,,,,,,,,,,,,,,,,,,,,,,,,,,,"POINT (1148289772 41110483083)"
"2021/2022","2021","43005005","Escola Sant Bernat Calvó","1","Públic","01","Departament d'Educació","c. Requet de Fèlix, 22","43480","977391921","0143","Tarragona","36","Tarragonès","43171","431711","Vila-seca","00",,"05","Vila-seca de Solcina","344497.691","4552821.500","1.147927927","41.111805269","e3005005@xtec.cat","http://agora.xtec.cat/escolasantbernat/",,,"EINF2C","EPRI",,,,,,,,,,,,,,,,,,,,,,,,,,,,,,,"POINT (1147927927 41111805269)"
"2021/2022","2021","43005947","Escola Cal·lípolis","1","Públic","01","Departament d'Educació","c. Alfredo Kraus, 22","43481","977371711","0143","Tarragona","36","Tarragonès","43171","431711","Vila-seca","00",,"01","Platja de la Pineda","346975.262","4549328.205","1.178291474","41.080823808","e3005947@xtec.cat","http://agora.xtec.cat/ceipcal-lipolis/",,,"EINF2C","EPRI",,,,,,,,,,,,,,,,,,,,,,,,,,,,,,,"POINT (1178291474 41080823808)"
"2021/2022","2021","43005972","Institut Ramon Barbat i Miracle","1","Públic","01","Departament d'Educació","av. de l'Alcalde Pere Molas, s/n","43480","977391379","0143","Tarragona","36","Tarragonès","43171","431711","Vila-seca","00",,"05","Vila-seca de Solcina","344678.075","4551688.322","1.150361691","41.101637358","e3005972@xtec.cat","https://agora.xtec.cat/ies-ramonbarbat-vilaseca",,,,,"ESO","BATX",,"CFPM",,,"CFPS",,,,,,,,,,,,,,,,,,,,,,,,"POINT (1150361691 41101637358)"
"2021/2022","2021","43006241","Escola La Plana","1","Públic","01","Departament d'Educació","Camí Mas de la Cuca, s/n","43480","977391819","0143","Tarragona","36","Tarragonès","43171","431711","Vila-seca","00",,"02","La Plana","342830.300","4554851.505","1.127559413","41.129760973","e3006241@xtec.cat","https://sites.google.com/a/xtec.cat/escolalaplana/",,,"EINF2C","EPRI",,,,,,,,,,,,,,,,,,,,,,,,,,,,,,,"POINT (1127559413 41129760973)"
"2021/2022","2021","43006289","Cons. de Música de Vila-seca","1","Públic","04","Corporacions Locals","av. de la Generalitat, 27","43480","977392368","0143","Tarragona","36","Tarragonès","43171","431711","Vila-seca","00",,"05","Vila-seca de Solcina","343881.988","4552760.916","1.140613833","41.111141712","e3006289@xtec.cat","https://www.vila-secamusica.cat",,,,,,,,,,,,,,,,,,,,,,,,,,,,,"MUSP",,,,,,"POINT (1140613833 41111141712)"
"2021/2022","2021","43006332","Escola Mestral","1","Públic","01","Departament d'Educació","c. Santiago Rusiñol, s/n","43480","977391820","0143","Tarragona","36","Tarragonès","43171","431711","Vila-seca","00",,"05","Vila-seca de Solcina","343790.353","4552836.383","1.139503805","41.111803547","e3006332@xtec.cat","http://agora.xtec.cat/escolamestralvila-seca/",,,"EINF2C","EPRI",,,,,,,,,,,,,,,,,,,,,,,,,,,,,,,"POINT (1139503805 41111803547)"
"2021/2022","2021","43008158","LLI privada Pineda","2","Privat","21","Cooperatives","c. Jacint Verdaguer, 6","43480","977391713","0143","Tarragona","36","Tarragonès","43171","431711","Vila-seca","00",,"05","Vila-seca de Solcina","343909.646","4552501.741","1.141008924","41.108813591","e3008158@xtec.cat","http://www.xtec.cat/centres/e3008158",,"EINF1C",,,,,,,,,,,,,,,,,,,,,,,,,,,,,,,,,"POINT (1141008924 41108813591)"
"2021/2022","2021","43008523","Institut Vila-seca","1","Públic","01","Departament d'Educació","av. de l'Alcalde Pere Molas, s/n","43480","977394244","0143","Tarragona","36","Tarragonès","43171","431711","Vila-seca","00",,"05","Vila-seca de Solcina","344678.075","4551688.322","1.150361691","41.101637358","e3008523@xtec.cat","http://agora.xtec.cat/iesvila-seca",,,,,"ESO","BATX","AA01",,,,,,,"PFI",,,,,,,,,,,,,,,,,,,,,"POINT (1150361691 41101637358)"
"2021/2022","2021","43008742","Esc. de Música Municipal de Vila-seca","1","Públic","04","Corporacions Locals","av. de la Generalitat, 27","43480","977392368","0143","Tarragona","36","Tarragonès","43171","431711","Vila-seca","00",,"05","Vila-seca de Solcina","343881.988","4552760.916","1.140613833","41.111141712","e3008742@xtec.cat","0",,,,,,,,,,,,,,,,,,,,,,,,,,,,"MUSE",,,,,,,"POINT (1140613833 41111141712)"
"2021/2022","2021","43010086","CFA Vilaseca","1","Públic","01","Departament d'Educació","c. Sant Pere, 25 (cant. pl. Estudi, 1)","43480","977391811","0143","Tarragona","36","Tarragonès","43171","431711","Vila-seca","00",,"05","Vila-seca de Solcina","344405.153","4552559.232","1.146892755","41.109426253","e3010086@xtec.cat","http://agora.xtec.cat/cfavilaseca/",,,,,,,,,,,,,,,,,,,,,,,,,,,,,,,,,,"ADULTS","POINT (1146892755 41109426253)"
"2021/2022","2021","43010426","LLI privada La Formiga","2","Privat","27","Societats Civils","c. de Sant Jordi, 25","43480","977396244","0143","Tarragona","36","Tarragonès","43171","431711","Vila-seca","00",,"05","Vila-seca de Solcina","344048.973","4552773.228","1.142598526","41.111284637","e3010426@xtec.cat","http://www.xtec.cat/centres/e3010426",,"EINF1C",,,,,,,,,,,,,,,,,,,,,,,,,,,,,,,,,"POINT (1142598526 41111284637)"
"2021/2022","2021","43010530","Escola Miramar","1","Públic","01","Departament d'Educació","c. Era del Delme, 20","43480","977396280","0143","Tarragona","36","Tarragonès","43171","431711","Vila-seca","00",,"05","Vila-seca de Solcina","344369.781","4552209.748","1.146560197","41.106272953","e3010530@xtec.cat","http://blocs.xtec.cat/escolamiramar/",,,"EINF2C","EPRI",,,,,,,,,,,,,,,,,,,,,,,,,,,,,,,"POINT (1146560197 41106272953)"
"2021/2022","2021","43011492","Escola La Canaleta","1","Públic","01","Departament d'Educació","c. d'Alfons I, 18","43480","977783565","0143","Tarragona","36","Tarragonès","43171","431711","Vila-seca","00",,"05","Vila-seca de Solcina","344265.898","4553132.334","1.145089808","41.114559401","e3011492@xtec.cat","http://www.lacanaleta.cat",,,"EINF2C","EPRI",,,,,,,,,,,,,,,,,,,,,,,,,,,,,,,"POINT (1145089808 41114559401)"
"2021/2022","2021","43011595","Llar d'infants Fartets","1","Públic","04","Corporacions Locals","c. Luis Mariano, 4","43480",,"0143","Tarragona","36","Tarragonès","43171","431711","Vila-seca","00",,"01","Platja de la Pineda","347268.232","4549679.559","1.181690286","41.084042325","e3011595@xtec.cat","0",,"EINF1C",,,,,,,,,,,,,,,,,,,,,,,,,,,,,,,,,"POINT (1181690286 41084042325)"
"2021/2022","2021","43012551","Llar d'infants Les Vimeteres","1","Públic","04","Corporacions Locals","c. de l'Era del Delme, s/n","43480",,"0143","Tarragona","36","Tarragonès","43171","431711","Vila-seca","00",,"05","Vila-seca de Solcina","344385.258","4552212.742","1.146743668","41.106302875","e3012551@xtec.cat","0",,"EINF1C",,,,,,,,,,,,,,,,,,,,,,,,,,,,,,,,,"POINT (1146743668 41106302875)"
"2021/2022","2021","43004931","Escola Santa Maria del Mar","1","Públic","01","Departament d'Educació","c. Juan Manuel Muñoz Rodriguez, 5","43840","977382302","0143","Tarragona","36","Tarragonès","43905","439057","Salou","00",,"01","Salou","343000.363","4549717.735","1.130895996","41.083573187","e3004931@xtec.cat","http://www.santamariadelmar.cat",,,"EINF2C","EPRI",,,,,,,,,,,,,,,,,,,,,,,,,,,,,,,"POINT (1130895996 41083573187)"
"2021/2022","2021","43004967","Elisabeth","2","Privat","21","Cooperatives","c. Miquel Martí i Pol, 1","43840","977383851","0143","Tarragona","36","Tarragonès","43905","439057","Salou","00",,"01","Salou","342678.403","4550111.373","1.126964306","41.087054993","e3004967@xtec.cat","http://www.escolaelisabeth.cat",,"EINF1C","EINF2C","EPRI","ESO","BATX",,,,,,,,,,,,,,,,,,,,,,,,,,,,,"POINT (1126964306 41087054993)"
"2021/2022","2021","43006393","Escola Europa","1","Públic","01","Departament d'Educació","pl. de la Segregació, 2","43840","977384996","0143","Tarragona","36","Tarragonès","43905","439057","Salou","00",,"01","Salou","343274.201","4549478.531","1.134215353","41.081472386","e3006393@xtec.cat","https://agora.xtec.cat/escolaeuropa/",,,"EINF2C","EPRI",,,,,,,,,,,,,,,,,,,,,,,,,,,,,,,"POINT (1134215353 41081472386)"
"2021/2022","2021","43007026","LLI privada Nou Esplai","2","Privat","41","Persones Físiques","c. Berlín, s/n","43840","977383274","0143","Tarragona","36","Tarragonès","43905","439057","Salou","00",,"01","Salou","343503.265","4548955.473","1.137073949","41.076807227","e3007026@xtec.cat","http://www.xtec.cat/centres/e3007026",,"EINF1C",,,,,,,,,,,,,,,,,,,,,,,,,,,,,,,,,"POINT (1137073949 41076807227)"
"2021/2022","2021","43007518","Esc. de Música Municipal","1","Públic","04","Corporacions Locals","c. advocat Gallego, 2/arquit.Ubach, 1","43840","977381008","0143","Tarragona","36","Tarragonès","43905","439057","Salou","00",,"01","Salou","343240.768","4549564.943","1.133795530","41.082243930","e3007518@xtec.cat","0",,,,,,,,,,,,,,,,,,,,,,,,,,,,"MUSE",,,,,,,"POINT (1133795530 41082243930)"
"2021/2022","2021","43007543","Institut Jaume I","1","Públic","01","Departament d'Educació","c. Advocat Gallego, 6","43840","977384771","0143","Tarragona","36","Tarragonès","43905","439057","Salou","00",,"01","Salou","343253.932","4549580.935","1.133948090","41.082390450","e3007543@xtec.cat","http://www.iesjaume1.cat",,,,,"ESO","BATX",,"CFPM",,,"CFPS",,,,,,,,,,,,,,,,,,,,"TEGM","TEGS",,,"POINT (1133948090 41082390450)"
"2021/2022","2021","43009451","Escola Salou","1","Públic","01","Departament d'Educació","c. Rosa Sensat, 2","43840","977383646","0143","Tarragona","36","Tarragonès","43905","439057","Salou","00",,"01","Salou","342671.692","4549437.428","1.127056785","41.080985976","e3009451@xtec.cat","http://agora.xtec.cat/escola-salou/",,,"EINF2C","EPRI",,,,,,,,,,,,,,,,,,,,,,,,,,,,,,,"POINT (1127056785 41080985976)"
"2021/2022","2021","43010153","Escola Vora Mar","1","Públic","01","Departament d'Educació","c. Maria Castillo, s/n","43840","977352900","0143","Tarragona","36","Tarragonès","43905","439057","Salou","00",,"01","Salou","342777.698","4549632.311","1.128268317","41.082761067","e3010153@xtec.cat","http://escolavoramar.blogspot.com.es/",,,"EINF2C","EPRI",,,,,,,,,,,,,,,,,,,,,,,,,,,,,,,"POINT (1128268317 41082761067)"
"2021/2022","2021","43010347","Institut Marta Mata","1","Públic","01","Departament d'Educació","c. Domènech Sugrañes i Gras, s/n","43840","977353242","0143","Tarragona","36","Tarragonès","43905","439057","Salou","00",,"01","Salou","342496.064","4549599.503","1.124925577","41.082411185","e3010347@xtec.cat","http://institutmartamata.cat",,,,,"ESO","BATX","AA01",,,,,,,,,,,,,,,,,,,,,,,,,,,,"POINT (1124925577 41082411185)"
"2021/2022","2021","43010921","Llar d'infants La Balena Blava","1","Públic","04","Corporacions Locals","c. de Barcelona, 95","43840","977383409","0143","Tarragona","36","Tarragonès","43905","439057","Salou","00",,"01","Salou","343199.613","4550008.715","1.133192732","41.086231416","e3010921@xtec.cat","0",,"EINF1C",,,,,,,,,,,,,,,,,,,,,,,,,,,,,,,,,"POINT (1133192732 41086231416)"
"2021/2022","2021","43011200","EOI de Salou","1","Públic","01","Departament d'Educació","pg. 30 d'octubre, 4","43840","977353008","0143","Tarragona","36","Tarragonès","43905","439057","Salou","00",,"01","Salou","343855.344","4549930.273","1.141015593","41.085651373","e3011200@xtec.cat","0",,,,,,,,,,,,,,,,,,,,,,,,"IDI",,,,,,,,,,,"POINT (1141015593 41085651373)"
"2021/2022","2021","43011765","CFA Àgora","1","Públic","04","Corporacions Locals","av. de Pau Casals, s/n","43840","977388851","0143","Tarragona","36","Tarragonès","43905","439057","Salou","00",,"01","Salou","342624.191","4549692.600","1.126426328","41.083274171","e3011765@xtec.cat","https://agora.xtec.cat/cfaagorasalou/",,,,,,,,,,,,,,,,,,,,,,,,,,,,,,,,,,"ADULTS","POINT (1126426328 41083274171)"
"2021/2022","2021","43012022","Llar d'infants Cavallet de Mar","1","Públic","04","Corporacions Locals","c. de Domènech Sugrañes i Gras","43840",,"0143","Tarragona","36","Tarragonès","43905","439057","Salou","00",,"01","Salou","342496.064","4549599.503","1.124925577","41.082411185","e3012022@xtec.cat","0",,"EINF1C",,,,,,,,,,,,,,,,,,,,,,,,,,,,,,,,,"POINT (1124925577 41082411185)"
"2021/2022","2021","43012666","EIC","2","Privat","22","Fundacions","c. Salvador Espriu, s/n","43840",,"0143","Tarragona","36","Tarragonès","43905","439057","Salou","00",,"01","Salou","344607.361","4550635.516","1.149786106","41.092145026","e3012666@xtec.cat","0",,"EINF1C","EINF2C","EPRI","ESO","BATX",,,,,,,,,,,,,,,,,,,,,,,,,,,,,"POINT (1149786106 41092145026)"
"2021/2022","2021","43003185","Escola La Canonja","1","Públic","01","Departament d'Educació","c. Carrasco i Formiguera, 8","43110","977545627","0143","Tarragona","36","Tarragonès","43907","439076","La Canonja","00",,"01","La Canonja","347607.883","4553645.978","1.184748594","41.119817913","e3003185@xtec.cat","http://blocs.xtec.cat/escolalacanonja/",,,"EINF2C","EPRI",,,,,,,,,,,,,,,,,,,,,,,,,,,,,,,"POINT (1184748594 41119817913)"
"2021/2022","2021","43008237","LLI privada Mare de Déu de l'Esperança","2","Privat","22","Fundacions","c. Major de Masricart, 10","43110","977550550","0143","Tarragona","36","Tarragonès","43907","439076","La Canonja","00",,"01","La Canonja","347508.004","4553516.051","1.183591706","41.118629361","e3008237@xtec.cat","http://www.xtec.cat/centres/e3008237",,"EINF1C",,,,,,,,,,,,,,,,,,,,,,,,,,,,,,,,,"POINT (1183591706 41118629361)"
"2021/2022","2021","43008481","Institut Collblanc","1","Públic","01","Departament d'Educació","c. Carrasco i Formiguera, 12","43110","977551716","0143","Tarragona","36","Tarragonès","43907","439076","La Canonja","00",,"01","La Canonja","347875.674","4553714.597","1.187919928","41.120485931","e3008481@xtec.cat","http://agora.xtec.cat/iescollblanc",,,,,"ESO","BATX","AA01","CFPM",,,,,,"PFI",,,,,,,,,,,,,,,,,,,,,"POINT (1187919928 41120485931)"
"2022/2023","2022","43000251","Escola La Portalada","1","Públic","01","Departament d'Educació","c. Portalada, 7","43893","977650323","0143","Tarragona","36","Tarragonès","43012","430120","Altafulla","00",,"01","Altafulla","363360.611","4555771.771","1.371840713","41.141762846","e3000251@xtec.cat","http://e3000251.wixsite.com/escolalaportalada",,,"EINF2C","EPRI",,,,,,,,,,,,,,,,,,,,,,,,,,,,,,,"POINT (1371840713 41141762846)"
"2022/2023","2022","43007488","Llar d'infants Francesc Blanch i Ribé","1","Públic","04","Corporacions Locals","c. de la Mainada, s/n","43893","977650008","0143","Tarragona","36","Tarragonès","43012","430120","Altafulla","00",,"01","Altafulla","363565.488","4555737.497","1.374288654","41.141488704","e3007488@xtec.cat","http://www.xtec.cat/centres/e3007488",,"EINF1C",,,,,,,,,,,,,,,,,,,,,,,,,,,,,,,,,"POINT (1374288654 41141488704)"
"2022/2023","2022","43009977","Institut d'Altafulla","1","Públic","01","Departament d'Educació","c. Camí de l'Oliverot, s/n","43893","977651662","0143","Tarragona","36","Tarragonès","43012","430120","Altafulla","00",,"01","Altafulla","363893.816","4556142.403","1.378109558","41.145189777","e3009977@xtec.cat","https://agora.xtec.cat/insaltafulla",,,,,"ESO","BATX","AA01",,,,,,,,,,,,,,,,,,,,,,,,,,,,"POINT (1378109558 41145189777)"
"2022/2023","2022","43010402","Escola El Roquissar","1","Públic","01","Departament d'Educació","c. Roquissar, 8","43893","977651969","0143","Tarragona","36","Tarragonès","43012","430120","Altafulla","00",,"01","Altafulla","363790.877","4556338.671","1.376839780","41.146939775","e3010402@xtec.cat","http://agora.xtec.cat/escolaelroquissar/",,,"EINF2C","EPRI",,,,,,,,,,,,,,,,,,,,,,,,,,,,,,,"POINT (1376839780 41146939775)"
"2022/2023","2022","43011297","Llar d'infants Hort de Pau","1","Públic","04","Corporacions Locals","c. de la Cabana-Sector PP5 l'Hort de Pau","43893",,"0143","Tarragona","36","Tarragonès","43012","430120","Altafulla","00",,"01","Altafulla","363682.524","4555331.543","1.375772886","41.137853004","e3011297@xtec.cat",,,"EINF1C",,,,,,,,,,,,,,,,,,,,,,,,,,,,,,,,,"POINT (1375772886 41137853004)"
"2022/2023","2022","43011674","Esc. de Música Municipal d'Altafulla","1","Públic","04","Corporacions Locals","c. Sant Antoni Abat, 11-13","43893",,"0143","Tarragona","36","Tarragonès","43012","430120","Altafulla","00",,"01","Altafulla","363645.163","4555635.804","1.375260275","41.140586415","e3011674@xtec.cat",,,,,,,,,,,,,,,,,,,,,,,,,,,,,"MUSE",,,,,,,"POINT (1375260275 41140586415)"
"2022/2023","2022","43010499","CFA Pau Casals","1","Públic","01","Departament d'Educació","Trav. Comella Moro, 15 (CP Mas Enric)","43764","977240142","0143","Tarragona","36","Tarragonès","43043","430430","El Catllar","00",,"01","El Catllar","355455.779","4556553.604","1.277504149","41.147432851","e3010499@xtec.cat",,,,,,,,,,,,,,,,,,,,,,,,,,,,,,,,,,,"ADULTS","POINT (1277504149 41147432851)"
"2022/2023","2022","43011261","Llar d'infants L'Agulla del Catllar","1","Públic","04","Corporacions Locals","c. de França, s/n","43764",,"0143","Tarragona","36","Tarragonès","43043","430430","El Catllar","00",,"01","El Catllar","359487.238","4559513.858","1.324847324","41.174795625","e3011261@xtec.cat",,,"EINF1C",,,,,,,,,,,,,,,,,,,,,,,,,,,,,,,,,"POINT (1324847324 41174795625)"
"2022/2023","2022","43012745","The British School of Costa Daurada","2","Privat","26","Societats Mercantils","c. del Mas de la Creu, 4","43764",,"0143","Tarragona","36","Tarragonès","43043","430430","El Catllar","00",,"01","El Catllar","353311.259","4553414.211","1.252710141","41.118781372","e3012745@xtec.cat",,,,,,,,,,,,,,,,,,,,,,,,,,,,,,,,,,"ESTR",,"POINT (1252710141 41118781372)"
"2022/2023","2022","43012812","Institut Escola L'Agulla","1","Públic","01","Departament d'Educació","av. Catalunya, 3","43764",,"0143","Tarragona","36","Tarragonès","43043","430430","El Catllar","00",,"01","El Catllar","359895.841","4559564.265","1.329705061","41.175320227","e3012812@xtec.cat","http://www.escolalagulla.com",,,"EINF2C","EPRI","ESO",,,,,,,,,,,,,,,,,,,,,,,,,,,,,,"POINT (1329705061 41175320227)"
"2022/2023","2022","43000895","Escola Mossèn Ramon Bergadà","1","Públic","01","Departament d'Educació","c. Jaume I, s/n","43120","977521790","0143","Tarragona","36","Tarragonès","43047","430477","Constantí","00",,"01","Constantí","350512.001","4557161.356","1.218469066","41.152008976","e3000895@xtec.cat","http://agora.xtec.cat/ceipramonbergada",,,"EINF2C","EPRI",,,,,,,,,,,,,,,,,,,,,,,,,,,,,,,"POINT (1218469066 41152008976)"
"2022/2023","2022","43000949","Escola agrària Mas Bové","1","Públic","02","Altres Departaments","Mas Bové,ct.Reus-Morell km.4(ap.cor.527)","43120","977343289","0143","Tarragona","36","Tarragonès","43047","430477","Constantí","00",,"01","Constantí","346072.764","4559899.431","1.164901997","41.175830613","e3000949@xtec.cat","http://www.xtec.cat/centres/e3000949",,,,,,,,"CFPM",,,"CFPS",,,,,,,,,,,,,,,,,,,,,,,,"POINT (1164901997 41175830613)"
"2022/2023","2022","43005893","Escola Centcelles","1","Públic","01","Departament d'Educació","c. Joan Maragall, s/n","43120","977520504","0143","Tarragona","36","Tarragonès","43047","430477","Constantí","00",,"01","Constantí","350575.927","4557404.695","1.219171247","41.154211691","e3005893@xtec.cat","http://escolacentcelles.wixsite.com/escola",,,"EINF2C","EPRI",,,,,,,,,,,,,,,,,,,,,,,,,,,,,,,"POINT (1219171247 41154211691)"
"2022/2023","2022","43007646","Institut de Constantí","1","Públic","01","Departament d'Educació","c. Onze de Setembre, s/n","43120","977524011","0143","Tarragona","36","Tarragonès","43047","430477","Constantí","00",,"01","Constantí","350461.182","4557265.583","1.217838287","41.152938031","e3007646@xtec.cat","http://agora.xtec.cat/iesconstanti",,,,,"ESO","BATX",,,,,,,,,,,,,,,,,,,,,,,,,,,,,"POINT (1217838287 41152938031)"
"2022/2023","2022","43010451","Llar d'infants Gu-gu","1","Públic","04","Corporacions Locals","pl. de les Escoles Velles, s/n","43120","977523214","0143","Tarragona","36","Tarragonès","43047","430477","Constantí","00",,"01","Constantí","350338.025","4557100.325","1.216411556","41.151427396","e3010451@xtec.cat",,,"EINF1C",,,,,,,,,,,,,,,,,,,,,,,,,,,,,,,,,"POINT (1216411556 41151427396)"
"2022/2023","2022","43005364","Escola Les Eres","1","Públic","01","Departament d'Educació","c. Onze de Setembre, s/n","43838","977800597","0143","Tarragona","36","Tarragonès","43050","430509","Creixell","00",,"01","Creixell","368835.424","4558866.727","1.436391162","41.170535256","e3005364@xtec.cat","https://agora.xtec.cat/esc-leseresdecreixell/",,,"EINF2C","EPRI",,,,,,,,,,,,,,,,,,,,,,,,,,,,,,,"POINT (1436391162 41170535256)"
"2022/2023","2022","43009667","Llar d'infants Municipal de Creixell","1","Públic","04","Corporacions Locals","c. Coma, 30","43838","977801265","0143","Tarragona","36","Tarragonès","43050","430509","Creixell","00",,"01","Creixell","369326.572","4558201.329","1.442385978","41.164622908","e3009667@xtec.cat","http://www.xtec.cat/centres/e3009667",,"EINF1C",,,,,,,,,,,,,,,,,,,,,,,,,,,,,,,,,"POINT (1442385978 41164622908)"
"2022/2023","2022","43011649","Llar d'infants Nova Guarderia","1","Públic","04","Corporacions Locals","c. Onze de Setembre, 4","43838",,"0143","Tarragona","36","Tarragonès","43050","430509","Creixell","00",,"01","Creixell","368756.989","4558811.544","1.435468293","41.170025657","e3011649@xtec.cat",,,"EINF1C",,,,,,,,,,,,,,,,,,,,,,,,,,,,,,,,,"POINT (1435468293 41170025657)"
"2022/2023","2022","43012241","Escola Bressol L'Estel de Mar","1","Públic","04","Corporacions Locals","c. Vendrell, 7","43838",,"0143","Tarragona","36","Tarragonès","43050","430509","Creixell","00",,"01","Creixell","369326.572","4558201.329","1.442385978","41.164622908","e3012241@xtec.cat","www.esteldemar.com",,"EINF1C",,,,,,,,,,,,,,,,,,,,,,,,,,,,,,,,,"POINT (1442385978 41164622908)"
"2022/2023","2022","43001735","Escola Ventura Gassol","1","Públic","01","Departament d'Educació","camí de Reus, 13","43760","977840209","0143","Tarragona","36","Tarragonès","43095","430957","El Morell","00",,"01","El Morell","349404.901","4561540.384","1.204204671","41.191230949","e3001735@xtec.cat","http://escolaventuragassol.blogspot.com.es/",,,"EINF2C","EPRI",,,,,,,,,,,,,,,,,,,,,,,,,,,,,,,"POINT (1204204671 41191230949)"
"2022/2023","2022","43008407","Institut El Morell","1","Públic","01","Departament d'Educació","c. César Martinell, 1","43760","977842057","0143","Tarragona","36","Tarragonès","43095","430957","El Morell","00",,"01","El Morell","349280.575","4561703.996","1.202682525","41.192680907","e3008407@xtec.cat","http://agora.xtec.cat/institutelmorell",,,,,"ESO","BATX",,,,,,,,,,,,,,,,,,,,,,,,,,,,,"POINT (1202682525 41192680907)"
"2022/2023","2022","43009931","Llar d'infants Dolça del Morell","1","Públic","04","Corporacions Locals","pl. de l'Estatut, s/n","43760","977841510","0143","Tarragona","36","Tarragonès","43095","430957","El Morell","00",,"01","El Morell","349594.885","4561442.782","1.206493096","41.190387483","e3009931@xtec.cat","http://www.xtec.cat/centres/e3009931",,"EINF1C",,,,,,,,,,,,,,,,,,,,,,,,,,,,,,,,,"POINT (1206493096 41190387483)"
"2022/2023","2022","43012231","Esc. de Música Municipal El Morell","1","Públic","04","Corporacions Locals","rbla. Maragall, 40","43760",,"0143","Tarragona","36","Tarragonès","43095","430957","El Morell","00",,"01","El Morell","349982.353","4561434.855","1.211113249","41.190387961","e3012231@xtec.cat",,,,,,,,,,,,,,,,,,,,,,,,,,,,,"MUSE",,,,,,,"POINT (1211113249 41190387961)"
"2022/2023","2022","43005467","Escola Les Codinetes","1","Públic","01","Departament d'Educació","Raval dels Hostalets, s/n","43763","977655390","0143","Tarragona","36","Tarragonès","43097","430976","La Nou de Gaià","00",,"01","La Nou de Gaià","363814.439","4560411.865","1.376215082","41.183620223","e3005467@xtec.cat","http://agora.xtec.cat/ceiplescodinetes",,"EINF1C","EINF2C","EPRI",,,,,,,,,,,,,,,,,,,,,,,,,,,,,,,"POINT (1376215082 41183620223)"
"2022/2023","2022","43011042","Llar d'infants La Palmera","1","Públic","04","Corporacions Locals","c. Sants Cosme i Damià, 4","43763","977655258","0143","Tarragona","36","Tarragonès","43097","430976","La Nou de Gaià","00",,"01","La Nou de Gaià","363895.715","4560470.257","1.377170807","41.184159659","e3011042@xtec.cat",,,"EINF1C",,,,,,,,,,,,,,,,,,,,,,,,,,,,,,,,,"POINT (1377170807 41184159659)"
"2022/2023","2022","43001826","Escola Sant Sebastià","1","Públic","01","Departament d'Educació","av. Catalunya, 12","43151","977610539","0143","Tarragona","36","Tarragonès","43100","431009","Els Pallaresos","00",,"05","Els Pallaresos","355098.021","4559510.916","1.272543456","41.173996334","e3001826@xtec.cat","http://agora.xtec.cat/escolasantsebastia",,,"EINF2C","EPRI",,,,,,,,,,,,,,,,,,,,,,,,,,,,,,,"POINT (1272543456 41173996334)"
"2022/2023","2022","43009564","LLI privada Can Petits","2","Privat","27","Societats Civils","c. Tarragona, 6","43151","977610658","0143","Tarragona","36","Tarragonès","43100","431009","Els Pallaresos","00",,"05","Els Pallaresos","355078.706","4559368.708","1.272346939","41.172712454","e3009564@xtec.cat","http://www.xtec.cat/centres/e3009564",,"EINF1C",,,,,,,,,,,,,,,,,,,,,,,,,,,,,,,,,"POINT (1272346939 41172712454)"
"2022/2023","2022","43010591","Escola Arquitecte Jujol","1","Públic","01","Departament d'Educació","av. Catalunya, 6","43151","977627124","0143","Tarragona","36","Tarragonès","43100","431009","Els Pallaresos","00",,"05","Els Pallaresos","355019.312","4559527.223","1.271601673","41.174129084","e3010591@xtec.cat","www.escolaarquitectejujol.cat",,,"EINF2C","EPRI",,,,,,,,,,,,,,,,,,,,,,,,,,,,,,,"POINT (1271601673 41174129084)"
"2022/2023","2022","43010748","Institut Els Pallaresos","1","Públic","01","Departament d'Educació","av. Catalunya, 12","43151","977627203","0143","Tarragona","36","Tarragonès","43100","431009","Els Pallaresos","00",,"05","Els Pallaresos","355098.021","4559510.916","1.272543456","41.173996334","e3010748@xtec.cat","https://agora.xtec.cat/ieselspallaresos",,,,,"ESO","BATX",,,,,,,,,,,,,,,,,,,,,,,,,,,,,"POINT (1272543456 41173996334)"
"2022/2023","2022","43012563","Escola Bressol Els Pallaresos","1","Públic","04","Corporacions Locals","c. Gregal, 2-4","43151",,"0143","Tarragona","36","Tarragonès","43100","431009","Els Pallaresos","00",,"05","Els Pallaresos","354697.643","4558367.451","1.268043632","41.163629072","e3012563@xtec.cat",,,"EINF1C",,,,,,,,,,,,,,,,,,,,,,,,,,,,,,,,,"POINT (1268043632 41163629072)"
"2022/2023","2022","43007476","Llar d'infants Perafort","1","Públic","04","Corporacions Locals","av. de Catalunya, s/n","43152","977610123","0143","Tarragona","36","Tarragonès","43103","431037","Perafort","00",,"01","Perafort","353735.598","4561138.831","1.255919499","41.188409003","e3007476@xtec.cat","http://www.xtec.cat/centres/e3007476",,"EINF1C",,,,,,,,,,,,,,,,,,,,,,,,,,,,,,,,,"POINT (1255919499 41188409003)"
"2022/2023","2022","43009886","Escola Josep Veciana","1","Públic","01","Departament d'Educació","av. Catalunya, s/n","43152","977610404","0143","Tarragona","36","Tarragonès","43103","431037","Perafort","00",,"01","Perafort","353735.598","4561138.831","1.255919499","41.188409003","e3009886@xtec.cat","http://agora.xtec.cat/esc-josepveciana/",,,"EINF2C","EPRI",,,,,,,,,,,,,,,,,,,,,,,,,,,,,,,"POINT (1255919499 41188409003)"
"2022/2023","2022","43005480","Escola Mare de Déu del Lledó","1","Públic","01","Departament d'Educació","av. Guillem de Montoliu, s/n","43140","977840851","0143","Tarragona","36","Tarragonès","43109","431093","La Pobla de Mafumet","00",,"01","La Pobla de Mafumet","349723.953","4560777.677","1.208194757","41.184423143","e3005480@xtec.cat","https://agora.xtec.cat/escolamarededeudellledo/",,,"EINF2C","EPRI",,,,,,,,,,,,,,,,,,,,,,,,,,,,,,,"POINT (1208194757 41184423143)"
"2022/2023","2022","43008936","Llar d'infants L'Esquirol","1","Públic","04","Corporacions Locals","c. Marià Fortuny, s/n","43140","977842241","0143","Tarragona","36","Tarragonès","43109","431093","La Pobla de Mafumet","00",,"01","La Pobla de Mafumet","349727.435","4560939.168","1.208196608","41.185877779","e3008936@xtec.cat","http://www.xtec.cat/centres/e3008936",,"EINF1C",,,,,,,,,,,,,,,,,,,,,,,,,,,,,,,,,"POINT (1208196608 41185877779)"
"2022/2023","2022","43012186","Llar d'infants Nou Esquirol","1","Públic","04","Corporacions Locals","c. Mina de Madró, cantonada Molí Tendre","43140",,"0143","Tarragona","36","Tarragonès","43109","431093","La Pobla de Mafumet","00",,"01","La Pobla de Mafumet","349732.223","4560842.286","1.208277456","41.185006386","e3012186@xtec.cat",,,"EINF1C",,,,,,,,,,,,,,,,,,,,,,,,,,,,,,,,,"POINT (1208277456 41185006386)"
"2022/2023","2022","43012885","CENAFE La Pobla de Mafumet","2","Privat","41","Persones Físiques","av. Generalitat, 20","43140",,"0143","Tarragona","36","Tarragonès","43109","431093","La Pobla de Mafumet","00",,"01","La Pobla de Mafumet","349777.466","4561034.916","1.208769378","41.186749131","e3012885@xtec.cat",,,,,,,,,,,,,,,,,,,,,,,,,,,,,,,,"TEGM","TEGS",,,"POINT (1208769378 41186749131)"
"2022/2023","2022","43005145","Escola Els Ametllers","1","Públic","01","Departament d'Educació","pg. de l'Estació, 2","43761","977648259","0143","Tarragona","36","Tarragonès","43111","431114","La Pobla de Montornès","00",,"01","La Pobla de Montornès","367061.011","4560062.605","1.414986514","41.181014494","e3005145@xtec.cat","http://agora.xtec.cat/ceipelsametllers",,,"EINF2C","EPRI",,,,,,,,,,,,,,,,,,,,,,,,,,,,,,,"POINT (1414986514 41181014494)"
"2022/2023","2022","43010271","Llar d'infants Sol Solet","1","Públic","04","Corporacions Locals","av. de Catalunya, 1-3","43761","977648700","0143","Tarragona","36","Tarragonès","43111","431114","La Pobla de Montornès","00",,"01","La Pobla de Montornès","367104.630","4559743.888","1.415575569","41.178151761","e3010271@xtec.cat","http://www.xtec.cat/centres/e3010271",,"EINF1C",,,,,,,,,,,,,,,,,,,,,,,,,,,,,,,,,"POINT (1415575569 41178151761)"
"2022/2023","2022","43005157","Escola Montoliu","1","Públic","01","Departament d'Educació","c. Alzinar, s/n","43762","977655539","0143","Tarragona","36","Tarragonès","43126","431264","La Riera de Gaià","00",,"02","La Riera de Gaià","362362.166","4558695.810","1.359291624","41.167923018","e3005157@xtec.cat","www.montoliuescola.cat",,,"EINF2C","EPRI",,,,,,,,,,,,,,,,,,,,,,,,,,,,,,,"POINT (1359291624 41167923018)"
"2022/2023","2022","43010049","Llar d'infants Les Monges","1","Públic","04","Corporacions Locals","c. Doctor Pittaluga, 2","43762","977655715","0143","Tarragona","36","Tarragonès","43126","431264","La Riera de Gaià","00",,"02","La Riera de Gaià","362538.100","4558263.368","1.361485045","41.164059038","e3010049@xtec.cat","http://www.xtec.cat/centres/e3010049",,"EINF1C",,,,,,,,,,,,,,,,,,,,,,,,,,,,,,,,,"POINT (1361485045 41164059038)"
"2022/2023","2022","43002776","Escola Salvador Espriu","1","Públic","01","Departament d'Educació","c. de la Font, 3","43883","977809924","0143","Tarragona","36","Tarragonès","43131","431310","Roda de Berà","00",,"01","Roda de Berà","370133.884","4560419.730","1.451535237","41.184728589","e3002776@xtec.cat","https://agora.xtec.cat/ceip-salvador-espriu-roda/",,,"EINF2C","EPRI",,,,,,,,,,,,,,,,,,,,,,,,,,,,,,,"POINT (1451535237 41184728589)"
"2022/2023","2022","43009928","Llar d'infants Els Petitons","1","Públic","04","Corporacions Locals","c. de la Reina Sofía, 17","43883","977657009","0143","Tarragona","36","Tarragonès","43131","431310","Roda de Berà","00",,"01","Roda de Berà","370680.949","4560346.550","1.458071397","41.184157134","e3009928@xtec.cat","http://www.xtec.cat/centres/e3009928",,"EINF1C",,,,,,,,,,,,,,,,,,,,,,,,,,,,,,,,,"POINT (1458071397 41184157134)"
"2022/2023","2022","43011194","Escola El Cucurull","1","Públic","01","Departament d'Educació","c. Joan Carles I, 17","43883","977657190","0143","Tarragona","36","Tarragonès","43131","431310","Roda de Berà","00",,"01","Roda de Berà","370715.794","4560542.055","1.458445423","41.185923151","e3011194@xtec.cat","https://agora.xtec.cat/ceipelcucurull/",,,"EINF2C","EPRI",,,,,,,,,,,,,,,,,,,,,,,,,,,,,,,"POINT (1458445423 41185923151)"
"2022/2023","2022","43011418","Institut Roda de Berà","1","Públic","01","Departament d'Educació","c. de la Font, 3","43883","977657505","0143","Tarragona","36","Tarragonès","43131","431310","Roda de Berà","00",,"01","Roda de Berà","370133.884","4560419.730","1.451535237","41.184728589","e3011418@xtec.cat","http://insrdb.cat",,,,,"ESO",,,,,,,,,,,,,,,,,,,,,,,,,,,,,,"POINT (1451535237 41184728589)"
"2022/2023","2022","43005662","Escola Josep Nin","1","Públic","01","Departament d'Educació","c. Raval de cal Toni, 9","43885","977629085","0143","Tarragona","36","Tarragonès","43135","431359","Salomó","00",,"01","Salomó","363545.075","4565342.070","1.371904332","41.227967826","e3005662@xtec.cat","http://blocs.xtec.cat/escolajosepnin/",,"EINF1C","EINF2C","EPRI",,,,,,,,,,,,,,,,,,,,,,,,,,,,,,,"POINT (1371904332 41227967826)"
"2022/2023","2022","43012678","Llar d'infants El Til·ler","1","Públic","04","Corporacions Locals","av. Catalunya, 2","43885",,"0143","Tarragona","36","Tarragonès","43135","431359","Salomó","00",,"01","Salomó","363788.736","4565458.847","1.374784384","41.229060371","e3012678@xtec.cat",,,"EINF1C",,,,,,,,,,,,,,,,,,,,,,,,,,,,,,,,,"POINT (1374784384 41229060371)"
"2022/2023","2022","43003082","Escola Guillem de Claramunt","1","Públic","01","Departament d'Educació","c. Ctra. de Vallmoll, s/n","43765","977611421","0143","Tarragona","36","Tarragonès","43144","431444","La Secuita","00",,"04","La Secuita","355663.729","4562698.575","1.278532851","41.202798539","e3003082@xtec.cat","http://blocs.xtec.cat/lasecuita",,,"EINF2C","EPRI",,,,,,,,,,,,,,,,,,,,,,,,,,,,,,,"POINT (1278532851 41202798539)"
"2022/2023","2022","43012770","Escola Bressol Municipal els Guillemets","1","Públic","04","Corporacions Locals","ctra. de Vallmoll, s/n","43765",,"0143","Tarragona","36","Tarragonès","43144","431444","La Secuita","00",,"04","La Secuita","355663.729","4562698.575","1.278532851","41.202798539","e3012770@xtec.cat",,,"EINF1C",,,,,,,,,,,,,,,,,,,,,,,,,,,,,,,,,"POINT (1278532851 41202798539)"
"2022/2023","2022","43003136","Escola Bonavista","1","Públic","01","Departament d'Educació","c. 21, s/n","43100","977546289","0143","Tarragona","36","Tarragonès","43148","431482","Tarragona","00",,"01","Bonavista","348286.177","4554066.088","1.192720594","41.123727396","e3003136@xtec.cat","https://agora.xtec.cat/escolabonavista/",,,"EINF2C","EPRI",,,,,,,,,,,,,,,,,,,,,,,,,,,,,,,"POINT (1192720594 41123727396)"
"2022/2023","2022","43003151","Joan XXIII","2","Privat","22","Fundacions","c. Catorze, s/n","43100","977542807","0143","Tarragona","36","Tarragonès","43148","431482","Tarragona","00",,"01","Bonavista","348404.435","4553858.721","1.194179861","41.121882442","e3003151@xtec.cat","http://www.escolajoan23.com",,"EINF1C","EINF2C","EPRI","ESO","BATX","AA01","CFPM",,"AA03","CFPS",,,,,,,,,,,,,,,,,,,,,,,,"POINT (1194179861 41121882442)"
"2022/2023","2022","43003227","Escola Sant Salvador","1","Públic","01","Departament d'Educació","av. de Sant Salvador, 13","43130","977520970","0143","Tarragona","36","Tarragonès","43148","431482","Tarragona","00",,"11","Sant Salvador","352453.578","4558128.126","1.241364707","41.161069007","e3003227@xtec.cat","http://agora.xtec.cat/ceipsantsalvador-tarragona/",,,"EINF2C","EPRI",,,,,,,,,,,,,,,,,,,,,,,,,,,,,,,"POINT (1241364707 41161069007)"
"2022/2023","2022","43003306","Escola Serrallo","1","Públic","01","Departament d'Educació","c. Xavier Montsalvatge, 8","43004","977228876","0143","Tarragona","36","Tarragonès","43148","431482","Tarragona","00",,"13","Tarragona","352189.782","4552673.388","1.239535897","41.111907813","e3003306@xtec.cat","http://www.xtec.cat/ceipserrallo",,,"EINF2C","EPRI",,,,,,,,,,,,,,,,,,,,,,,,,,,,,,,"POINT (1239535897 41111907813)"
"2022/2023","2022","43003321","Escola Sant Pere i Sant Pau","1","Públic","01","Departament d'Educació","Urb. Sant Pere i Sant Pau, s/n","43007","977201227","0143","Tarragona","36","Tarragonès","43148","431482","Tarragona","00",,"13","Tarragona","353363.546","4555530.726","1.252827088","41.137847585","e3003321@xtec.cat","http://agora.xtec.cat/ceip-santperesantpau/",,,"EINF2C","EPRI",,,,,,,,,,,,,,,,,,,,,,,,,,,,,,,"POINT (1252827088 41137847585)"
"2022/2023","2022","43003410","Joan Roig","2","Privat","26","Societats Mercantils","c. Cristòfor Colom, 9","43001","977240223","0143","Tarragona","36","Tarragonès","43148","431482","Tarragona","00",,"13","Tarragona","352936.762","4553144.017","1.248315993","41.116280860","e3003410@xtec.cat","http://agora.xtec.cat/escolajoanroig/",,"EINF1C","EINF2C","EPRI","ESO",,,"CFPM",,,"CFPS",,,,,,,,,,,,,,,,,,,,,,,,"POINT (1248315993 41116280860)"
"2022/2023","2022","43003461","Tic-Tac","2","Privat","24","Ordes i Congregacions Catòlics","av. Lluís Companys, 12","43005","977214288","0143","Tarragona","36","Tarragonès","43148","431482","Tarragona","00",,"13","Tarragona","352410.109","4553621.101","1.241931144","41.120480900","e3003461@xtec.cat","http://www.tictac.lasalle.cat/",,"EINF1C","EINF2C",,,,,,,,,,,,,,,,,,,,,,,,,,,,,,,,"POINT (1241931144 41120480900)"
"2022/2023","2022","43003483","Lestonnac-l'Ensenyança","2","Privat","24","Ordes i Congregacions Catòlics","c. de l'Arc de Sant Llorenç, 2","43003","977232519","0143","Tarragona","36","Tarragonès","43148","431482","Tarragona","00",,"13","Tarragona","353864.702","4553481.143","1.259283661","41.119483805","e3003483@xtec.cat","http://lestonnactarragona.org",,"EINF1C","EINF2C","EPRI","ESO","BATX",,,,,"CFPS",,,,,,,,,,,,,,,,,,,,,,,,"POINT (1259283661 41119483805)"
"2022/2023","2022","43003495","Mare de Déu del Carme","2","Privat","24","Ordes i Congregacions Catòlics","av. Estanislau Figueres, 31","43002","977220105","0143","Tarragona","36","Tarragonès","43148","431482","Tarragona","00",,"13","Tarragona","353023.739","4553375.002","1.249296246","41.118376357","e3003495@xtec.cat","http://www.carmelites.cat",,"EINF1C","EINF2C","EPRI","ESO","BATX","AA01","CFPM",,"AA03",,,,,,,,,,,,,,,,,,,,,,,,,"POINT (1249296246 41118376357)"
"2022/2023","2022","43003501","El Carme","2","Privat","24","Ordes i Congregacions Catòlics","c. del Mar, 17","43004","977212752","0143","Tarragona","36","Tarragonès","43148","431482","Tarragona","00",,"13","Tarragona","352769.999","4552526.677","1.246478510","41.110692221","e3003501@xtec.cat","http://www.elcarmetarragona.cat",,,"EINF2C","EPRI","ESO",,,,,,,,,,,,,,,,,,,,,,,,,,,,,,"POINT (1246478510 41110692221)"
"2022/2023","2022","43003525","Dominiques Tarragona","2","Privat","26","Societats Mercantils","c. Rovira i Virgili, 16","43002","977216151","0143","Tarragona","36","Tarragonès","43148","431482","Tarragona","00",,"13","Tarragona","353130.888","4553443.112","1.250555693","41.119008994","e3003525@xtec.cat","http://www.dominiques.cat",,"EINF1C","EINF2C","EPRI","ESO",,,,,,,,,,,,,,,,,,,,,,,,,,,,,,"POINT (1250555693 41119008994)"
"2022/2023","2022","43003537","La Salle","2","Privat","24","Ordes i Congregacions Catòlics","av. Països Catalans, s/n","43007","977218600","0143","Tarragona","36","Tarragonès","43148","431482","Tarragona","00",,"13","Tarragona","352763.189","4554947.873","1.245816888","41.132490999","e3003537@xtec.cat","https://tarragona.lasalle.cat/",,,"EINF2C","EPRI","ESO","BATX",,,,,"CFPS",,,,,,,,,,,,,,,,,,,,,,,,"POINT (1245816888 41132490999)"
"2022/2023","2022","43003549","Vedruna Sagrat Cor Tarragona","2","Privat","22","Fundacions","c. Santa Joaquima de Vedruna, 10","43002","977217979","0143","Tarragona","36","Tarragonès","43148","431482","Tarragona","00",,"13","Tarragona","352957.535","4553636.536","1.248445393","41.120719182","e3003549@xtec.cat","http://www.sagratcor.cat",,"EINF1C","EINF2C","EPRI","ESO","BATX",,,,,,,,,,,,,,,,,,,,,,,,,"TEGM","TEGS",,,"POINT (1248445393 41120719182)"
"2022/2023","2022","43003550","Santa Teresa de Jesús","2","Privat","22","Fundacions","rbla. Nova, 79","43003","977248800","0143","Tarragona","36","Tarragonès","43148","431482","Tarragona","00",,"13","Tarragona","353201.043","4553155.520","1.251459719","41.116432245","e3003550@xtec.cat","http://tarragona.escolateresiana.com",,,"EINF2C","EPRI","ESO","BATX",,,,,,,,,,,,,,,,,,,,,,,,,,,,,"POINT (1251459719 41116432245)"
"2022/2023","2022","43003586","Sant Pau Apòstol","2","Privat","22","Fundacions","pg. Torroja, 1","43007","977224314","0143","Tarragona","36","Tarragonès","43148","431482","Tarragona","00",,"13","Tarragona","353718.036","4553694.484","1.257486576","41.121378290","e3003586@xtec.cat","http://www.colsantpau.com",,"EINF1C","EINF2C","EPRI","ESO","BATX",,,,,,,,,,,,,,,,,,,,,,,,,,,,,"POINT (1257486576 41121378290)"
"2022/2023","2022","43003616","CEE San Rafael","1","Públic","04","Corporacions Locals","ctra. de Valls, 45","43007","977211758","0143","Tarragona","36","Tarragonès","43148","431482","Tarragona","00",,"13","Tarragona","352305.680","4554551.753","1.240463886","41.128841309","e3003616@xtec.cat","https://www.dipta.cat/santrafael",,,,,,,"AA01",,,,,"EE",,,,,,,,,,,,,,,,,,,,,,,"POINT (1240463886 41128841309)"
"2022/2023","2022","43003631","Estela","2","Privat","22","Fundacions","ctra. de Valls, s/n (Zona Educacional)","43007","977216316","0143","Tarragona","36","Tarragonès","43148","431482","Tarragona","00",,"13","Tarragona","352388.562","4555228.203","1.241288152","41.134946989","e3003631@xtec.cat",,,,,,,,,,,,,"EE",,,,,,,,,,,,,,,,,,,,,,"ADULTS","POINT (1241288152 41134946989)"
"2022/2023","2022","43003641","Institut Antoni de Martí i Franquès","1","Públic","01","Departament d'Educació","c. Enric d'Ossó, 3","43005","977240214","0143","Tarragona","36","Tarragonès","43148","431482","Tarragona","00",,"13","Tarragona","352357.425","4553502.885","1.241332284","41.119406930","e3003641@xtec.cat","http://www.institutmartifranques.com/",,,,,"ESO","BATX",,,,,,,,,,,,,,,"ESCS",,,,,,,,,,,,,,"POINT (1241332284 41119406930)"
"2022/2023","2022","43003653","Institut Comte de Rius","1","Públic","01","Departament d'Educació","ctra. de Valls, s/n (Zona Educacional)","43007","977241384","0143","Tarragona","36","Tarragonès","43148","431482","Tarragona","00",,"13","Tarragona","352388.562","4555228.203","1.241288152","41.134946989","e3003653@xtec.cat","http://www.comtederius.cat",,,,,,"BATX","AA01","CFPM",,"AA03","CFPS",,,,,,,,,,,,,,,,,,,,,,,,"POINT (1241288152 41134946989)"
"2022/2023","2022","43003690","Escola de Pràctiques","1","Públic","01","Departament d'Educació","ctra. Valls, s/n(Zona Educacional)","43007","977217711","0143","Tarragona","36","Tarragonès","43148","431482","Tarragona","00",,"13","Tarragona","352388.562","4555228.203","1.241288152","41.134946989","e3003690@xtec.cat","https://agora.xtec.cat/ceip-practiques-tarragona/",,,"EINF2C","EPRI",,,,,,,,,,,,,,,,,,,,,,,,,,,,,,,"POINT (1241288152 41134946989)"
"2022/2023","2022","43003707","Mare Nostrum","2","Privat","26","Societats Mercantils","Camí Nou de la Budellera, s/n","43007","977290613","0143","Tarragona","36","Tarragonès","43148","431482","Tarragona","00",,"13","Tarragona","355700.869","4554092.427","1.281002361","41.125316139","e3003707@xtec.cat","http://www.cole-marenostrum.com",,,"EINF2C","EPRI","ESO",,,,,,,,,,,,,,,,,,,,,,,,,,,,,,"POINT (1281002361 41125316139)"
"2022/2023","2022","43003719","Espallargas","2","Privat","26","Societats Mercantils","c. Castellers, 1-3-5-7-9","43002","977230751","0143","Tarragona","36","Tarragonès","43148","431482","Tarragona","00",,"13","Tarragona","353265.919","4553688.528","1.252104766","41.121243094","e3003719@xtec.cat","http://www.escolaespallargas.com",,,,,,,,"CFPM",,,"CFPS",,,"PFI",,,,,,,,,,,,,,,,,,,,,"POINT (1252104766 41121243094)"
"2022/2023","2022","43003720","Escola El Miracle","1","Públic","01","Departament d'Educació","pl. del Cardenal Arce Ochotorena, s/n","43003","977239922","0143","Tarragona","36","Tarragonès","43148","431482","Tarragona","00",,"13","Tarragona","353878.737","4552946.554","1.259577953","41.114672946","e3003720@xtec.cat","http://blocs.xtec.cat/elmiracle/",,,"EINF2C","EPRI",,,,,,,,,,,,,,,,,,,,,,,,,,,,,,,"POINT (1259577953 41114672946)"
"2022/2023","2022","43003732","Institut Pons d'Icart","1","Públic","01","Departament d'Educació","c. Assalt, 4","43003","977237927","0143","Tarragona","36","Tarragonès","43148","431482","Tarragona","00",,"13","Tarragona","353293.656","4553219.485","1.252547074","41.117024907","e3003732@xtec.cat","http://www.instiutponsdicart.cat",,,,,"ESO","BATX",,,,,,,,,,,,,,,,,,,,,,,,,,,,,"POINT (1252547074 41117024907)"
"2022/2023","2022","43003756","Escola Torreforta","1","Públic","01","Departament d'Educació","c. Tortosa, 49","43006","977543408","0143","Tarragona","36","Tarragonès","43148","431482","Tarragona","00",,"14","Torreforta","350331.412","4553677.733","1.217167604","41.120610343","e3003756@xtec.cat","http://agora.xtec.cat/escola-torreforta/",,,"EINF2C","EPRI",,,,,,,,,,,,,,,,,,,,,,,,,,,,,,,"POINT (1217167604 41120610343)"
"2022/2023","2022","43003768","Escola Els Àngels","1","Públic","01","Departament d'Educació","c. Menorca, 24","43006","977454654","0143","Tarragona","36","Tarragonès","43148","431482","Tarragona","00",,"14","Torreforta","349915.314","4553806.094","1.212182025","41.121689261","e3003768@xtec.cat","http://www.escolaelsangels.cat",,,"EINF2C","EPRI",,,,,,,,,,,,,,,,,,,,,,,,,,,,,,,"POINT (1212182025 41121689261)"
"2022/2023","2022","43003793","La Salle Torreforta","2","Privat","24","Ordes i Congregacions Catòlics","c. Sant Benilde, 15","43006","977543209","0143","Tarragona","36","Tarragonès","43148","431482","Tarragona","00",,"14","Torreforta","349955.096","4553598.231","1.212706479","41.119825085","e3003793@xtec.cat","http://www.torreforta.lasalle.cat/",,,"EINF2C","EPRI","ESO",,,"CFPM",,,,,,,,,,,,,,,,,,,,,,,,,,,"POINT (1212706479 41119825085)"
"2022/2023","2022","43005169","Escola Pau Delclòs","1","Públic","01","Departament d'Educació","c. Méndez Núñez, 14","43004","977234316","0143","Tarragona","36","Tarragonès","43148","431482","Tarragona","00",,"13","Tarragona","353290.043","4552920.727","1.252575418","41.114334287","e3005169@xtec.cat","http://escolapaudelclos@xtec.cat",,,"EINF2C","EPRI",,,,,,,,,,,,,,,,,,,,,,,,,,,,,,,"POINT (1252575418 41114334287)"
"2022/2023","2022","43005170","Escola La Floresta","1","Públic","01","Departament d'Educació","Urbanització la Floresta","43006","977547807","0143","Tarragona","36","Tarragonès","43148","431482","Tarragona","00",,"14","Torreforta","350016.081","4554205.578","1.213284235","41.125304701","e3005170@xtec.cat","http://agora.xtec.cat/esc-lafloresta/",,,"EINF2C","EPRI",,,,,,,,,,,,,,,,,,,,,,,,,,,,,,,"POINT (1213284235 41125304701)"
"2022/2023","2022","43005686","Escola Riu Clar","1","Públic","01","Departament d'Educació","Urbanització Riu Clar, s/n","43006","977548109","0143","Tarragona","36","Tarragonès","43148","431482","Tarragona","00",,"14","Torreforta","350982.646","4553567.136","1.224948289","41.119734324","e3005686@xtec.cat","https://agora.xtec.cat/ceip-rct/",,,"EINF2C","EPRI",,,,,,,,,,,,,,,,,,,,,,,,,,,,,,,"POINT (1224948289 41119734324)"
"2022/2023","2022","43005704","Institut Francesc Vidal i Barraquer","1","Públic","01","Departament d'Educació","av. Lluís Companys, 1","43005","977212836","0143","Tarragona","36","Tarragonès","43148","431482","Tarragona","00",,"13","Tarragona","352570.697","4553569.454","1.243855587","41.120045048","e3005704@xtec.cat","https://www.vidalibarraquer.net/",,,,,"ESO","BATX",,"CFPM",,"AA03","CFPS",,,,,,,,,,,,,,,,,,,,,,,,"POINT (1243855587 41120045048)"
"2022/2023","2022","43005731","La Muntanyeta","2","Privat","22","Fundacions","c.Muntanyeta S.Pere/ctra. Pallaresos Km1","43007","977217604","0143","Tarragona","36","Tarragonès","43148","431482","Tarragona","00",,"13","Tarragona","353306.241","4554855.431","1.252306035","41.131756989","e3005731@xtec.cat",,,,,,,,,,,,,"EE",,,,,,,,,,,,,,,,,,,,,,,"POINT (1252306035 41131756989)"
"2022/2023","2022","43005911","Escola Campclar","1","Públic","01","Departament d'Educació","Urbanització Verge del Pilar, s/n","43006","977548280","0143","Tarragona","36","Tarragonès","43148","431482","Tarragona","00",,"14","Torreforta","349822.104","4553176.771","1.211226118","41.116005824","e3005911@xtec.cat","http://www.xtec.cat/ceip-campclar",,,"EINF2C","EPRI",,,,,,,,,,,,,,,,,,,,,,,,,,,,,,,"POINT (1211226118 41116005824)"
"2022/2023","2022","43005959","Escola Cèsar August","1","Públic","01","Departament d'Educació","c. Joan Bta. Plana, 9","43005","977230352","0143","Tarragona","36","Tarragonès","43148","431482","Tarragona","00",,"13","Tarragona","352076.682","4553673.027","1.237948700","41.120887765","e3005959@xtec.cat","http://agora.xtec.cat/ceipcesaraugust/",,,"EINF2C","EPRI",,,,,,,,,,,,,,,,,,,,,,,,,,,,,,,"POINT (1237948700 41120887765)"
"2022/2023","2022","43006125","Institut Campclar","1","Públic","01","Departament d'Educació","Rambla de Ponent, 66","43006","977541007","0143","Tarragona","36","Tarragonès","43148","431482","Tarragona","00",,"13","Tarragona","349863.320","4554052.525","1.211502708","41.123898433","e3006125@xtec.cat","http://www.inscampclar.cat",,,,,"ESO","BATX","AA01","CFPM",,,,,,"PFI",,,,,,,,,,,,,,,,,,,,,"POINT (1211502708 41123898433)"
"2022/2023","2022","43006162","Solc","2","Privat","21","Cooperatives","c. Apodaca, 3","43004","977554375","0143","Tarragona","36","Tarragonès","43148","431482","Tarragona","00",,"13","Tarragona","353130.557","4552761.001","1.250714847","41.112867308","e3006162@xtec.cat","https://sites.google.com/view/ceepsirsolc/home",,,,,,,,,,,,"EE",,,,,,,,,,,,,,,,,,,,,,,"POINT (1250714847 41112867308)"
"2022/2023","2022","43006253","EASD de Tarragona","1","Públic","04","Corporacions Locals","ctra.de Valls, s/n,Zona Educacional","43007","977211253","0143","Tarragona","36","Tarragonès","43148","431482","Tarragona","00",,"13","Tarragona","350665.044","4553145.978","1.221269246","41.115884000","e3006253@xtec.cat","http://www.dipta.cat/eadt",,,,,,,,,,,,,,,,,,"CFAS","ESDI",,,,,,,,,,,,,,,,"POINT (1221269246 41115884000)"
"2022/2023","2022","43006265","Escola de Dansa Artemis","2","Privat","41","Persones Físiques","ptge. Cobos, 5-7","43001","977218626","0143","Tarragona","36","Tarragonès","43148","431482","Tarragona","00",,"13","Tarragona","353037.674","4553148.136","1.249516438","41.116336213","e3006265@xtec.cat",,,,,,,,,,,,,,,,,,,,,,,,,,"DANE",,,,,,,,,,"POINT (1249516438 41116336213)"
"2022/2023","2022","43006277","Cons. de Música de Tarragona","1","Públic","04","Corporacions Locals","c. Cavallers, 10","43003","977235830","0143","Tarragona","36","Tarragonès","43148","431482","Tarragona","00",,"13","Tarragona","353575.720","4553288.115","1.255888949","41.117693752","e3006277@xtec.cat","https://www.dipta.cat/cmtarragona",,,,,,,,,,,,,,,,,,,,,,,,,,,,,"MUSP",,,,,,"POINT (1255888949 41117693752)"
"2022/2023","2022","43006563","Escola Marcel·lí Domingo","1","Públic","01","Departament d'Educació","ctra. Pallaresos (Ub. S. Pere i S.Pau)","43007","977225465","0143","Tarragona","36","Tarragonès","43148","431482","Tarragona","00",,"13","Tarragona","352923.176","4555674.343","1.247548000","41.139061000","e3006563@xtec.cat","http://blocs.xtec.cat/escolamdomingo",,,"EINF2C","EPRI",,,,,,,,,,,,,,,,,,,,,,,,,,,,,,,"POINT (1247548000 41139061000)"
"2022/2023","2022","43006630","Institut Pere Martell","1","Públic","01","Departament d'Educació","Autovia de Salou, s/n","43006","977556338","0143","Tarragona","36","Tarragonès","43148","431482","Tarragona","00",,"13","Tarragona","352162.348","4552414.578","1.239271570","41.109572546","e3006630@xtec.cat","http://www.institutperemartell.cat",,,,,,"BATX","AA01","CFPM",,"AA03","CFPS",,,"PFI",,,,,,,,,,,,,,,,,,,,,"POINT (1239271570 41109572546)"
"2022/2023","2022","43006940","EOI de Tarragona","1","Públic","01","Departament d'Educació","C. Smith, 55","43001","977226936","0143","Tarragona","36","Tarragonès","43148","431482","Tarragona","00",,"13","Tarragona","352690.158","4552669.409","1.245493795","41.111962883","e3006940@xtec.cat",,,,,,,,,,,,,,,,,,,,,,,,,"IDI",,,,,,,,,,,"POINT (1245493795 41111962883)"
"2022/2023","2022","43007051","CFA Josepa Massanés i Dalmau","1","Públic","01","Departament d'Educació","c. Fra Antoni Cardona i Grau, s/n","43002","977237860","0143","Tarragona","36","Tarragonès","43148","431482","Tarragona","00",,"13","Tarragona","353382.633","4553785.059","1.253471398","41.122133326","e3007051@xtec.cat",,,,,,,,"AA01",,,,,,,,,,,,,,,,,,,,,,,,,,,"ADULTS","POINT (1253471398 41122133326)"
"2022/2023","2022","43007117","Escola Pax","1","Públic","01","Departament d'Educació","av. Josep Gramunt i Subiela, 55-57","43007","977217757","0143","Tarragona","36","Tarragonès","43148","431482","Tarragona","00",,"13","Tarragona","352986.201","4554160.201","1.248661321","41.125439367","e3007117@xtec.cat","http://agora.xtec.cat/ceippax/",,,"EINF2C","EPRI",,,,,,,,,,,,,,,,,,,,,,,,,,,,,,,"POINT (1248661321 41125439367)"
"2022/2023","2022","43007713","Llar d'infants El Ninot","1","Públic","04","Corporacions Locals","c. Riu Onyar, s/n (Campclar)","43006","977550230","0143","Tarragona","36","Tarragonès","43148","431482","Tarragona","00",,"14","Torreforta","349491.968","4553193.672","1.207291550","41.116096885","e3007713@xtec.cat","https://blocs.xtec.cat/llardinfantsmunicipalelninot/",,"EINF1C",,,,,,,,,,,,,,,,,,,,,,,,,,,,,,,,,"POINT (1207291550 41116096885)"
"2022/2023","2022","43007725","Llar d'infants La Taronja","1","Públic","04","Corporacions Locals","c. Riu Llobregat, s/n (Campclar)","43006","977550220","0143","Tarragona","36","Tarragonès","43148","431482","Tarragona","00",,"14","Torreforta","349269.367","4553234.279","1.204631418","41.116421215","e3007725@xtec.cat","http://www.xtec.cat/centres/e3007725",,"EINF1C",,,,,,,,,,,,,,,,,,,,,,,,,,,,,,,,,"POINT (1204631418 41116421215)"
"2022/2023","2022","43007853","Llar d'infants La Baldufa","1","Públic","01","Departament d'Educació","ctra. de València, s/n(barri del Pilar)","43006","977540609","0143","Tarragona","36","Tarragonès","43148","431482","Tarragona","00",,"13","Tarragona","349998.348","4553190.708","1.213320981","41.116163879","e3007853@xtec.cat","http://llarinfantslabaldufa.blogspot.com",,"EINF1C",,,,,,,,,,,,,,,,,,,,,,,,,,,,,,,,,"POINT (1213320981 41116163879)"
"2022/2023","2022","43007981","Bao Bab","2","Privat","21","Cooperatives","Via Augusta, 34","43003","977238832","0143","Tarragona","36","Tarragonès","43148","431482","Tarragona","00",,"13","Tarragona","354017.915","4553160.656","1.261184058","41.116625723","e3007981@xtec.cat","http://www.xtec.cat/centres/e3007981",,"EINF1C",,,,,,,,,,,,,,,,,,,,,,,,,,,,,,,,,"POINT (1261184058 41116625723)"
"2022/2023","2022","43008390","Institut Torreforta","1","Públic","01","Departament d'Educació","c. Móra d'Ebre, s/n","43006","977545721","0143","Tarragona","36","Tarragonès","43148","431482","Tarragona","00",,"13","Tarragona","350193.148","4553908.303","1.215465132","41.122660824","e3008390@xtec.cat","https://agora.xtec.cat/instorreforta",,,,,"ESO","BATX",,,,,,,,,,,,,,,,,,,,,,,,,,,,,"POINT (1215465132 41122660824)"
"2022/2023","2022","43008432","Institut Sant Pere i Sant Pau","1","Públic","01","Departament d'Educació","c. de l'Institut, s/n","43007","977213248","0143","Tarragona","36","Tarragonès","43148","431482","Tarragona","00",,"10","Sant Pere i Sant Pau","352956.809","4555735.671","1.247933864","41.139619276","e3008432@xtec.cat","http://www.xtec.cat/iesspsp",,,,,"ESO","BATX",,,,,,,,,,,,,,,,,,,,,,,,,,,,,"POINT (1247933864 41139619276)"
"2022/2023","2022","43008501","Institut Pont del Diable","1","Públic","01","Departament d'Educació","av. de Sant Salvador, 17-A","43130","977523011","0143","Tarragona","36","Tarragonès","43148","431482","Tarragona","00",,"11","Sant Salvador","352445.488","4558311.844","1.241224083","41.162721690","e3008501@xtec.cat","http://www.institutpontdeldiable.cat",,,,,"ESO",,,"CFPM",,,,,,,,,,,,,,,,,,,,,,,,,,,"POINT (1241224083 41162721690)"
"2022/2023","2022","43008560","Àngel de la Guarda","2","Privat","27","Societats Civils","c. Prat de la Riba, 18","43001","977221322","0143","Tarragona","36","Tarragonès","43148","431482","Tarragona","00",,"13","Tarragona","352796.520","4553109.294","1.246654629","41.115942818","e3008560@xtec.cat","http://www.xtec.cat/centres/e3008560",,"EINF1C",,,,,,,,,,,,,,,,,,,,,,,,,,,,,,,,,"POINT (1246654629 41115942818)"
"2022/2023","2022","43008687","LLI privada Yo-Ni","2","Privat","21","Cooperatives","c. Rovira i Virgili, 54","43007","977220625","0143","Tarragona","36","Tarragonès","43148","431482","Tarragona","00",,"13","Tarragona","353311.036","4553991.463","1.252569590","41.123978826","e3008687@xtec.cat","http://www.xtec.cat/centres/e3008687",,"EINF1C",,,,,,,,,,,,,,,,,,,,,,,,,,,,,,,,,"POINT (1252569590 41123978826)"
"2022/2023","2022","43008729","CFA Tarragona","1","Públic","01","Departament d'Educació","Perllongació carrer B,s/n(Barri Riu Clar","43006","977551888","0143","Tarragona","36","Tarragonès","43148","431482","Tarragona","00",,"13","Tarragona","349143.399","4552936.288","1.203204888","41.113714829","e3008729@xtec.cat","http://agora.xtec.cat/cfatarragona",,,,,,,,,,,,,,,,,,,,,,,,,,,,,,,,,,"ADULTS","POINT (1203204888 41113714829)"
"2022/2023","2022","43008766","Esc. de Música Municipal","1","Públic","04","Corporacions Locals","c. Armanyà, 10","43003","977245236","0143","Tarragona","36","Tarragonès","43148","431482","Tarragona","00",,"13","Tarragona","353333.699","4552914.205","1.253096716","41.114283442","e3008766@xtec.cat",,,,,,,,,,,,,,,,,,,,,,,,,,,,,"MUSE",,,,,,,"POINT (1253096716 41114283442)"
"2022/2023","2022","43008778","CFA Fòrum","1","Públic","04","Corporacions Locals","av. Ramon i Cajal, 70","43001","977242833","0143","Tarragona","36","Tarragonès","43148","431482","Tarragona","00",,"13","Tarragona","352620.028","4553193.100","1.244533261","41.116665380","e3008778@xtec.cat",,,,,,,,,,,,,,,,,,,,,,,,,,,,,,,,,,,"ADULTS","POINT (1244533261 41116665380)"
"2022/2023","2022","43008791","Esc. de Música de la Diputació de Tarragona","1","Públic","04","Corporacions Locals","c. Cavallers, 10","43003","977235830","0143","Tarragona","36","Tarragonès","43148","431482","Tarragona","00",,"13","Tarragona","353575.720","4553288.115","1.255888949","41.117693752","e3008791@xtec.cat",,,,,,,,,,,,,,,,,,,,,,,,,,,,,"MUSE",,,,,,,"POINT (1255888949 41117693752)"
"2022/2023","2022","43008997","LLI privada El Niuet","2","Privat","41","Persones Físiques","c. Muntanya Sant Pere, 15(Urb.Pedrol)","43007","977203020","0143","Tarragona","36","Tarragonès","43148","431482","Tarragona","00",,"13","Tarragona","353250.187","4554941.128","1.251618019","41.132518462","e3008997@xtec.cat","http://www.xtec.cat/centres/e3008997",,"EINF1C",,,,,,,,,,,,,,,,,,,,,,,,,,,,,,,,,"POINT (1251618019 41132518462)"
"2022/2023","2022","43009175","L'Alba i La Cigonya","2","Privat","26","Societats Mercantils","c. Reding, 6","43001","977214108","0143","Tarragona","36","Tarragonès","43148","431482","Tarragona","00",,"13","Tarragona","353162.449","4552940.561","1.251051605","41.114489812","e3009175@xtec.cat","http://www.xtec.cat/centres/e3009175",,"EINF1C","EINF2C",,,,,,,,,,,,,,,,,,,,,,,,,,,,,,,,"POINT (1251051605 41114489812)"
"2022/2023","2022","43009230","Escola Tarragona","1","Públic","01","Departament d'Educació","c. Guillem Oliver, 3","43005","977232947","0143","Tarragona","36","Tarragonès","43148","431482","Tarragona","00",,"13","Tarragona","352046.592","4554330.576","1.237431986","41.126802702","e3009230@xtec.cat","https://agora.xtec.cat/esc-tarragona/",,,"EINF2C","EPRI",,,,,,,,,,,,,,,,,,,,,,,,,,,,,,,"POINT (1237431986 41126802702)"
"2022/2023","2022","43009369","Escola Saavedra","1","Públic","01","Departament d'Educació","Via de l'Imperi, 1","43003","977237619","0143","Tarragona","36","Tarragonès","43148","431482","Tarragona","00",,"13","Tarragona","353346.270","4553304.893","1.253153097","41.117803413","e3009369@xtec.cat","http://agora.xtec.cat/ceipsaavedra/",,,"EINF2C","EPRI",,,,,,,,,,,,,,,,,,,,,,,,,,,,,,,"POINT (1253153097 41117803413)"
"2022/2023","2022","43009539","LLI privada Baobad-rosa","2","Privat","21","Cooperatives","Via Augusta, 74","43003","977218279","0143","Tarragona","36","Tarragonès","43148","431482","Tarragona","00",,"13","Tarragona","354643.673","4553409.259","1.268575462","41.118976370","e3009539@xtec.cat","http://www.xtec.cat/centres/e3009539",,"EINF1C",,,,,,,,,,,,,,,,,,,,,,,,,,,,,,,,,"POINT (1268575462 41118976370)"
"2022/2023","2022","43009576","Esc. de Música Estudi de Música","2","Privat","21","Cooperatives","ptge. Cobos, 3","43001","977231720","0143","Tarragona","36","Tarragonès","43148","431482","Tarragona","00",,"13","Tarragona","353031.561","4553138.331","1.249446004","41.116246824","e3009576@xtec.cat",,,,,,,,,,,,,,,,,,,,,,,,,,,,,"MUSE",,,,,,,"POINT (1249446004 41116246824)"
"2022/2023","2022","43009722","Institut Cal·lípolis","1","Públic","01","Departament d'Educació","Autovia de Salou, s/n","43006","977544202","0143","Tarragona","36","Tarragonès","43148","431482","Tarragona","00",,"13","Tarragona","352162.348","4552414.578","1.239271570","41.109572546","e3009722@xtec.cat","http://www.institutcallipolis.cat",,,,,,"BATX","AA01","CFPM",,"AA03","CFPS",,"IFE","PFI",,,,,,,,,,,,,,,,,"TEGM","TEGS",,,"POINT (1239271570 41109572546)"
"2022/2023","2022","43010256","Llar d'infants El Serrallo","1","Públic","04","Corporacions Locals","Barri del Serrallo, s/n","43003","977248592","0143","Tarragona","36","Tarragonès","43148","431482","Tarragona","00",,"13","Tarragona","352062.370","4552841.852","1.237978497","41.113401434","e3010256@xtec.cat","http://www.xtec.cat/centres/e3010256",,"EINF1C",,,,,,,,,,,,,,,,,,,,,,,,,,,,,,,,,"POINT (1237978497 41113401434)"
"2022/2023","2022","43010281","LLI privada El Bosquet","2","Privat","26","Societats Mercantils","urb. Els Pinars, 45","43007",,"0143","Tarragona","36","Tarragonès","43148","431482","Tarragona","00",,"13","Tarragona","356872.658","4555086.730","1.294723776","41.134476297","e3010281@xtec.cat",,,"EINF1C",,,,,,,,,,,,,,,,,,,,,,,,,,,,,,,,,"POINT (1294723776 41134476297)"
"2022/2023","2022","43010396","Escola de Ponent","1","Públic","01","Departament d'Educació","av. del President Tarradellas, s/n","43006","977260701","0143","Tarragona","36","Tarragonès","43148","431482","Tarragona","00",,"13","Tarragona","349028.405","4553654.902","1.201659248","41.120163584","e3010396@xtec.cat","http://agora.xtec.cat/escolaponent-tarragona",,,"EINF2C","EPRI",,,,,,,,,,,,,,,,,,,,,,,,,,,,,,,"POINT (1201659248 41120163584)"
"2022/2023","2022","43010438","Llar d'infants El Miracle","1","Públic","04","Corporacions Locals","pl. Cardenal Arce Ochotorena, s/n","43003","977249722","0143","Tarragona","36","Tarragonès","43148","431482","Tarragona","00",,"13","Tarragona","353878.737","4552946.554","1.259577953","41.114672946","e3010438@xtec.cat","http://www.xtec.cat/centres/e3010438",,"EINF1C",,,,,,,,,,,,,,,,,,,,,,,,,,,,,,,,,"POINT (1259577953 41114672946)"
"2022/2023","2022","43010700","CASASFORMACIÓN.ES","2","Privat","26","Societats Mercantils","c. Dr. Zamenhoff, 3 bxs.","43001","977220890","0143","Tarragona","36","Tarragonès","43148","431482","Tarragona","00",,"13","Tarragona","352861.679","4552774.168","1.247510664","41.112937205","e3010700@xtec.cat","http://www.casasformacion.es",,,,,,,,,,,"CFPS",,,,,,,,,,,,,,,,,,,,,,,,"POINT (1247510664 41112937205)"
"2022/2023","2022","43010955","Llar d'infants Sant Pere i Sant Pau","1","Públic","04","Corporacions Locals","rbla. de Sant Pere i Sant Pau","43004","977203550","0143","Tarragona","36","Tarragonès","43148","431482","Tarragona","00",,"13","Tarragona","353363.546","4555530.726","1.252827088","41.137847585","e3010955@xtec.cat",,,"EINF1C",,,,,,,,,,,,,,,,,,,,,,,,,,,,,,,,,"POINT (1252827088 41137847585)"
"2022/2023","2022","43010979","Llar d'infants Sant Salvador","1","Públic","04","Corporacions Locals","av. Sant Salvador, 13","43130","977293045","0143","Tarragona","36","Tarragonès","43148","431482","Tarragona","00",,"13","Tarragona","352453.578","4558128.126","1.241364707","41.161069007","e3010979@xtec.cat",,,"EINF1C",,,,,,,,,,,,,,,,,,,,,,,,,,,,,,,,,"POINT (1241364707 41161069007)"
"2022/2023","2022","43011479","Institut Tarragona","1","Públic","01","Departament d'Educació","pl. de la Imperial Tarraco, 1","43003","977238277","0143","Tarragona","36","Tarragonès","43148","431482","Tarragona","00",,"13","Tarragona","352768.507","4553480.570","1.246232104","41.119280647","e3011479@xtec.cat","https://agora.xtec.cat/instarragona/",,,,,"ESO","BATX",,,,,,,,,,,,,,,,,,,,,,,,,,,,,"POINT (1246232104 41119280647)"
"2022/2023","2022","43011561","Llar d'infants L'Arrabassada","1","Públic","04","Corporacions Locals","c. Internet, s/n","43001",,"0143","Tarragona","36","Tarragonès","43148","431482","Tarragona","00",,"13","Tarragona","354346.842","4553801.968","1.264948139","41.122459099","e3011561@xtec.cat",,,"EINF1C",,,,,,,,,,,,,,,,,,,,,,,,,,,,,,,,,"POINT (1264948139 41122459099)"
"2022/2023","2022","43012125","Novatècnica","2","Privat","26","Societats Mercantils","c. Francolí, 52-54, baixos","43006",,"0143","Tarragona","36","Tarragonès","43148","431482","Tarragona","00",,"13","Tarragona","350549.803","4553502.631","1.219810460","41.119074001","e3012125@xtec.cat",,,,,,,,,"CFPM",,,"CFPS",,,,,,,,,,,,,,,,,,,,,,,"ADULTS","POINT (1219810460 41119074001)"
"2022/2023","2022","43012162","Llar d'infants Bonavista","1","Públic","04","Corporacions Locals","c. Vint-i-u, s/n","43100",,"0143","Tarragona","36","Tarragonès","43148","431482","Tarragona","00",,"13","Tarragona","348338.698","4553524.531","1.193479701","41.118861266","e3012162@xtec.cat",,,"EINF1C",,,,,,,,,,,,,,,,,,,,,,,,,,,,,,,,,"POINT (1193479701 41118861266)"
"2022/2023","2022","43012216","Llar d'infants Cèsar August","1","Públic","04","Corporacions Locals","c. Joan Baptista Plana, 9","43005",,"0143","Tarragona","36","Tarragonès","43148","431482","Tarragona","00",,"13","Tarragona","352076.682","4553673.027","1.237948700","41.120887765","e3012216@xtec.cat",,,"EINF1C",,,,,,,,,,,,,,,,,,,,,,,,,,,,,,,,,"POINT (1237948700 41120887765)"
"2022/2023","2022","43012447","Bettatur","2","Privat","26","Societats Mercantils","Via de l'Imperi Romà, 11","43001",,"0143","Tarragona","36","Tarragonès","43148","431482","Tarragona","00",,"13","Tarragona","353379.343","4553292.854","1.253549739","41.117700989","e3012447@xtec.cat",,,,,,,,,,,,"CFPS",,,,,,,,,,,,,,,,,,,,,,,,"POINT (1253549739 41117700989)"
"2022/2023","2022","43012629","Aula Magna","2","Privat","26","Societats Mercantils","av. República Argentina, 11","43007",,"0143","Tarragona","36","Tarragonès","43148","431482","Tarragona","00",,"13","Tarragona","352483.235","4553827.316","1.242752281","41.122350910","e3012629@xtec.cat",,,,,,,,,"CFPM",,,"CFPS",,,,,,,,,,,,,,,,,,,,,,,"ADULTS","POINT (1242752281 41122350910)"
"2022/2023","2022","43012642","LLI privada Xino-Xano Joan XXIII","2","Privat","26","Societats Mercantils","c. Arquebisbe Josep Pont i Gol, 19","43005",,"0143","Tarragona","36","Tarragonès","43148","431482","Tarragona","00",,"13","Tarragona","351872.420","4554377.708","1.235346641","41.127195308","e3012642@xtec.cat",,,"EINF1C",,,,,,,,,,,,,,,,,,,,,,,,,,,,,,,,,"POINT (1235346641 41127195308)"
"2022/2023","2022","43012708","CEOP","2","Privat","26","Societats Mercantils","av. Roma, 5C, 1-2","43005",,"0143","Tarragona","36","Tarragonès","43148","431482","Tarragona","00",,"13","Tarragona","352498.030","4553436.258","1.243022374","41.118832584","e3012708@xtec.cat",,,,,,,,,,,,,,,"PFI",,,,,,,,,,,,,,,,,,,,"ADULTS","POINT (1243022374 41118832584)"
"2022/2023","2022","43012897","AFENTD","2","Privat","31","Associacions","c. Sant Benilde, 15","43006",,"0143","Tarragona","36","Tarragonès","43148","431482","Tarragona","00",,"13","Tarragona","349955.096","4553598.231","1.212706479","41.119825085","e3012897@xtec.cat",,,,,,,,,,,,,,,,,,,,,,,,,,,,,,,,"TEGM","TEGS",,,"POINT (1212706479 41119825085)"
"2022/2023","2022","43012939","Òrgan Gestor del Complex Educatiu de Tarragona","1","Públic","01","Departament d'Educació","ctra. de Salou, s/n","43004",,"0143","Tarragona","36","Tarragonès","43148","431482","Tarragona","00",,"13","Tarragona","352162.348","4552414.578","1.239271570","41.109572550","e3012939@xtec.cat","http://www.campuseducatiudetarragona.cat",,,,,"ESO",,,,,,,,,,,,,,,,,,,,,,,,,,,,,,"POINT (1239271570 41109572550)"
"2022/2023","2022","43012976","Institut Escola Mediterrani","1","Públic","01","Departament d'Educació","c. Riu Ter, s/n","43001","977540706","0143","Tarragona","36","Tarragonès","43148","431482","Tarragona","00",,"01","Bonavista","349089.002","4553196.775","1.202493296","41.116050050","e3012976@xtec.cat","http://www.xtec.cat/centres/e3006381",,,"EINF2C","EPRI","ESO",,,,,,,,,,,,,,,,,,,,,,,,,,,,,,"POINT (1202493296 41116050050)"
"2022/2023","2022","43013002","A. Hospitalària H.de dia salut mental infanto juvenil deTarragona","1","Públic","02","Altres Departaments","av. Vidal i Barraquer, 27-20 esc. B","43001",,"0143","Tarragona","36","Tarragonès","43148","431482","Tarragona","00",,"13","Tarragona","352348.365","4552781.870","1.241397743","41.112913401","e3013002@xtec.cat",,,,"EINF2C","EPRI","ESO",,,,,,,,,,,,,,,,,,,,,,,,,,,,,,"POINT (1241397743 41112913401)"
"2022/2023","2022","43013063","LLI privada Teresianes-Jaycar","2","Privat","22","Fundacions","c. d'Ixart, 10","43003",,"0143","Tarragona","36","Tarragonès","43148","431482","Tarragona","00",,"13","Tarragona","353194.822","4553253.761","1.251362171","41.117315664","e3013063@xtec.cat",,,"EINF1C",,,,,,,,,,,,,,,,,,,,,,,,,,,,,,,,,"POINT (1251362171 41117315664)"
"2022/2023","2022","43013166","Centre de Formació CBS","2","Privat","26","Societats Mercantils","c. Ventallols, 5","43003",,"0143","Tarragona","36","Tarragonès","43148","431482","Tarragona","00",,"13","Tarragona","353784.000","4553261.000","1.258375000","41.117479000","e3013166@xtec.cat",,,,,,,,,,,,"CFPS",,,,,,,,,,,,,,,,,,,,,,,,"POINT (1258375000 41117479000)"
"2022/2023","2022","43013191","Institut Escola L'Arrabassada","1","Públic","01","Departament d'Educació","c. Mercè Rodoreda, s/n","43001",,"0143","Tarragona","36","Tarragonès","43148","431482","Tarragona","00",,"13","Tarragona","354961.000","4553889.000","1.272123000","41.123335000","e3013191@xtec.cat",,,,"EINF2C","EPRI","ESO",,,,,,,,,,,,,,,,,,,,,,,,,,,,,,"POINT (1272123000 41123335000)"
"2022/2023","2022","43013233","Ilerna Tarragona","2","Privat","26","Societats Mercantils","c. Joan Serra i Vilaró, 7","43007",,"0143","Tarragona","36","Tarragonès","43148","431482","Tarragona","00",,"13","Tarragona","352603.000","4554537.000","1.244009000","41.128708000","e3013233@xtec.cat",,,,,,,,,"CFPM",,,"CFPS",,,,,,,,,,,,,,,,,,,,,,,,"POINT (1244009000 41128708000)"
"2022/2023","2022","43003884","Escola Antoni Roig","1","Públic","01","Departament d'Educació","av. Sant Jordi. núm. 1(ap.correus 142)","43830","977640836","0143","Tarragona","36","Tarragonès","43153","431536","Torredembarra","00",,"04","Torredembarra","365320.755","4556219.354","1.395090160","41.146120804","e3003884@xtec.cat","http://agora.xtec.cat/escolaantoniroig/",,,"EINF2C","EPRI",,,,,,,,,,,,,,,,,,,,,,,,,,,,,,,"POINT (1395090160 41146120804)"
"2022/2023","2022","43006851","Escola Molí de Vent","1","Públic","01","Departament d'Educació","c. de les Escoles, 13-15","43830","977130246","0143","Tarragona","36","Tarragonès","43153","431536","Torredembarra","00",,"04","Torredembarra","365901.209","4556537.437","1.401935031","41.149081125","e3006851@xtec.cat","https://agora.xtec.cat/ceip-molidevent/",,,"EINF2C","EPRI",,,,,,,,,,,,,,,,,,,,,,,,,,,,,,,"POINT (1401935031 41149081125)"
"2022/2023","2022","43006952","Institut Torredembarra","1","Públic","01","Departament d'Educació","av. de Sant Jordi, 62-64","43830","977640312","0143","Tarragona","36","Tarragonès","43153","431536","Torredembarra","00",,"04","Torredembarra","365906.326","4556776.441","1.401943721","41.151234081","e3006952@xtec.cat","http://www.instorredembarra.cat/",,,,,"ESO","BATX",,,,,,,,,,,,,,,,,,,,,,,,,,,,,"POINT (1401943721 41151234081)"
"2022/2023","2022","43007661","Institut Ramon de la Torre","1","Públic","01","Departament d'Educació","c. Camí del Moro, 28-40","43830","977642402","0143","Tarragona","36","Tarragonès","43153","431536","Torredembarra","00",,"04","Torredembarra","366783.474","4556597.152","1.412432198","41.149764195","e3007661@xtec.cat","http://www.institutramondelatorre.org",,,,,"ESO","BATX","AA01","CFPM",,,"CFPS",,,"PFI",,,,,,,,,,,,,,,,,,,,,"POINT (1412432198 41149764195)"
"2022/2023","2022","43009242","Escola L'Antina","1","Públic","01","Departament d'Educació","pg. Miramar, 190-200","43830","977642496","0143","Tarragona","36","Tarragonès","43153","431536","Torredembarra","00",,"04","Torredembarra","366488.944","4556124.649","1.409026391","41.145461110","e3009242@xtec.cat","http://www.escolaantina.cat",,,"EINF2C","EPRI",,,,,,,,,,,,,,,,,,,,,,,,,,,,,,,"POINT (1409026391 41145461110)"
"2022/2023","2022","43009643","Llar d'infants El Cirerer","1","Públic","04","Corporacions Locals","c. Camí de l'Era, 52-54","43830","977642535","0143","Tarragona","36","Tarragonès","43153","431536","Torredembarra","00",,"04","Torredembarra","365631.792","4556205.735","1.398798240","41.146049746","e3009643@xtec.cat","http://www.xtec.cat/centres/e3009643",,"EINF1C",,,,,,,,,,,,,,,,,,,,,,,,,,,,,,,,,"POINT (1398798240 41146049746)"
"2022/2023","2022","43009746","Esc. de Música Municipal de Torredembarra","1","Públic","04","Corporacions Locals","c. Alt de Sant Pere, 35","43830","977644308","0143","Tarragona","36","Tarragonès","43153","431536","Torredembarra","00",,"04","Torredembarra","365635.176","4556155.526","1.398849554","41.145598202","e3009746@xtec.cat",,,,,,,,,,,,,,,,,,,,,,,,,,,,,"MUSE",,,,,,,"POINT (1398849554 41145598202)"
"2022/2023","2022","43010918","Escola de Dansa Centrescènic","2","Privat","27","Societats Civils","c. Eduard Benot, 11/c. Carnisseria, 9","43830",,"0143","Tarragona","36","Tarragonès","43153","431536","Torredembarra","00",,"04","Torredembarra","365428.866","4556110.100","1.396401965","41.145154967","e3010918@xtec.cat",,,,,,,,,,,,,,,,,,,,,,,,,,"DANE",,,,,,,,,,"POINT (1396401965 41145154967)"
"2022/2023","2022","43011650","EB privada La Casa de les Fades","2","Privat","26","Societats Mercantils","c.Joaquim Torres Ibern, 7 local I","43830","977130810","0143","Tarragona","36","Tarragonès","43153","431536","Torredembarra","00",,"04","Torredembarra","366919.302","4556487.292","1.414074135","41.148797253","e3011650@xtec.cat",,,"EINF1C",,,,,,,,,,,,,,,,,,,,,,,,,,,,,,,,,"POINT (1414074135 41148797253)"
"2022/2023","2022","43012253","Llar d'infants Els Gegants de la Torre","1","Públic","04","Corporacions Locals","c. de les Escoles, s/n","43830",,"0143","Tarragona","36","Tarragonès","43153","431536","Torredembarra","00",,"04","Torredembarra","365913.892","4556518.073","1.402090350","41.148908863","e3012253@xtec.cat",,,"EINF1C",,,,,,,,,,,,,,,,,,,,,,,,,,,,,,,,,"POINT (1402090350 41148908863)"
"2022/2023","2022","43012794","Centre d'Estudis Eqüestres Torredembarra","2","Privat","26","Societats Mercantils","ctra. La Riera, s/n","43830","977640282","0143","Tarragona","36","Tarragonès","43153","431536","Torredembarra","00",,"04","Torredembarra","365303.671","4556261.978","1.394877297","41.146501773","e3012794@xtec.cat",,,,,,,,,"CFPM",,,,,,,,,,,,,,,,,,,,,,,"TEGM","TEGS",,,"POINT (1394877297 41146501773)"
"2022/2023","2022","43004864","Escola Pere Virgili","1","Públic","01","Departament d'Educació","pl. de la Pau, s/n","43141","977840353","0143","Tarragona","36","Tarragonès","43166","431665","Vilallonga del Camp","00",,"01","Vilallonga del Camp","349403.246","4563683.275","1.203657307","41.210524135","e3004864@xtec.cat","http://escolaperevirgili.blogspot.com",,,"EINF2C","EPRI",,,,,,,,,,,,,,,,,,,,,,,,,,,,,,,"POINT (1203657307 41210524135)"
"2022/2023","2022","43010104","Llar d'infants Patufet","1","Públic","04","Corporacions Locals","rbla. Mare de Déu del Roser/pl.de la Pau","43141","977842062","0143","Tarragona","36","Tarragonès","43166","431665","Vilallonga del Camp","00",,"01","Vilallonga del Camp","349477.113","4563652.343","1.204545607","41.210259374","e3010104@xtec.cat","http://www.xtec.cat/centres/e3010104",,"EINF1C",,,,,,,,,,,,,,,,,,,,,,,,,,,,,,,,,"POINT (1204545607 41210259374)"
"2022/2023","2022","43004979","Escola Torroja i Miret","1","Públic","01","Departament d'Educació","c. Tarragona, 9","43480","977390616","0143","Tarragona","36","Tarragonès","43171","431711","Vila-seca","00",,"05","Vila-seca de Solcina","344524.953","4552674.066","1.148289772","41.110483083","e3004979@xtec.cat","http://agora.xtec.cat/ceip-torrojaimiret/",,,"EINF2C","EPRI",,,,,,,,,,,,,,,,,,,,,,,,,,,,,,,"POINT (1148289772 41110483083)"
"2022/2023","2022","43005005","Escola Sant Bernat Calvó","1","Públic","01","Departament d'Educació","c. Requet de Fèlix, 22","43480","977391921","0143","Tarragona","36","Tarragonès","43171","431711","Vila-seca","00",,"05","Vila-seca de Solcina","344497.691","4552821.500","1.147927927","41.111805269","e3005005@xtec.cat","http://agora.xtec.cat/escolasantbernat/",,,"EINF2C","EPRI",,,,,,,,,,,,,,,,,,,,,,,,,,,,,,,"POINT (1147927927 41111805269)"
"2022/2023","2022","43005947","Escola Cal·lípolis","1","Públic","01","Departament d'Educació","c. Alfredo Kraus, 22","43481","977371711","0143","Tarragona","36","Tarragonès","43171","431711","Vila-seca","00",,"01","Platja de la Pineda","346975.262","4549328.205","1.178291474","41.080823808","e3005947@xtec.cat","http://agora.xtec.cat/ceipcal-lipolis/",,,"EINF2C","EPRI",,,,,,,,,,,,,,,,,,,,,,,,,,,,,,,"POINT (1178291474 41080823808)"
"2022/2023","2022","43005972","Institut Ramon Barbat i Miracle","1","Públic","01","Departament d'Educació","av. de l'Alcalde Pere Molas, s/n","43480","977391379","0143","Tarragona","36","Tarragonès","43171","431711","Vila-seca","00",,"05","Vila-seca de Solcina","344678.075","4551688.322","1.150361691","41.101637358","e3005972@xtec.cat","https://agora.xtec.cat/ies-ramonbarbat-vilaseca",,,,,"ESO","BATX",,"CFPM",,,"CFPS",,,,,,,,,,,,,,,,,,,,,,,,"POINT (1150361691 41101637358)"
"2022/2023","2022","43006241","Escola La Plana","1","Públic","01","Departament d'Educació","Camí Mas de la Cuca, s/n","43480","977391819","0143","Tarragona","36","Tarragonès","43171","431711","Vila-seca","00",,"02","La Plana","342830.300","4554851.505","1.127559413","41.129760973","e3006241@xtec.cat","https://agora.xtec.cat/esc-laplana/",,,"EINF2C","EPRI",,,,,,,,,,,,,,,,,,,,,,,,,,,,,,,"POINT (1127559413 41129760973)"
"2022/2023","2022","43006289","Cons. de Música de Vila-seca","1","Públic","04","Corporacions Locals","av. de la Generalitat, 27","43480","977392368","0143","Tarragona","36","Tarragonès","43171","431711","Vila-seca","00",,"05","Vila-seca de Solcina","343881.988","4552760.916","1.140613833","41.111141712","e3006289@xtec.cat","https://www.vila-secamusica.cat",,,,,,,,,,,,,,,,,,,,,,,,,,,,,"MUSP",,,,,,"POINT (1140613833 41111141712)"
"2022/2023","2022","43006332","Escola Mestral","1","Públic","01","Departament d'Educació","c. Santiago Rusiñol, s/n","43480","977391820","0143","Tarragona","36","Tarragonès","43171","431711","Vila-seca","00",,"05","Vila-seca de Solcina","343790.353","4552836.383","1.139503805","41.111803547","e3006332@xtec.cat","http://agora.xtec.cat/escolamestralvila-seca/",,,"EINF2C","EPRI",,,,,,,,,,,,,,,,,,,,,,,,,,,,,,,"POINT (1139503805 41111803547)"
"2022/2023","2022","43008158","LLI privada Pineda","2","Privat","21","Cooperatives","c. Jacint Verdaguer, 6","43480","977391713","0143","Tarragona","36","Tarragonès","43171","431711","Vila-seca","00",,"05","Vila-seca de Solcina","343909.646","4552501.741","1.141008924","41.108813591","e3008158@xtec.cat","http://www.xtec.cat/centres/e3008158",,"EINF1C",,,,,,,,,,,,,,,,,,,,,,,,,,,,,,,,,"POINT (1141008924 41108813591)"
"2022/2023","2022","43008523","Institut Vila-seca","1","Públic","01","Departament d'Educació","av. de l'Alcalde Pere Molas, s/n","43480","977394244","0143","Tarragona","36","Tarragonès","43171","431711","Vila-seca","00",,"05","Vila-seca de Solcina","344678.075","4551688.322","1.150361691","41.101637358","e3008523@xtec.cat","http://agora.xtec.cat/iesvila-seca",,,,,"ESO","BATX","AA01",,,,,,,"PFI",,,,,,,,,,,,,,,,,,,,,"POINT (1150361691 41101637358)"
"2022/2023","2022","43008742","Esc. de Música Municipal de Vila-seca","1","Públic","04","Corporacions Locals","av. de la Generalitat, 27","43480","977392368","0143","Tarragona","36","Tarragonès","43171","431711","Vila-seca","00",,"05","Vila-seca de Solcina","343881.988","4552760.916","1.140613833","41.111141712","e3008742@xtec.cat",,,,,,,,,,,,,,,,,,,,,,,,,,,,,"MUSE",,,,,,,"POINT (1140613833 41111141712)"
"2022/2023","2022","43010086","CFA Vilaseca","1","Públic","01","Departament d'Educació","c. Sant Pere, 25 (cant. pl. Estudi, 1)","43480","977391811","0143","Tarragona","36","Tarragonès","43171","431711","Vila-seca","00",,"05","Vila-seca de Solcina","344405.153","4552559.232","1.146892755","41.109426253","e3010086@xtec.cat","http://agora.xtec.cat/cfavilaseca/",,,,,,,,,,,,,,,,,,,,,,,,,,,,,,,,,,"ADULTS","POINT (1146892755 41109426253)"
"2022/2023","2022","43010426","EB privada L'Estel","2","Privat","27","Societats Civils","c. de Sant Jordi, 25","43480","977396244","0143","Tarragona","36","Tarragonès","43171","431711","Vila-seca","00",,"05","Vila-seca de Solcina","344048.973","4552773.228","1.142598526","41.111284637","e3010426@xtec.cat","http://www.xtec.cat/centres/e3010426",,"EINF1C",,,,,,,,,,,,,,,,,,,,,,,,,,,,,,,,,"POINT (1142598526 41111284637)"
"2022/2023","2022","43010530","Escola Miramar","1","Públic","01","Departament d'Educació","c. Era del Delme, 20","43480","977396280","0143","Tarragona","36","Tarragonès","43171","431711","Vila-seca","00",,"05","Vila-seca de Solcina","344369.781","4552209.748","1.146560197","41.106272953","e3010530@xtec.cat","http://blocs.xtec.cat/escolamiramar/",,,"EINF2C","EPRI",,,,,,,,,,,,,,,,,,,,,,,,,,,,,,,"POINT (1146560197 41106272953)"
"2022/2023","2022","43011492","Escola La Canaleta","1","Públic","01","Departament d'Educació","c. d'Alfons I, 18","43480","977783565","0143","Tarragona","36","Tarragonès","43171","431711","Vila-seca","00",,"05","Vila-seca de Solcina","344265.898","4553132.334","1.145089808","41.114559401","e3011492@xtec.cat","http://www.lacanaleta.cat",,,"EINF2C","EPRI",,,,,,,,,,,,,,,,,,,,,,,,,,,,,,,"POINT (1145089808 41114559401)"
"2022/2023","2022","43011595","Llar d'infants Fartets","1","Públic","04","Corporacions Locals","c. Luis Mariano, 4","43480",,"0143","Tarragona","36","Tarragonès","43171","431711","Vila-seca","00",,"01","Platja de la Pineda","347268.232","4549679.559","1.181690286","41.084042325","e3011595@xtec.cat",,,"EINF1C",,,,,,,,,,,,,,,,,,,,,,,,,,,,,,,,,"POINT (1181690286 41084042325)"
"2022/2023","2022","43012551","Llar d'infants Les Vimeteres","1","Públic","04","Corporacions Locals","c. de l'Era del Delme, s/n","43480",,"0143","Tarragona","36","Tarragonès","43171","431711","Vila-seca","00",,"05","Vila-seca de Solcina","344385.258","4552212.742","1.146743668","41.106302875","e3012551@xtec.cat",,,"EINF1C",,,,,,,,,,,,,,,,,,,,,,,,,,,,,,,,,"POINT (1146743668 41106302875)"
"2022/2023","2022","43004931","Escola Santa Maria del Mar","1","Públic","01","Departament d'Educació","c. Juan Manuel Muñoz Rodriguez, 5","43840","977382302","0143","Tarragona","36","Tarragonès","43905","439057","Salou","00",,"01","Salou","343000.363","4549717.735","1.130895996","41.083573187","e3004931@xtec.cat","http://www.santamariadelmar.cat",,,"EINF2C","EPRI",,,,,,,,,,,,,,,,,,,,,,,,,,,,,,,"POINT (1130895996 41083573187)"
"2022/2023","2022","43004967","Elisabeth","2","Privat","21","Cooperatives","c. Miquel Martí i Pol, 1","43840","977383851","0143","Tarragona","36","Tarragonès","43905","439057","Salou","00",,"01","Salou","342678.403","4550111.373","1.126964306","41.087054993","e3004967@xtec.cat","http://www.escolaelisabeth.cat",,"EINF1C","EINF2C","EPRI","ESO","BATX",,,,,,,,,,,,,,,,,,,,,,,,,,,,,"POINT (1126964306 41087054993)"
"2022/2023","2022","43006393","Escola Europa","1","Públic","01","Departament d'Educació","pl. de la Segregació, 2","43840","977384996","0143","Tarragona","36","Tarragonès","43905","439057","Salou","00",,"01","Salou","343274.201","4549478.531","1.134215353","41.081472386","e3006393@xtec.cat","https://agora.xtec.cat/escolaeuropa/",,,"EINF2C","EPRI",,,,,,,,,,,,,,,,,,,,,,,,,,,,,,,"POINT (1134215353 41081472386)"
"2022/2023","2022","43007026","LLI privada Nou Esplai","2","Privat","26","Societats Mercantils","c. Berlín, s/n","43840","977383274","0143","Tarragona","36","Tarragonès","43905","439057","Salou","00",,"01","Salou","343503.265","4548955.473","1.137073949","41.076807227","e3007026@xtec.cat","http://www.xtec.cat/centres/e3007026",,"EINF1C",,,,,,,,,,,,,,,,,,,,,,,,,,,,,,,,,"POINT (1137073949 41076807227)"
"2022/2023","2022","43007518","Esc. de Música Municipal","1","Públic","04","Corporacions Locals","c. advocat Gallego, 2/arquit.Ubach, 1","43840","977381008","0143","Tarragona","36","Tarragonès","43905","439057","Salou","00",,"01","Salou","343240.768","4549564.943","1.133795530","41.082243930","e3007518@xtec.cat",,,,,,,,,,,,,,,,,,,,,,,,,,,,,"MUSE",,,,,,,"POINT (1133795530 41082243930)"
"2022/2023","2022","43007543","Institut Jaume I","1","Públic","01","Departament d'Educació","c. Advocat Gallego, 6","43840","977384771","0143","Tarragona","36","Tarragonès","43905","439057","Salou","00",,"01","Salou","343253.932","4549580.935","1.133948090","41.082390450","e3007543@xtec.cat","http://www.iesjaume1.cat",,,,,"ESO","BATX",,"CFPM",,,"CFPS",,,,,,,,,,,,,,,,,,,,"TEGM","TEGS",,,"POINT (1133948090 41082390450)"
"2022/2023","2022","43009451","Escola Salou","1","Públic","01","Departament d'Educació","c. Rosa Sensat, 2","43840","977383646","0143","Tarragona","36","Tarragonès","43905","439057","Salou","00",,"01","Salou","342671.692","4549437.428","1.127056785","41.080985976","e3009451@xtec.cat","http://agora.xtec.cat/escola-salou/",,,"EINF2C","EPRI",,,,,,,,,,,,,,,,,,,,,,,,,,,,,,,"POINT (1127056785 41080985976)"
"2022/2023","2022","43010153","Escola Vora Mar","1","Públic","01","Departament d'Educació","c. Maria Castillo, s/n","43840","977352900","0143","Tarragona","36","Tarragonès","43905","439057","Salou","00",,"01","Salou","342777.698","4549632.311","1.128268317","41.082761067","e3010153@xtec.cat","https://agora.xtec.cat/esc-voramarsalou/",,,"EINF2C","EPRI",,,,,,,,,,,,,,,,,,,,,,,,,,,,,,,"POINT (1128268317 41082761067)"
"2022/2023","2022","43010347","Institut Marta Mata","1","Públic","01","Departament d'Educació","c. Domènech Sugrañes i Gras, s/n","43840","977353242","0143","Tarragona","36","Tarragonès","43905","439057","Salou","00",,"01","Salou","342496.064","4549599.503","1.124925577","41.082411185","e3010347@xtec.cat","http://institutmartamata.cat",,,,,"ESO","BATX","AA01",,,,,,,,,,,,,,,,,,,,,,,,,,,,"POINT (1124925577 41082411185)"
"2022/2023","2022","43010921","Llar d'infants La Balena Blava","1","Públic","04","Corporacions Locals","c. de Barcelona, 95","43840","977383409","0143","Tarragona","36","Tarragonès","43905","439057","Salou","00",,"01","Salou","343199.613","4550008.715","1.133192732","41.086231416","e3010921@xtec.cat",,,"EINF1C",,,,,,,,,,,,,,,,,,,,,,,,,,,,,,,,,"POINT (1133192732 41086231416)"
"2022/2023","2022","43011200","EOI de Salou","1","Públic","01","Departament d'Educació","pg. 30 d'octubre, 4","43840","977353008","0143","Tarragona","36","Tarragonès","43905","439057","Salou","00",,"01","Salou","343855.344","4549930.273","1.141015593","41.085651373","e3011200@xtec.cat",,,,,,,,,,,,,,,,,,,,,,,,,"IDI",,,,,,,,,,,"POINT (1141015593 41085651373)"
"2022/2023","2022","43011765","CFA Àgora","1","Públic","04","Corporacions Locals","av. de Pau Casals, s/n","43840","977388851","0143","Tarragona","36","Tarragonès","43905","439057","Salou","00",,"01","Salou","342624.191","4549692.600","1.126426328","41.083274171","e3011765@xtec.cat","https://agora.xtec.cat/cfaagorasalou/",,,,,,,,,,,,,,,,,,,,,,,,,,,,,,,,,,"ADULTS","POINT (1126426328 41083274171)"
"2022/2023","2022","43012022","Llar d'infants Cavallet de Mar","1","Públic","04","Corporacions Locals","c. de Domènech Sugrañes i Gras","43840",,"0143","Tarragona","36","Tarragonès","43905","439057","Salou","00",,"01","Salou","342496.064","4549599.503","1.124925577","41.082411185","e3012022@xtec.cat",,,"EINF1C",,,,,,,,,,,,,,,,,,,,,,,,,,,,,,,,,"POINT (1124925577 41082411185)"
"2022/2023","2022","43012666","EIC","2","Privat","22","Fundacions","c. Salvador Espriu, s/n","43840",,"0143","Tarragona","36","Tarragonès","43905","439057","Salou","00",,"01","Salou","344607.361","4550635.516","1.149786106","41.092145026","e3012666@xtec.cat",,,"EINF1C","EINF2C","EPRI","ESO","BATX",,,,,,,,,,,,,,,,,,,,,,,,,,,,,"POINT (1149786106 41092145026)"
"2022/2023","2022","43003185","Escola La Canonja","1","Públic","01","Departament d'Educació","c. Carrasco i Formiguera, 8","43110","977545627","0143","Tarragona","36","Tarragonès","43907","439076","La Canonja","00",,"01","La Canonja","347607.883","4553645.978","1.184748594","41.119817913","e3003185@xtec.cat","http://blocs.xtec.cat/escolalacanonja/",,,"EINF2C","EPRI",,,,,,,,,,,,,,,,,,,,,,,,,,,,,,,"POINT (1184748594 41119817913)"
"2022/2023","2022","43008237","LLI privada Mare de Déu de l'Esperança","2","Privat","22","Fundacions","c. Major de Masricart, 10","43110","977550550","0143","Tarragona","36","Tarragonès","43907","439076","La Canonja","00",,"01","La Canonja","347508.004","4553516.051","1.183591706","41.118629361","e3008237@xtec.cat","http://www.xtec.cat/centres/e3008237",,"EINF1C",,,,,,,,,,,,,,,,,,,,,,,,,,,,,,,,,"POINT (1183591706 41118629361)"
"2022/2023","2022","43008481","Institut Collblanc","1","Públic","01","Departament d'Educació","c. Carrasco i Formiguera, 12","43110","977551716","0143","Tarragona","36","Tarragonès","43907","439076","La Canonja","00",,"01","La Canonja","347875.674","4553714.597","1.187919928","41.120485931","e3008481@xtec.cat","http://agora.xtec.cat/iescollblanc",,,,,"ESO","BATX","AA01","CFPM",,,,,,"PFI",,,,,,,,,,,,,,,,,,,,,"POINT (1187919928 41120485931)"
"2023/2024","2023","43000251","Escola La Portalada","1","Públic","01","Departament d'Educació","c. Portalada, 7","43893","977650323","0143","Tarragona","36","Tarragonès","43012","430120","Altafulla","00",,"01","Altafulla","363360.611","4555771.771","1.371840713","41.141762846","e3000251@xtec.cat","http://e3000251.wixsite.com/escolalaportalada",,,"EINF2C","EPRI",,,,,,,,,,,,,,,,,,,,,,,,,,,,,,,"POINT (1371840713 41141762846)"
"2023/2024","2023","43007488","Llar d'infants Francesc Blanch i Ribé","1","Públic","04","Corporacions Locals","c. de la Mainada, s/n","43893","977650008","0143","Tarragona","36","Tarragonès","43012","430120","Altafulla","00",,"01","Altafulla","363565.488","4555737.497","1.374288654","41.141488704","e3007488@xtec.cat","http://www.xtec.cat/centres/e3007488",,"EINF1C",,,,,,,,,,,,,,,,,,,,,,,,,,,,,,,,,"POINT (1374288654 41141488704)"
"2023/2024","2023","43009977","Institut d'Altafulla","1","Públic","01","Departament d'Educació","c. Camí de l'Oliverot, s/n","43893","977651662","0143","Tarragona","36","Tarragonès","43012","430120","Altafulla","00",,"01","Altafulla","363893.816","4556142.403","1.378109558","41.145189777","e3009977@xtec.cat","https://agora.xtec.cat/insaltafulla",,,,,"ESO","BATX","AA01",,,,,,,"PFI",,,,,,,,,,,,,,,,,,,,,"POINT (1378109558 41145189777)"
"2023/2024","2023","43010402","Escola El Roquissar","1","Públic","01","Departament d'Educació","c. Roquissar, 8","43893","977651969","0143","Tarragona","36","Tarragonès","43012","430120","Altafulla","00",,"01","Altafulla","363790.877","4556338.671","1.376839780","41.146939775","e3010402@xtec.cat","http://agora.xtec.cat/escolaelroquissar/",,,"EINF2C","EPRI",,,,,,,,,,,,,,,,,,,,,,,,,,,,,,,"POINT (1376839780 41146939775)"
"2023/2024","2023","43011297","Llar d'infants Hort de Pau","1","Públic","04","Corporacions Locals","c. de la Cabana-Sector PP5 l'Hort de Pau","43893",,"0143","Tarragona","36","Tarragonès","43012","430120","Altafulla","00",,"01","Altafulla","363682.524","4555331.543","1.375772886","41.137853004","e3011297@xtec.cat",,,"EINF1C",,,,,,,,,,,,,,,,,,,,,,,,,,,,,,,,,"POINT (1375772886 41137853004)"
"2023/2024","2023","43011674","Esc. de Música Municipal d'Altafulla","1","Públic","04","Corporacions Locals","c. Sant Antoni Abat, 11-13","43893",,"0143","Tarragona","36","Tarragonès","43012","430120","Altafulla","00",,"01","Altafulla","363645.163","4555635.804","1.375260275","41.140586415","e3011674@xtec.cat",,,,,,,,,,,,,,,,,,,,,,,,,,,,,"MUSE",,,,,,,"POINT (1375260275 41140586415)"
"2023/2024","2023","43010499","CFA Pau Casals","1","Públic","01","Departament d'Educació","Trav. Comella Moro, 15 (CP Mas Enric)","43764","977240142","0143","Tarragona","36","Tarragonès","43043","430430","El Catllar","00",,"01","El Catllar","355455.779","4556553.604","1.277504149","41.147432851","e3010499@xtec.cat",,,,,,,,,,,,,,,,,,,,,,,,,,,,,,,,,,,"ADULTS","POINT (1277504149 41147432851)"
"2023/2024","2023","43011261","Llar d'infants L'Agulla del Catllar","1","Públic","04","Corporacions Locals","c. de França, s/n","43764",,"0143","Tarragona","36","Tarragonès","43043","430430","El Catllar","00",,"01","El Catllar","359487.238","4559513.858","1.324847324","41.174795625","e3011261@xtec.cat",,,"EINF1C",,,,,,,,,,,,,,,,,,,,,,,,,,,,,,,,,"POINT (1324847324 41174795625)"
"2023/2024","2023","43012745","The British School of Costa Daurada","2","Privat","26","Societats Mercantils","c. del Mas de la Creu, 4","43764",,"0143","Tarragona","36","Tarragonès","43043","430430","El Catllar","00",,"01","El Catllar","353311.259","4553414.211","1.252710141","41.118781372","e3012745@xtec.cat",,,,,,,,,,,,,,,,,,,,,,,,,,,,,,,,,,"ESTR",,"POINT (1252710141 41118781372)"
"2023/2024","2023","43012812","Institut Escola L'Agulla","1","Públic","01","Departament d'Educació","av. Catalunya, 3","43764",,"0143","Tarragona","36","Tarragonès","43043","430430","El Catllar","00",,"01","El Catllar","359895.841","4559564.265","1.329705061","41.175320227","e3012812@xtec.cat","http://www.escolalagulla.com",,,"EINF2C","EPRI","ESO",,,,,,,,,,,,,,,,,,,,,,,,,,,,,,"POINT (1329705061 41175320227)"
"2023/2024","2023","43000895","Escola Mossèn Ramon Bergadà","1","Públic","01","Departament d'Educació","c. Jaume I, s/n","43120","977521790","0143","Tarragona","36","Tarragonès","43047","430477","Constantí","00",,"01","Constantí","350512.001","4557161.356","1.218469066","41.152008976","e3000895@xtec.cat","http://agora.xtec.cat/ceipramonbergada",,,"EINF2C","EPRI",,,,,,,,,,,,,,,,,,,,,,,,,,,,,,,"POINT (1218469066 41152008976)"
"2023/2024","2023","43000949","Escola agrària Mas Bové","1","Públic","02","Altres Departaments","Mas Bové,ct.Reus-Morell km.4(ap.cor.527)","43120","977343289","0143","Tarragona","36","Tarragonès","43047","430477","Constantí","00",,"01","Constantí","346072.764","4559899.431","1.164901997","41.175830613","e3000949@xtec.cat",,,,,,,,,"CFPM",,,"CFPS",,,,,,,,,,,,,,,,,,,,,,,,"POINT (1164901997 41175830613)"
"2023/2024","2023","43005893","Escola Centcelles","1","Públic","01","Departament d'Educació","c. Joan Maragall, s/n","43120","977520504","0143","Tarragona","36","Tarragonès","43047","430477","Constantí","00",,"01","Constantí","350575.927","4557404.695","1.219171247","41.154211691","e3005893@xtec.cat","http://escolacentcelles.wixsite.com/escola",,,"EINF2C","EPRI",,,,,,,,,,,,,,,,,,,,,,,,,,,,,,,"POINT (1219171247 41154211691)"
"2023/2024","2023","43007646","Institut de Constantí","1","Públic","01","Departament d'Educació","c. Onze de Setembre, s/n","43120","977524011","0143","Tarragona","36","Tarragonès","43047","430477","Constantí","00",,"01","Constantí","350461.182","4557265.583","1.217838287","41.152938031","e3007646@xtec.cat","http://agora.xtec.cat/iesconstanti",,,,,"ESO","BATX",,,,,,,,"PFI",,,,,,,,,,,,,,,,,,,,,"POINT (1217838287 41152938031)"
"2023/2024","2023","43010451","Llar d'infants Gu-gu","1","Públic","04","Corporacions Locals","pl. de les Escoles Velles, s/n","43120","977523214","0143","Tarragona","36","Tarragonès","43047","430477","Constantí","00",,"01","Constantí","350338.025","4557100.325","1.216411556","41.151427396","e3010451@xtec.cat",,,"EINF1C",,,,,,,,,,,,,,,,,,,,,,,,,,,,,,,,,"POINT (1216411556 41151427396)"
"2023/2024","2023","43005364","Escola Les Eres","1","Públic","01","Departament d'Educació","c. Onze de Setembre, s/n","43838","977800597","0143","Tarragona","36","Tarragonès","43050","430509","Creixell","00",,"01","Creixell","368835.424","4558866.727","1.436391162","41.170535256","e3005364@xtec.cat","https://agora.xtec.cat/esc-leseresdecreixell/",,,"EINF2C","EPRI",,,,,,,,,,,,,,,,,,,,,,,,,,,,,,,"POINT (1436391162 41170535256)"
"2023/2024","2023","43009667","Llar d'infants Municipal de Creixell","1","Públic","04","Corporacions Locals","c. Coma, 30","43838","977801265","0143","Tarragona","36","Tarragonès","43050","430509","Creixell","00",,"01","Creixell","369326.572","4558201.329","1.442385978","41.164622908","e3009667@xtec.cat","http://www.xtec.cat/centres/e3009667",,"EINF1C",,,,,,,,,,,,,,,,,,,,,,,,,,,,,,,,,"POINT (1442385978 41164622908)"
"2023/2024","2023","43011649","Llar d'infants Nova Guarderia","1","Públic","04","Corporacions Locals","c. Onze de Setembre, 4","43838",,"0143","Tarragona","36","Tarragonès","43050","430509","Creixell","00",,"01","Creixell","368756.989","4558811.544","1.435468293","41.170025657","e3011649@xtec.cat",,,"EINF1C",,,,,,,,,,,,,,,,,,,,,,,,,,,,,,,,,"POINT (1435468293 41170025657)"
"2023/2024","2023","43012241","Escola Bressol L'Estel de Mar","1","Públic","04","Corporacions Locals","c. Vendrell, 7","43838",,"0143","Tarragona","36","Tarragonès","43050","430509","Creixell","00",,"01","Creixell","369326.572","4558201.329","1.442385978","41.164622908","e3012241@xtec.cat","www.esteldemar.com",,"EINF1C",,,,,,,,,,,,,,,,,,,,,,,,,,,,,,,,,"POINT (1442385978 41164622908)"
"2023/2024","2023","43001735","Escola Ventura Gassol","1","Públic","01","Departament d'Educació","camí de Reus, 13","43760","977840209","0143","Tarragona","36","Tarragonès","43095","430957","El Morell","00",,"01","El Morell","349404.901","4561540.384","1.204204671","41.191230949","e3001735@xtec.cat","http://escolaventuragassol.blogspot.com.es/",,,"EINF2C","EPRI",,,,,,,,,,,,,,,,,,,,,,,,,,,,,,,"POINT (1204204671 41191230949)"
"2023/2024","2023","43008407","Institut El Morell","1","Públic","01","Departament d'Educació","c. César Martinell, 1","43760","977842057","0143","Tarragona","36","Tarragonès","43095","430957","El Morell","00",,"01","El Morell","349280.575","4561703.996","1.202682525","41.192680907","e3008407@xtec.cat","http://agora.xtec.cat/institutelmorell",,,,,"ESO","BATX",,,,,,,,,,,,,,,,,,,,,,,,,,,,,"POINT (1202682525 41192680907)"
"2023/2024","2023","43009931","Llar d'infants Dolça del Morell","1","Públic","04","Corporacions Locals","pl. de l'Estatut, s/n","43760","977841510","0143","Tarragona","36","Tarragonès","43095","430957","El Morell","00",,"01","El Morell","349594.885","4561442.782","1.206493096","41.190387483","e3009931@xtec.cat","http://www.xtec.cat/centres/e3009931",,"EINF1C",,,,,,,,,,,,,,,,,,,,,,,,,,,,,,,,,"POINT (1206493096 41190387483)"
"2023/2024","2023","43012231","Esc. de Música Municipal El Morell","1","Públic","04","Corporacions Locals","rbla. Maragall, 40","43760",,"0143","Tarragona","36","Tarragonès","43095","430957","El Morell","00",,"01","El Morell","349982.353","4561434.855","1.211113249","41.190387961","e3012231@xtec.cat",,,,,,,,,,,,,,,,,,,,,,,,,,,,,"MUSE",,,,,,,"POINT (1211113249 41190387961)"
"2023/2024","2023","43005467","Escola Les Codinetes","1","Públic","01","Departament d'Educació","Raval dels Hostalets, s/n","43763","977655390","0143","Tarragona","36","Tarragonès","43097","430976","La Nou de Gaià","00",,"01","La Nou de Gaià","363814.439","4560411.865","1.376215082","41.183620223","e3005467@xtec.cat","http://agora.xtec.cat/ceiplescodinetes",,"EINF1C","EINF2C","EPRI",,,,,,,,,,,,,,,,,,,,,,,,,,,,,,,"POINT (1376215082 41183620223)"
"2023/2024","2023","43011042","Llar d'infants La Palmera","1","Públic","04","Corporacions Locals","c. Sants Cosme i Damià, 4","43763","977655258","0143","Tarragona","36","Tarragonès","43097","430976","La Nou de Gaià","00",,"01","La Nou de Gaià","363895.715","4560470.257","1.377170807","41.184159659","e3011042@xtec.cat",,,"EINF1C",,,,,,,,,,,,,,,,,,,,,,,,,,,,,,,,,"POINT (1377170807 41184159659)"
"2023/2024","2023","43001826","Escola Sant Sebastià","1","Públic","01","Departament d'Educació","av. Catalunya, 12","43151","977610539","0143","Tarragona","36","Tarragonès","43100","431009","Els Pallaresos","00",,"05","Els Pallaresos","355098.021","4559510.916","1.272543456","41.173996334","e3001826@xtec.cat","http://agora.xtec.cat/escolasantsebastia",,,"EINF2C","EPRI",,,,,,,,,,,,,,,,,,,,,,,,,,,,,,,"POINT (1272543456 41173996334)"
"2023/2024","2023","43009564","LLI privada Can Petits","2","Privat","27","Societats Civils","c. Tarragona, 6","43151","977610658","0143","Tarragona","36","Tarragonès","43100","431009","Els Pallaresos","00",,"05","Els Pallaresos","355078.706","4559368.708","1.272346939","41.172712454","e3009564@xtec.cat","http://www.xtec.cat/centres/e3009564",,"EINF1C",,,,,,,,,,,,,,,,,,,,,,,,,,,,,,,,,"POINT (1272346939 41172712454)"
"2023/2024","2023","43010591","Escola Arquitecte Jujol","1","Públic","01","Departament d'Educació","av. Catalunya, 6","43151","977627124","0143","Tarragona","36","Tarragonès","43100","431009","Els Pallaresos","00",,"05","Els Pallaresos","355019.312","4559527.223","1.271601673","41.174129084","e3010591@xtec.cat","www.escolaarquitectejujol.cat",,,"EINF2C","EPRI",,,,,,,,,,,,,,,,,,,,,,,,,,,,,,,"POINT (1271601673 41174129084)"
"2023/2024","2023","43010748","Institut Els Pallaresos","1","Públic","01","Departament d'Educació","av. Catalunya, 12","43151","977627203","0143","Tarragona","36","Tarragonès","43100","431009","Els Pallaresos","00",,"05","Els Pallaresos","355098.021","4559510.916","1.272543456","41.173996334","e3010748@xtec.cat","https://agora.xtec.cat/ieselspallaresos",,,,,"ESO","BATX",,,,,,,,,,,,,,,,,,,,,,,,,,,,,"POINT (1272543456 41173996334)"
"2023/2024","2023","43012563","Escola Bressol Els Pallaresos","1","Públic","04","Corporacions Locals","c. Gregal, 2-4","43151",,"0143","Tarragona","36","Tarragonès","43100","431009","Els Pallaresos","00",,"05","Els Pallaresos","354697.643","4558367.451","1.268043632","41.163629072","e3012563@xtec.cat",,,"EINF1C",,,,,,,,,,,,,,,,,,,,,,,,,,,,,,,,,"POINT (1268043632 41163629072)"
"2023/2024","2023","43007476","Llar d'infants Perafort","1","Públic","04","Corporacions Locals","av. de Catalunya, s/n","43152","977610123","0143","Tarragona","36","Tarragonès","43103","431037","Perafort","00",,"01","Perafort","353735.598","4561138.831","1.255919499","41.188409003","e3007476@xtec.cat","http://www.xtec.cat/centres/e3007476",,"EINF1C",,,,,,,,,,,,,,,,,,,,,,,,,,,,,,,,,"POINT (1255919499 41188409003)"
"2023/2024","2023","43009886","Escola Josep Veciana","1","Públic","01","Departament d'Educació","av. Catalunya, s/n","43152","977610404","0143","Tarragona","36","Tarragonès","43103","431037","Perafort","00",,"01","Perafort","353735.598","4561138.831","1.255919499","41.188409003","e3009886@xtec.cat","http://agora.xtec.cat/esc-josepveciana/",,,"EINF2C","EPRI",,,,,,,,,,,,,,,,,,,,,,,,,,,,,,,"POINT (1255919499 41188409003)"
"2023/2024","2023","43005480","Escola Mare de Déu del Lledó","1","Públic","01","Departament d'Educació","av. Guillem de Montoliu, s/n","43140","977840851","0143","Tarragona","36","Tarragonès","43109","431093","La Pobla de Mafumet","00",,"01","La Pobla de Mafumet","349723.953","4560777.677","1.208194757","41.184423143","e3005480@xtec.cat","https://agora.xtec.cat/escolamarededeudellledo/",,,"EINF2C","EPRI",,,,,,,,,,,,,,,,,,,,,,,,,,,,,,,"POINT (1208194757 41184423143)"
"2023/2024","2023","43008936","Llar d'infants L'Esquirol","1","Públic","04","Corporacions Locals","c. Marià Fortuny, s/n","43140","977842241","0143","Tarragona","36","Tarragonès","43109","431093","La Pobla de Mafumet","00",,"01","La Pobla de Mafumet","349727.435","4560939.168","1.208196608","41.185877779","e3008936@xtec.cat","http://www.xtec.cat/centres/e3008936",,"EINF1C",,,,,,,,,,,,,,,,,,,,,,,,,,,,,,,,,"POINT (1208196608 41185877779)"
"2023/2024","2023","43012186","Llar d'infants Nou Esquirol","1","Públic","04","Corporacions Locals","c. Mina de Madró, cantonada Molí Tendre","43140",,"0143","Tarragona","36","Tarragonès","43109","431093","La Pobla de Mafumet","00",,"01","La Pobla de Mafumet","349732.223","4560842.286","1.208277456","41.185006386","e3012186@xtec.cat",,,"EINF1C",,,,,,,,,,,,,,,,,,,,,,,,,,,,,,,,,"POINT (1208277456 41185006386)"
"2023/2024","2023","43012885","CENAFE La Pobla de Mafumet","2","Privat","41","Persones Físiques","av. Generalitat, 20","43140",,"0143","Tarragona","36","Tarragonès","43109","431093","La Pobla de Mafumet","00",,"01","La Pobla de Mafumet","349777.466","4561034.916","1.208769378","41.186749131","e3012885@xtec.cat",,,,,,,,,,,,,,,,,,,,,,,,,,,,,,,,"TEGM","TEGS",,,"POINT (1208769378 41186749131)"
"2023/2024","2023","43005145","Escola Els Ametllers","1","Públic","01","Departament d'Educació","pg. de l'Estació, 2","43761","977648259","0143","Tarragona","36","Tarragonès","43111","431114","La Pobla de Montornès","00",,"01","La Pobla de Montornès","367061.011","4560062.605","1.414986514","41.181014494","e3005145@xtec.cat","http://agora.xtec.cat/ceipelsametllers",,,"EINF2C","EPRI",,,,,,,,,,,,,,,,,,,,,,,,,,,,,,,"POINT (1414986514 41181014494)"
"2023/2024","2023","43010271","Llar d'infants Sol Solet","1","Públic","04","Corporacions Locals","av. de Catalunya, 1-3","43761","977648700","0143","Tarragona","36","Tarragonès","43111","431114","La Pobla de Montornès","00",,"01","La Pobla de Montornès","367104.630","4559743.888","1.415575569","41.178151761","e3010271@xtec.cat","http://www.xtec.cat/centres/e3010271",,"EINF1C",,,,,,,,,,,,,,,,,,,,,,,,,,,,,,,,,"POINT (1415575569 41178151761)"
"2023/2024","2023","43005157","Escola Montoliu","1","Públic","01","Departament d'Educació","c. Sant Jordi, s/n","43762","977655539","0143","Tarragona","36","Tarragonès","43126","431264","La Riera de Gaià","00",,"02","La Riera de Gaià","362362.166","4558695.810","1.359291624","41.167923018","e3005157@xtec.cat","www.montoliuescola.cat",,,"EINF2C","EPRI",,,,,,,,,,,,,,,,,,,,,,,,,,,,,,,"POINT (1359291624 41167923018)"
"2023/2024","2023","43010049","Llar d'infants Les Monges","1","Públic","04","Corporacions Locals","c. Doctor Pittaluga, 2","43762","977655715","0143","Tarragona","36","Tarragonès","43126","431264","La Riera de Gaià","00",,"02","La Riera de Gaià","362538.100","4558263.368","1.361485045","41.164059038","e3010049@xtec.cat","http://www.xtec.cat/centres/e3010049",,"EINF1C",,,,,,,,,,,,,,,,,,,,,,,,,,,,,,,,,"POINT (1361485045 41164059038)"
"2023/2024","2023","43002776","Escola Salvador Espriu","1","Públic","01","Departament d'Educació","c. de la Font, 3","43883","977809924","0143","Tarragona","36","Tarragonès","43131","431310","Roda de Berà","00",,"01","Roda de Berà","370133.884","4560419.730","1.451535237","41.184728589","e3002776@xtec.cat","https://agora.xtec.cat/ceip-salvador-espriu-roda/",,,"EINF2C","EPRI",,,,,,,,,,,,,,,,,,,,,,,,,,,,,,,"POINT (1451535237 41184728589)"
"2023/2024","2023","43009928","Llar d'infants Els Petitons","1","Públic","04","Corporacions Locals","c. de la Reina Sofía, 17","43883","977657009","0143","Tarragona","36","Tarragonès","43131","431310","Roda de Berà","00",,"01","Roda de Berà","370680.949","4560346.550","1.458071397","41.184157134","e3009928@xtec.cat","http://www.xtec.cat/centres/e3009928",,"EINF1C",,,,,,,,,,,,,,,,,,,,,,,,,,,,,,,,,"POINT (1458071397 41184157134)"
"2023/2024","2023","43011194","Escola El Cucurull","1","Públic","01","Departament d'Educació","c. Joan Carles I, 17","43883","977657190","0143","Tarragona","36","Tarragonès","43131","431310","Roda de Berà","00",,"01","Roda de Berà","370715.794","4560542.055","1.458445423","41.185923151","e3011194@xtec.cat","https://agora.xtec.cat/ceipelcucurull/",,,"EINF2C","EPRI",,,,,,,,,,,,,,,,,,,,,,,,,,,,,,,"POINT (1458445423 41185923151)"
"2023/2024","2023","43011418","Institut Roda de Berà","1","Públic","01","Departament d'Educació","c. de la Font, 3","43883","977657505","0143","Tarragona","36","Tarragonès","43131","431310","Roda de Berà","00",,"01","Roda de Berà","370133.884","4560419.730","1.451535237","41.184728589","e3011418@xtec.cat","http://insrdb.cat",,,,,"ESO",,,,,,,,,,,,,,,,,,,,,,,,,,,,,,"POINT (1451535237 41184728589)"
"2023/2024","2023","43005662","Escola Josep Nin","1","Públic","01","Departament d'Educació","c. Raval de cal Toni, 9","43885","977629085","0143","Tarragona","36","Tarragonès","43135","431359","Salomó","00",,"01","Salomó","363545.075","4565342.070","1.371904332","41.227967826","e3005662@xtec.cat","http://blocs.xtec.cat/escolajosepnin/",,"EINF1C","EINF2C","EPRI",,,,,,,,,,,,,,,,,,,,,,,,,,,,,,,"POINT (1371904332 41227967826)"
"2023/2024","2023","43012678","Llar d'infants El Til·ler","1","Públic","04","Corporacions Locals","av. Catalunya, 2","43885",,"0143","Tarragona","36","Tarragonès","43135","431359","Salomó","00",,"01","Salomó","363788.736","4565458.847","1.374784384","41.229060371","e3012678@xtec.cat",,,"EINF1C",,,,,,,,,,,,,,,,,,,,,,,,,,,,,,,,,"POINT (1374784384 41229060371)"
"2023/2024","2023","43003082","Escola Guillem de Claramunt","1","Públic","01","Departament d'Educació","c. Ctra. de Vallmoll, s/n","43765","977611421","0143","Tarragona","36","Tarragonès","43144","431444","La Secuita","00",,"04","La Secuita","355663.729","4562698.575","1.278532851","41.202798539","e3003082@xtec.cat","http://blocs.xtec.cat/lasecuita",,,"EINF2C","EPRI",,,,,,,,,,,,,,,,,,,,,,,,,,,,,,,"POINT (1278532851 41202798539)"
"2023/2024","2023","43012770","Escola Bressol Municipal els Guillemets","1","Públic","04","Corporacions Locals","ctra. de Vallmoll, s/n","43765",,"0143","Tarragona","36","Tarragonès","43144","431444","La Secuita","00",,"04","La Secuita","355663.729","4562698.575","1.278532851","41.202798539","e3012770@xtec.cat",,,"EINF1C",,,,,,,,,,,,,,,,,,,,,,,,,,,,,,,,,"POINT (1278532851 41202798539)"
"2023/2024","2023","43003136","Escola Bonavista","1","Públic","01","Departament d'Educació","c. 21, s/n","43100","977546289","0143","Tarragona","36","Tarragonès","43148","431482","Tarragona","00",,"01","Bonavista","348286.177","4554066.088","1.192720594","41.123727396","e3003136@xtec.cat","http://blocs.xtec.cat/ceipbonavista/",,,"EINF2C","EPRI",,,,,,,,,,,,,,,,,,,,,,,,,,,,,,,"POINT (1192720594 41123727396)"
"2023/2024","2023","43003151","Joan XXIII","2","Privat","22","Fundacions","c. Catorze, s/n","43100","977542807","0143","Tarragona","36","Tarragonès","43148","431482","Tarragona","00",,"01","Bonavista","348404.435","4553858.721","1.194179861","41.121882442","e3003151@xtec.cat","http://www.escolajoan23.com",,"EINF1C","EINF2C","EPRI","ESO","BATX","AA01","CFPM",,"AA03","CFPS",,,,,,,,,,,,,,,,,,,,,,,,"POINT (1194179861 41121882442)"
"2023/2024","2023","43003227","Escola Sant Salvador","1","Públic","01","Departament d'Educació","av. de Sant Salvador, 13","43130","977520970","0143","Tarragona","36","Tarragonès","43148","431482","Tarragona","00",,"11","Sant Salvador","352453.578","4558128.126","1.241364707","41.161069007","e3003227@xtec.cat","http://agora.xtec.cat/ceipsantsalvador-tarragona/",,,"EINF2C","EPRI",,,,,,,,,,,,,,,,,,,,,,,,,,,,,,,"POINT (1241364707 41161069007)"
"2023/2024","2023","43003306","Escola Serrallo","1","Públic","01","Departament d'Educació","c. Xavier Montsalvatge, 8","43004","977228876","0143","Tarragona","36","Tarragonès","43148","431482","Tarragona","00",,"13","Tarragona","352189.782","4552673.388","1.239535897","41.111907813","e3003306@xtec.cat","http://www.xtec.cat/ceipserrallo",,,"EINF2C","EPRI",,,,,,,,,,,,,,,,,,,,,,,,,,,,,,,"POINT (1239535897 41111907813)"
"2023/2024","2023","43003321","Escola Sant Pere i Sant Pau","1","Públic","01","Departament d'Educació","Urb. Sant Pere i Sant Pau, s/n","43007","977201227","0143","Tarragona","36","Tarragonès","43148","431482","Tarragona","00",,"13","Tarragona","353363.546","4555530.726","1.252827088","41.137847585","e3003321@xtec.cat","http://agora.xtec.cat/ceip-santperesantpau/",,,"EINF2C","EPRI",,,,,,,,,,,,,,,,,,,,,,,,,,,,,,,"POINT (1252827088 41137847585)"
"2023/2024","2023","43003410","Joan Roig","2","Privat","26","Societats Mercantils","c. Cristòfor Colom, 9","43001","977240223","0143","Tarragona","36","Tarragonès","43148","431482","Tarragona","00",,"13","Tarragona","352936.762","4553144.017","1.248315993","41.116280860","e3003410@xtec.cat","http://agora.xtec.cat/escolajoanroig/",,"EINF1C","EINF2C","EPRI","ESO",,,"CFPM",,,"CFPS",,,,,,,,,,,,,,,,,,,,,,,,"POINT (1248315993 41116280860)"
"2023/2024","2023","43003461","Tic-Tac","2","Privat","24","Ordes i Congregacions Catòlics","av. Lluís Companys, 12","43005","977214288","0143","Tarragona","36","Tarragonès","43148","431482","Tarragona","00",,"13","Tarragona","352410.109","4553621.101","1.241931144","41.120480900","e3003461@xtec.cat","http://www.tictac.lasalle.cat/",,"EINF1C","EINF2C",,,,,,,,,,,,,,,,,,,,,,,,,,,,,,,,"POINT (1241931144 41120480900)"
"2023/2024","2023","43003483","Lestonnac-l'Ensenyança","2","Privat","24","Ordes i Congregacions Catòlics","c. de l'Arc de Sant Llorenç, 2","43003","977232519","0143","Tarragona","36","Tarragonès","43148","431482","Tarragona","00",,"13","Tarragona","353864.702","4553481.143","1.259283661","41.119483805","e3003483@xtec.cat","http://lestonnactarragona.org",,"EINF1C","EINF2C","EPRI","ESO","BATX",,,,,"CFPS",,,,,,,,,,,,,,,,,,,,,,,,"POINT (1259283661 41119483805)"
"2023/2024","2023","43003495","Mare de Déu del Carme","2","Privat","24","Ordes i Congregacions Catòlics","av. Estanislau Figueres, 31","43002","977220105","0143","Tarragona","36","Tarragonès","43148","431482","Tarragona","00",,"13","Tarragona","353023.739","4553375.002","1.249296246","41.118376357","e3003495@xtec.cat","http://www.carmelites.cat",,"EINF1C","EINF2C","EPRI","ESO","BATX","AA01","CFPM",,"AA03",,,,,,,,,,,,,,,,,,,,,,,,,"POINT (1249296246 41118376357)"
"2023/2024","2023","43003501","El Carme","2","Privat","22","Fundacions","c. del Mar, 17","43004","977212752","0143","Tarragona","36","Tarragonès","43148","431482","Tarragona","00",,"13","Tarragona","352769.999","4552526.677","1.246478510","41.110692221","e3003501@xtec.cat","http://www.elcarmetarragona.cat",,,"EINF2C","EPRI","ESO",,,,,,,,,,,,,,,,,,,,,,,,,,,,,,"POINT (1246478510 41110692221)"
"2023/2024","2023","43003525","Dominiques Tarragona","2","Privat","22","Fundacions","c. Rovira i Virgili, 16","43002","977216151","0143","Tarragona","36","Tarragonès","43148","431482","Tarragona","00",,"13","Tarragona","353130.888","4553443.112","1.250555693","41.119008994","e3003525@xtec.cat","http://www.dominiques.cat",,"EINF1C","EINF2C","EPRI","ESO",,,,,,,,,,,,,,,,,,,,,,,,,,,,,,"POINT (1250555693 41119008994)"
"2023/2024","2023","43003537","La Salle","2","Privat","24","Ordes i Congregacions Catòlics","av. Països Catalans, s/n","43007","977218600","0143","Tarragona","36","Tarragonès","43148","431482","Tarragona","00",,"13","Tarragona","352763.189","4554947.873","1.245816888","41.132490999","e3003537@xtec.cat","https://tarragona.lasalle.cat/",,,"EINF2C","EPRI","ESO","BATX",,,,,"CFPS",,,,,,,,,,,,,,,,,,,,,,,,"POINT (1245816888 41132490999)"
"2023/2024","2023","43003549","Vedruna Sagrat Cor Tarragona","2","Privat","22","Fundacions","c. Santa Joaquima de Vedruna, 10","43002","977217979","0143","Tarragona","36","Tarragonès","43148","431482","Tarragona","00",,"13","Tarragona","352957.535","4553636.536","1.248445393","41.120719182","e3003549@xtec.cat","http://www.sagratcor.cat",,"EINF1C","EINF2C","EPRI","ESO","BATX",,,,,,,,,,,,,,,,,,,,,,,,,"TEGM","TEGS",,,"POINT (1248445393 41120719182)"
"2023/2024","2023","43003550","Santa Teresa de Jesús","2","Privat","22","Fundacions","rbla. Nova, 79","43003","977248800","0143","Tarragona","36","Tarragonès","43148","431482","Tarragona","00",,"13","Tarragona","353201.043","4553155.520","1.251459719","41.116432245","e3003550@xtec.cat","http://tarragona.escolateresiana.com",,,"EINF2C","EPRI","ESO","BATX",,,,,,,,,,,,,,,,,,,,,,,,,,,,,"POINT (1251459719 41116432245)"
"2023/2024","2023","43003586","Sant Pau Apòstol","2","Privat","22","Fundacions","pg. Torroja, 1","43007","977224314","0143","Tarragona","36","Tarragonès","43148","431482","Tarragona","00",,"13","Tarragona","353718.036","4553694.484","1.257486576","41.121378290","e3003586@xtec.cat","http://www.colsantpau.com",,"EINF1C","EINF2C","EPRI","ESO","BATX",,,,,,,,,,,,,,,,,,,,,,,,,,,,,"POINT (1257486576 41121378290)"
"2023/2024","2023","43003616","CEE San Rafael","1","Públic","04","Corporacions Locals","ctra. de Valls, 45","43007","977211758","0143","Tarragona","36","Tarragonès","43148","431482","Tarragona","00",,"13","Tarragona","352305.680","4554551.753","1.240463886","41.128841309","e3003616@xtec.cat",,,,,,,,"AA01",,,,,"EE",,,,,,,,,,,,,,,,,,,,,,,"POINT (1240463886 41128841309)"
"2023/2024","2023","43003631","Estela","2","Privat","22","Fundacions","ctra. de Valls, s/n (Zona Educacional)","43007","977216316","0143","Tarragona","36","Tarragonès","43148","431482","Tarragona","00",,"13","Tarragona","352388.562","4555228.203","1.241288152","41.134946989","e3003631@xtec.cat",,,,,,,,,,,,,"EE",,,,,,,,,,,,,,,,,,,,,,"ADULTS","POINT (1241288152 41134946989)"
"2023/2024","2023","43003641","Institut Antoni de Martí i Franquès","1","Públic","01","Departament d'Educació","c. Enric d'Ossó, 3","43005","977240214","0143","Tarragona","36","Tarragonès","43148","431482","Tarragona","00",,"13","Tarragona","352357.425","4553502.885","1.241332284","41.119406930","e3003641@xtec.cat","http://www.institutmartifranques.com/",,,,,"ESO","BATX",,,,,,,,,,,,,,,"ESCS",,,,,,,,,,,,,,"POINT (1241332284 41119406930)"
"2023/2024","2023","43003653","Institut Comte de Rius","1","Públic","01","Departament d'Educació","ctra. de Valls, s/n (Zona Educacional)","43007","977241384","0143","Tarragona","36","Tarragonès","43148","431482","Tarragona","00",,"13","Tarragona","352388.562","4555228.203","1.241288152","41.134946989","e3003653@xtec.cat","http://www.comtederius.cat",,,,,,"BATX","AA01","CFPM",,"AA03","CFPS",,,,,,,,,,,,,,,,,,,,,,,,"POINT (1241288152 41134946989)"
"2023/2024","2023","43003690","Escola de Pràctiques","1","Públic","01","Departament d'Educació","ctra. Valls, s/n(Zona Educacional)","43007","977217711","0143","Tarragona","36","Tarragonès","43148","431482","Tarragona","00",,"13","Tarragona","352388.562","4555228.203","1.241288152","41.134946989","e3003690@xtec.cat","https://agora.xtec.cat/ceip-practiques-tarragona/",,,"EINF2C","EPRI",,,,,,,,,,,,,,,,,,,,,,,,,,,,,,,"POINT (1241288152 41134946989)"
"2023/2024","2023","43003707","Mare Nostrum","2","Privat","26","Societats Mercantils","Camí Nou de la Budellera, s/n","43007","977290613","0143","Tarragona","36","Tarragonès","43148","431482","Tarragona","00",,"13","Tarragona","355700.869","4554092.427","1.281002361","41.125316139","e3003707@xtec.cat","http://www.cole-marenostrum.com",,,"EINF2C","EPRI","ESO",,,,,,,,,,,,,,,,,,,,,,,,,,,,,,"POINT (1281002361 41125316139)"
"2023/2024","2023","43003719","Espallargas","2","Privat","26","Societats Mercantils","c. Castellers, 1-3-5-7-9","43002","977230751","0143","Tarragona","36","Tarragonès","43148","431482","Tarragona","00",,"13","Tarragona","353265.919","4553688.528","1.252104766","41.121243094","e3003719@xtec.cat","http://www.escolaespallargas.com",,,,,,,,"CFPM",,,"CFPS",,,"PFI",,,,,,,,,,,,,,,,,,,,,"POINT (1252104766 41121243094)"
"2023/2024","2023","43003720","Escola El Miracle","1","Públic","01","Departament d'Educació","pl. del Cardenal Arce Ochotorena, s/n","43003","977239922","0143","Tarragona","36","Tarragonès","43148","431482","Tarragona","00",,"13","Tarragona","353878.737","4552946.554","1.259577953","41.114672946","e3003720@xtec.cat","http://blocs.xtec.cat/elmiracle/",,,"EINF2C","EPRI",,,,,,,,,,,,,,,,,,,,,,,,,,,,,,,"POINT (1259577953 41114672946)"
"2023/2024","2023","43003732","Institut Pons d'Icart","1","Públic","01","Departament d'Educació","Rambla Vella, 30 B","43003","977237927","0143","Tarragona","36","Tarragonès","43148","431482","Tarragona","00",,"13","Tarragona","353293.656","4553219.485","1.252547074","41.117024907","e3003732@xtec.cat","http://www.instiutponsdicart.cat",,,,,"ESO","BATX",,,,,,,,,,,,,,,,,,,,,,,,,,,,,"POINT (1252547074 41117024907)"
"2023/2024","2023","43003756","Escola Torreforta","1","Públic","01","Departament d'Educació","c. Tortosa, 49","43006","977543408","0143","Tarragona","36","Tarragonès","43148","431482","Tarragona","00",,"14","Torreforta","350331.412","4553677.733","1.217167604","41.120610343","e3003756@xtec.cat","http://agora.xtec.cat/escola-torreforta/",,,"EINF2C","EPRI",,,,,,,,,,,,,,,,,,,,,,,,,,,,,,,"POINT (1217167604 41120610343)"
"2023/2024","2023","43003768","Escola Els Àngels","1","Públic","01","Departament d'Educació","c. Menorca, 24","43006","977454654","0143","Tarragona","36","Tarragonès","43148","431482","Tarragona","00",,"14","Torreforta","349915.314","4553806.094","1.212182025","41.121689261","e3003768@xtec.cat","http://www.escolaelsangels.cat",,,"EINF2C","EPRI",,,,,,,,,,,,,,,,,,,,,,,,,,,,,,,"POINT (1212182025 41121689261)"
"2023/2024","2023","43003793","La Salle Torreforta","2","Privat","24","Ordes i Congregacions Catòlics","c. Sant Benilde, 15","43006","977543209","0143","Tarragona","36","Tarragonès","43148","431482","Tarragona","00",,"14","Torreforta","349955.096","4553598.231","1.212706479","41.119825085","e3003793@xtec.cat","http://www.torreforta.lasalle.cat/",,,"EINF2C","EPRI","ESO",,,"CFPM",,,,,,,,,,,,,,,,,,,,,,,,,,,"POINT (1212706479 41119825085)"
"2023/2024","2023","43005169","Escola Pau Delclòs","1","Públic","01","Departament d'Educació","c. Méndez Núñez, 14","43004","977234316","0143","Tarragona","36","Tarragonès","43148","431482","Tarragona","00",,"13","Tarragona","353290.043","4552920.727","1.252575418","41.114334287","e3005169@xtec.cat","http://escolapaudelclos@xtec.cat",,,"EINF2C","EPRI",,,,,,,,,,,,,,,,,,,,,,,,,,,,,,,"POINT (1252575418 41114334287)"
"2023/2024","2023","43005170","Escola La Floresta","1","Públic","01","Departament d'Educació","Urbanització la Floresta","43006","977547807","0143","Tarragona","36","Tarragonès","43148","431482","Tarragona","00",,"14","Torreforta","350016.081","4554205.578","1.213284235","41.125304701","e3005170@xtec.cat","http://agora.xtec.cat/esc-lafloresta/",,,"EINF2C","EPRI",,,,,,,,,,,,,,,,,,,,,,,,,,,,,,,"POINT (1213284235 41125304701)"
"2023/2024","2023","43005686","Escola Riu Clar","1","Públic","01","Departament d'Educació","Urbanització Riu Clar, s/n","43006","977548109","0143","Tarragona","36","Tarragonès","43148","431482","Tarragona","00",,"14","Torreforta","350982.646","4553567.136","1.224948289","41.119734324","e3005686@xtec.cat","https://agora.xtec.cat/ceip-rct/",,,"EINF2C","EPRI",,,,,,,,,,,,,,,,,,,,,,,,,,,,,,,"POINT (1224948289 41119734324)"
"2023/2024","2023","43005704","Institut Francesc Vidal i Barraquer","1","Públic","01","Departament d'Educació","av. Lluís Companys, 1","43005","977212836","0143","Tarragona","36","Tarragonès","43148","431482","Tarragona","00",,"13","Tarragona","352570.697","4553569.454","1.243855587","41.120045048","e3005704@xtec.cat","https://www.vidalibarraquer.net/",,,,,"ESO","BATX",,"CFPM",,"AA03","CFPS",,,,,,,,,,,,,,,,,,,,,,,,"POINT (1243855587 41120045048)"
"2023/2024","2023","43005731","La Muntanyeta","2","Privat","22","Fundacions","c.Muntanyeta S.Pere/ctra. Pallaresos Km1","43007","977217604","0143","Tarragona","36","Tarragonès","43148","431482","Tarragona","00",,"13","Tarragona","353306.241","4554855.431","1.252306035","41.131756989","e3005731@xtec.cat",,,,,,,,,,,,,"EE",,,,,,,,,,,,,,,,,,,,,,,"POINT (1252306035 41131756989)"
"2023/2024","2023","43005911","Escola Campclar","1","Públic","01","Departament d'Educació","Urbanització Verge del Pilar, s/n","43006","977548280","0143","Tarragona","36","Tarragonès","43148","431482","Tarragona","00",,"14","Torreforta","349822.104","4553176.771","1.211226118","41.116005824","e3005911@xtec.cat","http://www.xtec.cat/ceip-campclar",,,"EINF2C","EPRI",,,,,,,,,,,,,,,,,,,,,,,,,,,,,,,"POINT (1211226118 41116005824)"
"2023/2024","2023","43005959","Escola Cèsar August","1","Públic","01","Departament d'Educació","c. Joan Bta. Plana, 9","43005","977230352","0143","Tarragona","36","Tarragonès","43148","431482","Tarragona","00",,"13","Tarragona","352076.682","4553673.027","1.237948700","41.120887765","e3005959@xtec.cat","http://agora.xtec.cat/ceipcesaraugust/",,,"EINF2C","EPRI",,,,,,,,,,,,,,,,,,,,,,,,,,,,,,,"POINT (1237948700 41120887765)"
"2023/2024","2023","43006125","Institut Campclar","1","Públic","01","Departament d'Educació","Rambla de Ponent, 66","43006","977541007","0143","Tarragona","36","Tarragonès","43148","431482","Tarragona","00",,"13","Tarragona","349863.320","4554052.525","1.211502708","41.123898433","e3006125@xtec.cat","http://www.inscampclar.cat",,,,,"ESO","BATX","AA01","CFPM",,,,,,"PFI",,,,,,,,,,,,,,,,,,,,,"POINT (1211502708 41123898433)"
"2023/2024","2023","43006162","Solc","2","Privat","21","Cooperatives","c. Apodaca, 3","43004","977554375","0143","Tarragona","36","Tarragonès","43148","431482","Tarragona","00",,"13","Tarragona","353130.557","4552761.001","1.250714847","41.112867308","e3006162@xtec.cat","https://sites.google.com/view/ceepsirsolc/home",,,,,,,,,,,,"EE",,,,,,,,,,,,,,,,,,,,,,,"POINT (1250714847 41112867308)"
"2023/2024","2023","43006253","EASD de Tarragona","1","Públic","04","Corporacions Locals","ctra.de Valls, s/n,Zona Educacional","43007","977211253","0143","Tarragona","36","Tarragonès","43148","431482","Tarragona","00",,"13","Tarragona","350665.044","4553145.978","1.221269246","41.115884000","e3006253@xtec.cat","http://www.dipta.cat/eadt",,,,,,,,,,,,,,,,,,"CFAS","ESDI",,,,,,,,,,,,,,,,"POINT (1221269246 41115884000)"
"2023/2024","2023","43006265","Escola de Dansa Artemis","2","Privat","41","Persones Físiques","ptge. Cobos, 5-7","43001","977218626","0143","Tarragona","36","Tarragonès","43148","431482","Tarragona","00",,"13","Tarragona","353037.674","4553148.136","1.249516438","41.116336213","e3006265@xtec.cat",,,,,,,,,,,,,,,,,,,,,,,,,,"DANE",,,,,,,,,,"POINT (1249516438 41116336213)"
"2023/2024","2023","43006277","Cons. de Música de Tarragona","1","Públic","04","Corporacions Locals","c. Cavallers, 10","43003","977235830","0143","Tarragona","36","Tarragonès","43148","431482","Tarragona","00",,"13","Tarragona","353575.720","4553288.115","1.255888949","41.117693752","e3006277@xtec.cat","https://www.dipta.cat/cmtarragona",,,,,,,,,,,,,,,,,,,,,,,,,,,,,"MUSP",,,,,,"POINT (1255888949 41117693752)"
"2023/2024","2023","43006563","Escola Marcel·lí Domingo","1","Públic","01","Departament d'Educació","ctra. Pallaresos (Ub. S. Pere i S.Pau)","43007","977225465","0143","Tarragona","36","Tarragonès","43148","431482","Tarragona","00",,"13","Tarragona","352923.176","4555674.343","1.247548000","41.139061000","e3006563@xtec.cat","http://blocs.xtec.cat/escolamdomingo",,,"EINF2C","EPRI",,,,,,,,,,,,,,,,,,,,,,,,,,,,,,,"POINT (1247548000 41139061000)"
"2023/2024","2023","43006630","Institut Pere Martell","1","Públic","01","Departament d'Educació","Autovia de Salou, s/n","43006","977556338","0143","Tarragona","36","Tarragonès","43148","431482","Tarragona","00",,"13","Tarragona","352162.348","4552414.578","1.239271570","41.109572546","e3006630@xtec.cat","http://www.institutperemartell.cat",,,,,,"BATX","AA01","CFPM",,"AA03","CFPS",,,"PFI",,,,,,,,,,,,,,,,,,,,,"POINT (1239271570 41109572546)"
"2023/2024","2023","43006940","EOI de Tarragona","1","Públic","01","Departament d'Educació","C. Smith, 55","43001","977226936","0143","Tarragona","36","Tarragonès","43148","431482","Tarragona","00",,"13","Tarragona","352690.158","4552669.409","1.245493795","41.111962883","e3006940@xtec.cat",,,,,,,,,,,,,,,,,,,,,,,,,"IDI",,,,,,,,,,,"POINT (1245493795 41111962883)"
"2023/2024","2023","43007051","CFA Josepa Massanés i Dalmau","1","Públic","01","Departament d'Educació","c. Fra Antoni Cardona i Grau, s/n","43002","977237860","0143","Tarragona","36","Tarragonès","43148","431482","Tarragona","00",,"13","Tarragona","353382.633","4553785.059","1.253471398","41.122133326","e3007051@xtec.cat",,,,,,,,"AA01",,,,,,,,,,,,,,,,,,,,,,,,,,,"ADULTS","POINT (1253471398 41122133326)"
"2023/2024","2023","43007117","Escola Pax","1","Públic","01","Departament d'Educació","av. Josep Gramunt i Subiela, 55-57","43007","977217757","0143","Tarragona","36","Tarragonès","43148","431482","Tarragona","00",,"13","Tarragona","352986.201","4554160.201","1.248661321","41.125439367","e3007117@xtec.cat","http://agora.xtec.cat/ceippax/",,,"EINF2C","EPRI",,,,,,,,,,,,,,,,,,,,,,,,,,,,,,,"POINT (1248661321 41125439367)"
"2023/2024","2023","43007713","Llar d'infants El Ninot","1","Públic","04","Corporacions Locals","c. Riu Onyar, s/n (Campclar)","43006","977550230","0143","Tarragona","36","Tarragonès","43148","431482","Tarragona","00",,"14","Torreforta","349491.968","4553193.672","1.207291550","41.116096885","e3007713@xtec.cat","https://blocs.xtec.cat/llardinfantsmunicipalelninot/",,"EINF1C",,,,,,,,,,,,,,,,,,,,,,,,,,,,,,,,,"POINT (1207291550 41116096885)"
"2023/2024","2023","43007725","Llar d'infants La Taronja","1","Públic","04","Corporacions Locals","c. Riu Llobregat, s/n (Campclar)","43006","977550220","0143","Tarragona","36","Tarragonès","43148","431482","Tarragona","00",,"14","Torreforta","349269.367","4553234.279","1.204631418","41.116421215","e3007725@xtec.cat","http://www.xtec.cat/centres/e3007725",,"EINF1C",,,,,,,,,,,,,,,,,,,,,,,,,,,,,,,,,"POINT (1204631418 41116421215)"
"2023/2024","2023","43007853","Llar d'infants La Baldufa","1","Públic","01","Departament d'Educació","ctra. de València, s/n(barri del Pilar)","43006","977540609","0143","Tarragona","36","Tarragonès","43148","431482","Tarragona","00",,"13","Tarragona","349998.348","4553190.708","1.213320981","41.116163879","e3007853@xtec.cat","http://llarinfantslabaldufa.blogspot.com",,"EINF1C",,,,,,,,,,,,,,,,,,,,,,,,,,,,,,,,,"POINT (1213320981 41116163879)"
"2023/2024","2023","43007981","Bao Bab","2","Privat","21","Cooperatives","Via Augusta, 34","43003","977238832","0143","Tarragona","36","Tarragonès","43148","431482","Tarragona","00",,"13","Tarragona","354017.915","4553160.656","1.261184058","41.116625723","e3007981@xtec.cat","http://www.xtec.cat/centres/e3007981",,"EINF1C",,,,,,,,,,,,,,,,,,,,,,,,,,,,,,,,,"POINT (1261184058 41116625723)"
"2023/2024","2023","43008390","Institut Torreforta","1","Públic","01","Departament d'Educació","c. Móra d'Ebre, s/n","43006","977545721","0143","Tarragona","36","Tarragonès","43148","431482","Tarragona","00",,"13","Tarragona","350193.148","4553908.303","1.215465132","41.122660824","e3008390@xtec.cat","https://agora.xtec.cat/instorreforta",,,,,"ESO","BATX",,,,,,,,,,,,,,,,,,,,,,,,,,,,,"POINT (1215465132 41122660824)"
"2023/2024","2023","43008432","Institut Sant Pere i Sant Pau","1","Públic","01","Departament d'Educació","c. de l'Institut, s/n","43007","977213248","0143","Tarragona","36","Tarragonès","43148","431482","Tarragona","00",,"10","Sant Pere i Sant Pau","352956.809","4555735.671","1.247933864","41.139619276","e3008432@xtec.cat","http://www.xtec.cat/iesspsp",,,,,"ESO","BATX",,,,,,,,,,,,,,,,,,,,,,,,,,,,,"POINT (1247933864 41139619276)"
"2023/2024","2023","43008501","Institut Pont del Diable","1","Públic","01","Departament d'Educació","av. de Sant Salvador, 17-A","43130","977523011","0143","Tarragona","36","Tarragonès","43148","431482","Tarragona","00",,"11","Sant Salvador","352445.488","4558311.844","1.241224083","41.162721690","e3008501@xtec.cat","http://www.institutpontdeldiable.cat",,,,,"ESO",,,"CFPM",,,,,,,,,,,,,,,,,,,,,,,,,,,"POINT (1241224083 41162721690)"
"2023/2024","2023","43008560","Àngel de la Guarda","2","Privat","27","Societats Civils","c. Prat de la Riba, 18","43001","977221322","0143","Tarragona","36","Tarragonès","43148","431482","Tarragona","00",,"13","Tarragona","352796.520","4553109.294","1.246654629","41.115942818","e3008560@xtec.cat","http://www.xtec.cat/centres/e3008560",,"EINF1C",,,,,,,,,,,,,,,,,,,,,,,,,,,,,,,,,"POINT (1246654629 41115942818)"
"2023/2024","2023","43008687","LLI privada Yo-Ni","2","Privat","26","Societats Mercantils","c. Rovira i Virgili, 54","43007","977220625","0143","Tarragona","36","Tarragonès","43148","431482","Tarragona","00",,"13","Tarragona","353311.036","4553991.463","1.252569590","41.123978826","e3008687@xtec.cat","http://www.xtec.cat/centres/e3008687",,"EINF1C",,,,,,,,,,,,,,,,,,,,,,,,,,,,,,,,,"POINT (1252569590 41123978826)"
"2023/2024","2023","43008729","CFA Tarragona","1","Públic","01","Departament d'Educació","Perllongació carrer B,s/n(Barri Riu Clar","43006","977551888","0143","Tarragona","36","Tarragonès","43148","431482","Tarragona","00",,"13","Tarragona","349143.399","4552936.288","1.203204888","41.113714829","e3008729@xtec.cat","http://agora.xtec.cat/cfatarragona",,,,,,,,,,,,,,,,,,,,,,,,,,,,,,,,,,"ADULTS","POINT (1203204888 41113714829)"
"2023/2024","2023","43008766","Esc. de Música Municipal","1","Públic","04","Corporacions Locals","c. Armanyà, 10","43003","977245236","0143","Tarragona","36","Tarragonès","43148","431482","Tarragona","00",,"13","Tarragona","353333.699","4552914.205","1.253096716","41.114283442","e3008766@xtec.cat",,,,,,,,,,,,,,,,,,,,,,,,,,,,,"MUSE",,,,,,,"POINT (1253096716 41114283442)"
"2023/2024","2023","43008778","CFA Fòrum","1","Públic","04","Corporacions Locals","av. Ramon i Cajal, 70","43001","977242833","0143","Tarragona","36","Tarragonès","43148","431482","Tarragona","00",,"13","Tarragona","352620.028","4553193.100","1.244533261","41.116665380","e3008778@xtec.cat",,,,,,,,,,,,,,,,,,,,,,,,,,,,,,,,,,,"ADULTS","POINT (1244533261 41116665380)"
"2023/2024","2023","43008791","Esc. de Música de la Diputació de Tarragona","1","Públic","04","Corporacions Locals","c. Cavallers, 10","43003","977235830","0143","Tarragona","36","Tarragonès","43148","431482","Tarragona","00",,"13","Tarragona","353575.720","4553288.115","1.255888949","41.117693752","e3008791@xtec.cat",,,,,,,,,,,,,,,,,,,,,,,,,,,,,"MUSE",,,,,,,"POINT (1255888949 41117693752)"
"2023/2024","2023","43008997","LLI privada El Niuet","2","Privat","41","Persones Físiques","c. Muntanya Sant Pere, 15(Urb.Pedrol)","43007","977203020","0143","Tarragona","36","Tarragonès","43148","431482","Tarragona","00",,"13","Tarragona","353250.187","4554941.128","1.251618019","41.132518462","e3008997@xtec.cat","http://www.xtec.cat/centres/e3008997",,"EINF1C",,,,,,,,,,,,,,,,,,,,,,,,,,,,,,,,,"POINT (1251618019 41132518462)"
"2023/2024","2023","43009175","L'Alba i La Cigonya","2","Privat","26","Societats Mercantils","c. Reding, 6","43001","977214108","0143","Tarragona","36","Tarragonès","43148","431482","Tarragona","00",,"13","Tarragona","353162.449","4552940.561","1.251051605","41.114489812","e3009175@xtec.cat","http://www.xtec.cat/centres/e3009175",,"EINF1C","EINF2C",,,,,,,,,,,,,,,,,,,,,,,,,,,,,,,,"POINT (1251051605 41114489812)"
"2023/2024","2023","43009230","Escola Tarragona","1","Públic","01","Departament d'Educació","c. Guillem Oliver, 3","43005","977232947","0143","Tarragona","36","Tarragonès","43148","431482","Tarragona","00",,"13","Tarragona","352046.592","4554330.576","1.237431986","41.126802702","e3009230@xtec.cat","http://escola-tarrgona.blogspot.com.es",,,"EINF2C","EPRI",,,,,,,,,,,,,,,,,,,,,,,,,,,,,,,"POINT (1237431986 41126802702)"
"2023/2024","2023","43009369","Escola Saavedra","1","Públic","01","Departament d'Educació","Via de l'Imperi, 1","43003","977237619","0143","Tarragona","36","Tarragonès","43148","431482","Tarragona","00",,"13","Tarragona","353346.270","4553304.893","1.253153097","41.117803413","e3009369@xtec.cat","http://agora.xtec.cat/ceipsaavedra/",,,"EINF2C","EPRI",,,,,,,,,,,,,,,,,,,,,,,,,,,,,,,"POINT (1253153097 41117803413)"
"2023/2024","2023","43009539","LLI privada Baobad-rosa","2","Privat","21","Cooperatives","Via Augusta, 74","43003","977218279","0143","Tarragona","36","Tarragonès","43148","431482","Tarragona","00",,"13","Tarragona","354643.673","4553409.259","1.268575462","41.118976370","e3009539@xtec.cat","http://www.xtec.cat/centres/e3009539",,"EINF1C",,,,,,,,,,,,,,,,,,,,,,,,,,,,,,,,,"POINT (1268575462 41118976370)"
"2023/2024","2023","43009576","Esc. de Música Estudi de Música","2","Privat","21","Cooperatives","c. Sant Francesc, 4","43003","977231720","0143","Tarragona","36","Tarragonès","43148","431482","Tarragona","00",,"13","Tarragona","353031.561","4553138.331","1.249446004","41.116246824","e3009576@xtec.cat",,,,,,,,,,,,,,,,,,,,,,,,,,,,,"MUSE",,,,,,,"POINT (1249446004 41116246824)"
"2023/2024","2023","43009722","Institut Cal·lípolis","1","Públic","01","Departament d'Educació","Autovia de Salou, s/n","43006","977544202","0143","Tarragona","36","Tarragonès","43148","431482","Tarragona","00",,"13","Tarragona","352162.348","4552414.578","1.239271570","41.109572546","e3009722@xtec.cat","http://www.institutcallipolis.cat",,,,,,"BATX","AA01","CFPM",,"AA03","CFPS",,"IFE","PFI",,,,,,,,,,,,,,,,,"TEGM","TEGS",,,"POINT (1239271570 41109572546)"
"2023/2024","2023","43010256","Llar d'infants El Serrallo","1","Públic","04","Corporacions Locals","Barri del Serrallo, s/n","43003","977248592","0143","Tarragona","36","Tarragonès","43148","431482","Tarragona","00",,"13","Tarragona","352062.370","4552841.852","1.237978497","41.113401434","e3010256@xtec.cat","http://www.xtec.cat/centres/e3010256",,"EINF1C",,,,,,,,,,,,,,,,,,,,,,,,,,,,,,,,,"POINT (1237978497 41113401434)"
"2023/2024","2023","43010281","LLI privada El Bosquet","2","Privat","26","Societats Mercantils","urb. Els Pinars, 45","43007",,"0143","Tarragona","36","Tarragonès","43148","431482","Tarragona","00",,"13","Tarragona","356872.658","4555086.730","1.294723776","41.134476297","e3010281@xtec.cat",,,"EINF1C",,,,,,,,,,,,,,,,,,,,,,,,,,,,,,,,,"POINT (1294723776 41134476297)"
"2023/2024","2023","43010396","Escola de Ponent","1","Públic","01","Departament d'Educació","av. del President Tarradellas, s/n","43006","977260701","0143","Tarragona","36","Tarragonès","43148","431482","Tarragona","00",,"13","Tarragona","349028.405","4553654.902","1.201659248","41.120163584","e3010396@xtec.cat","http://agora.xtec.cat/escolaponent-tarragona",,,"EINF2C","EPRI",,,,,,,,,,,,,,,,,,,,,,,,,,,,,,,"POINT (1201659248 41120163584)"
"2023/2024","2023","43010438","Llar d'infants El Miracle","1","Públic","04","Corporacions Locals","pl. Cardenal Arce Ochotorena, s/n","43003","977249722","0143","Tarragona","36","Tarragonès","43148","431482","Tarragona","00",,"13","Tarragona","353878.737","4552946.554","1.259577953","41.114672946","e3010438@xtec.cat","http://www.xtec.cat/centres/e3010438",,"EINF1C",,,,,,,,,,,,,,,,,,,,,,,,,,,,,,,,,"POINT (1259577953 41114672946)"
"2023/2024","2023","43010700","CASASFORMACIÓN.ES","2","Privat","26","Societats Mercantils","c. Dr. Zamenhoff, 3 bxs.","43001","977220890","0143","Tarragona","36","Tarragonès","43148","431482","Tarragona","00",,"13","Tarragona","352861.679","4552774.168","1.247510664","41.112937205","e3010700@xtec.cat","http://www.casasformacion.es",,,,,,,,,,,"CFPS",,,,,,,,,,,,,,,,,,,,,,,,"POINT (1247510664 41112937205)"
"2023/2024","2023","43010955","Llar d'infants Sant Pere i Sant Pau","1","Públic","04","Corporacions Locals","rbla. de Sant Pere i Sant Pau","43004","977203550","0143","Tarragona","36","Tarragonès","43148","431482","Tarragona","00",,"13","Tarragona","353363.546","4555530.726","1.252827088","41.137847585","e3010955@xtec.cat",,,"EINF1C",,,,,,,,,,,,,,,,,,,,,,,,,,,,,,,,,"POINT (1252827088 41137847585)"
"2023/2024","2023","43010979","Llar d'infants Sant Salvador","1","Públic","04","Corporacions Locals","av. Sant Salvador, 13","43130","977293045","0143","Tarragona","36","Tarragonès","43148","431482","Tarragona","00",,"13","Tarragona","352453.578","4558128.126","1.241364707","41.161069007","e3010979@xtec.cat",,,"EINF1C",,,,,,,,,,,,,,,,,,,,,,,,,,,,,,,,,"POINT (1241364707 41161069007)"
"2023/2024","2023","43011479","Institut Tarragona","1","Públic","01","Departament d'Educació","pl. de la Imperial Tarraco, 1","43003","977238277","0143","Tarragona","36","Tarragonès","43148","431482","Tarragona","00",,"13","Tarragona","352768.507","4553480.570","1.246232104","41.119280647","e3011479@xtec.cat","https://agora.xtec.cat/instarragona/",,,,,"ESO","BATX",,,,,,,,,,,,,,,,,,,,,,,,,,,,,"POINT (1246232104 41119280647)"
"2023/2024","2023","43011561","Llar d'infants L'Arrabassada","1","Públic","04","Corporacions Locals","c. Internet, s/n","43001",,"0143","Tarragona","36","Tarragonès","43148","431482","Tarragona","00",,"13","Tarragona","354346.842","4553801.968","1.264948139","41.122459099","e3011561@xtec.cat",,,"EINF1C",,,,,,,,,,,,,,,,,,,,,,,,,,,,,,,,,"POINT (1264948139 41122459099)"
"2023/2024","2023","43012125","Novatècnica","2","Privat","26","Societats Mercantils","c. Francolí, 52-54, baixos","43006",,"0143","Tarragona","36","Tarragonès","43148","431482","Tarragona","00",,"13","Tarragona","350549.803","4553502.631","1.219810460","41.119074001","e3012125@xtec.cat",,,,,,,,,"CFPM",,,"CFPS",,,,,,,,,,,,,,,,,,,,,,,"ADULTS","POINT (1219810460 41119074001)"
"2023/2024","2023","43012162","Llar d'infants Bonavista","1","Públic","04","Corporacions Locals","c. Vint-i-u, s/n","43100",,"0143","Tarragona","36","Tarragonès","43148","431482","Tarragona","00",,"13","Tarragona","348338.698","4553524.531","1.193479701","41.118861266","e3012162@xtec.cat",,,"EINF1C",,,,,,,,,,,,,,,,,,,,,,,,,,,,,,,,,"POINT (1193479701 41118861266)"
"2023/2024","2023","43012216","Llar d'infants Cèsar August","1","Públic","04","Corporacions Locals","c. Joan Baptista Plana, 9","43005",,"0143","Tarragona","36","Tarragonès","43148","431482","Tarragona","00",,"13","Tarragona","352076.682","4553673.027","1.237948700","41.120887765","e3012216@xtec.cat",,,"EINF1C",,,,,,,,,,,,,,,,,,,,,,,,,,,,,,,,,"POINT (1237948700 41120887765)"
"2023/2024","2023","43012447","Bettatur","2","Privat","26","Societats Mercantils","Via de l'Imperi Romà, 11","43001",,"0143","Tarragona","36","Tarragonès","43148","431482","Tarragona","00",,"13","Tarragona","353379.343","4553292.854","1.253549739","41.117700989","e3012447@xtec.cat",,,,,,,,,,,,"CFPS",,,,,,,,,,,,,,,,,,,,,,,,"POINT (1253549739 41117700989)"
"2023/2024","2023","43012629","Aula Magna","2","Privat","26","Societats Mercantils","av. República Argentina, 11","43007",,"0143","Tarragona","36","Tarragonès","43148","431482","Tarragona","00",,"13","Tarragona","352483.235","4553827.316","1.242752281","41.122350910","e3012629@xtec.cat",,,,,,,,,"CFPM",,,"CFPS",,,,,,,,,,,,,,,,,,,,,,,"ADULTS","POINT (1242752281 41122350910)"
"2023/2024","2023","43012642","LLI privada Xino-Xano Joan XXIII","2","Privat","26","Societats Mercantils","c. Arquebisbe Josep Pont i Gol, 19","43005",,"0143","Tarragona","36","Tarragonès","43148","431482","Tarragona","00",,"13","Tarragona","351872.420","4554377.708","1.235346641","41.127195308","e3012642@xtec.cat",,,"EINF1C",,,,,,,,,,,,,,,,,,,,,,,,,,,,,,,,,"POINT (1235346641 41127195308)"
"2023/2024","2023","43012708","CEOP","2","Privat","26","Societats Mercantils","av. Roma, 5C, 1-2","43005",,"0143","Tarragona","36","Tarragonès","43148","431482","Tarragona","00",,"13","Tarragona","352498.030","4553436.258","1.243022374","41.118832584","e3012708@xtec.cat",,,,,,,,"AA01",,,,,,,"PFI",,,,,,,,,,,,,,,,,,,,"ADULTS","POINT (1243022374 41118832584)"
"2023/2024","2023","43012897","AFENTD","2","Privat","31","Associacions","c. Sant Benilde, 15","43006",,"0143","Tarragona","36","Tarragonès","43148","431482","Tarragona","00",,"13","Tarragona","349955.096","4553598.231","1.212706479","41.119825085","e3012897@xtec.cat",,,,,,,,,,,,,,,,,,,,,,,,,,,,,,,,"TEGM","TEGS",,,"POINT (1212706479 41119825085)"
"2023/2024","2023","43012939","Òrgan Gestor del Complex Educatiu de Tarragona","1","Públic","01","Departament d'Educació","ctra. de Salou, s/n","43004",,"0143","Tarragona","36","Tarragonès","43148","431482","Tarragona","00",,"13","Tarragona","352162.348","4552414.578","1.239271570","41.109572550","e3012939@xtec.cat",,,,,,"ESO",,,,,,,,,,,,,,,,,,,,,,,,,,,,,,"POINT (1239271570 41109572550)"
"2023/2024","2023","43012976","Institut Escola Mediterrani","1","Públic","01","Departament d'Educació","c. Riu Ter, s/n","43001","977540706","0143","Tarragona","36","Tarragonès","43148","431482","Tarragona","00",,"01","Bonavista","349089.002","4553196.775","1.202493296","41.116050050","e3012976@xtec.cat","http://www.xtec.cat/centres/e3006381",,,"EINF2C","EPRI","ESO",,,,,,,,,,,,,,,,,,,,,,,,,,,,,,"POINT (1202493296 41116050050)"
"2023/2024","2023","43013002","A. Hospitalària H.de dia salut mental infanto juvenil deTarragona","1","Públic","02","Altres Departaments","av. Vidal i Barraquer, 27-20 esc. B","43001",,"0143","Tarragona","36","Tarragonès","43148","431482","Tarragona","00",,"13","Tarragona","352348.365","4552781.870","1.241397743","41.112913401","e3013002@xtec.cat",,,,"EINF2C","EPRI","ESO",,,,,,,,,,,,,,,,,,,,,,,,,,,,,,"POINT (1241397743 41112913401)"
"2023/2024","2023","43013063","LLI privada Teresianes-Jaycar","2","Privat","22","Fundacions","c. d'Ixart, 10","43003",,"0143","Tarragona","36","Tarragonès","43148","431482","Tarragona","00",,"13","Tarragona","353194.822","4553253.761","1.251362171","41.117315664","e3013063@xtec.cat",,,"EINF1C",,,,,,,,,,,,,,,,,,,,,,,,,,,,,,,,,"POINT (1251362171 41117315664)"
"2023/2024","2023","43013166","Centre de Formació CBS","2","Privat","26","Societats Mercantils","c. Ventallols, 5","43003",,"0143","Tarragona","36","Tarragonès","43148","431482","Tarragona","00",,"13","Tarragona","353784.000","4553261.000","1.258375000","41.117479000","e3013166@xtec.cat",,,,,,,,,,,,"CFPS",,,,,,,,,,,,,,,,,,,,,,,,"POINT (1258375000 41117479000)"
"2023/2024","2023","43013191","Institut Escola L'Arrabassada","1","Públic","01","Departament d'Educació","c. Mercè Rodoreda, s/n","43001",,"0143","Tarragona","36","Tarragonès","43148","431482","Tarragona","00",,"13","Tarragona","354961.000","4553889.000","1.272123000","41.123335000","e3013191@xtec.cat",,,,"EINF2C","EPRI","ESO",,,,,,,,,,,,,,,,,,,,,,,,,,,,,,"POINT (1272123000 41123335000)"
"2023/2024","2023","43013233","Ilerna Tarragona","2","Privat","26","Societats Mercantils","c. Joan Serra i Vilaró, 7","43007",,"0143","Tarragona","36","Tarragonès","43148","431482","Tarragona","00",,"13","Tarragona","352603.000","4554537.000","1.244009000","41.128708000","e3013233@xtec.cat",,,,,,,,,"CFPM",,,"CFPS",,,,,,,,,,,,,,,,,,,,,,,,"POINT (1244009000 41128708000)"
"2023/2024","2023","43013270","Vedruna Dansa","2","Privat","22","Fundacions","c. Santa Joaquima Vedruna, 10","43001",,"0143","Tarragona","36","Tarragonès","43148","431482","Tarragona","00",,"13","Tarragona","352956.000","4553637.000","1.248423000","41.120727000","e3013270@xtec.cat",,,,,,,,,,,,,,,,,,,,,,,,,,"DANE",,,,,,,,,,"POINT (1248423000 41120727000)"
"2023/2024","2023","43003884","Escola Antoni Roig","1","Públic","01","Departament d'Educació","av. Sant Jordi. núm. 1(ap.correus 142)","43830","977640836","0143","Tarragona","36","Tarragonès","43153","431536","Torredembarra","00",,"04","Torredembarra","365320.755","4556219.354","1.395090160","41.146120804","e3003884@xtec.cat","http://agora.xtec.cat/escolaantoniroig/",,,"EINF2C","EPRI",,,,,,,,,,,,,,,,,,,,,,,,,,,,,,,"POINT (1395090160 41146120804)"
"2023/2024","2023","43006851","Escola Molí de Vent","1","Públic","01","Departament d'Educació","c. de les Escoles, 13-15","43830","977130246","0143","Tarragona","36","Tarragonès","43153","431536","Torredembarra","00",,"04","Torredembarra","365901.209","4556537.437","1.401935031","41.149081125","e3006851@xtec.cat","https://agora.xtec.cat/ceip-molidevent/",,,"EINF2C","EPRI",,,,,,,,,,,,,,,,,,,,,,,,,,,,,,,"POINT (1401935031 41149081125)"
"2023/2024","2023","43006952","Institut Torredembarra","1","Públic","01","Departament d'Educació","av. de Sant Jordi, 62-64","43830","977640312","0143","Tarragona","36","Tarragonès","43153","431536","Torredembarra","00",,"04","Torredembarra","365906.326","4556776.441","1.401943721","41.151234081","e3006952@xtec.cat","http://www.instorredembarra.cat/",,,,,"ESO","BATX",,,,,,,,,,,,,,,,,,,,,,,,,,,,,"POINT (1401943721 41151234081)"
"2023/2024","2023","43007661","Institut Ramon de la Torre","1","Públic","01","Departament d'Educació","c. Camí del Moro, 28-40","43830","977642402","0143","Tarragona","36","Tarragonès","43153","431536","Torredembarra","00",,"04","Torredembarra","366783.474","4556597.152","1.412432198","41.149764195","e3007661@xtec.cat","http://www.institutramondelatorre.org",,,,,"ESO","BATX","AA01","CFPM",,,"CFPS",,,"PFI",,,,,,,,,,,,,,,,,,,,,"POINT (1412432198 41149764195)"
"2023/2024","2023","43009242","Escola L'Antina","1","Públic","01","Departament d'Educació","pg. Miramar, 190-200","43830","977642496","0143","Tarragona","36","Tarragonès","43153","431536","Torredembarra","00",,"04","Torredembarra","366488.944","4556124.649","1.409026391","41.145461110","e3009242@xtec.cat","http://www.escolaantina.cat",,,"EINF2C","EPRI",,,,,,,,,,,,,,,,,,,,,,,,,,,,,,,"POINT (1409026391 41145461110)"
"2023/2024","2023","43009643","Llar d'infants El Cirerer","1","Públic","04","Corporacions Locals","c. Camí de l'Era, 52-54","43830","977642535","0143","Tarragona","36","Tarragonès","43153","431536","Torredembarra","00",,"04","Torredembarra","365631.792","4556205.735","1.398798240","41.146049746","e3009643@xtec.cat","http://www.xtec.cat/centres/e3009643",,"EINF1C",,,,,,,,,,,,,,,,,,,,,,,,,,,,,,,,,"POINT (1398798240 41146049746)"
"2023/2024","2023","43009746","Esc. de Música Municipal de Torredembarra","1","Públic","04","Corporacions Locals","c. Alt de Sant Pere, 35","43830","977644308","0143","Tarragona","36","Tarragonès","43153","431536","Torredembarra","00",,"04","Torredembarra","365635.176","4556155.526","1.398849554","41.145598202","e3009746@xtec.cat",,,,,,,,,,,,,,,,,,,,,,,,,,,,,"MUSE",,,,,,,"POINT (1398849554 41145598202)"
"2023/2024","2023","43010918","Escola de Dansa Centrescènic","2","Privat","27","Societats Civils","c. Eduard Benot, 11/c. Carnisseria, 9","43830",,"0143","Tarragona","36","Tarragonès","43153","431536","Torredembarra","00",,"04","Torredembarra","365428.866","4556110.100","1.396401965","41.145154967","e3010918@xtec.cat",,,,,,,,,,,,,,,,,,,,,,,,,,"DANE",,,,,,,,,,"POINT (1396401965 41145154967)"
"2023/2024","2023","43011650","EB privada La Casa de les Fades","2","Privat","26","Societats Mercantils","c.Joaquim Torres Ibern, 7 local I","43830","977130810","0143","Tarragona","36","Tarragonès","43153","431536","Torredembarra","00",,"04","Torredembarra","366919.302","4556487.292","1.414074135","41.148797253","e3011650@xtec.cat",,,"EINF1C",,,,,,,,,,,,,,,,,,,,,,,,,,,,,,,,,"POINT (1414074135 41148797253)"
"2023/2024","2023","43012253","Llar d'infants Els Gegants de la Torre","1","Públic","04","Corporacions Locals","c. de les Escoles, s/n","43830",,"0143","Tarragona","36","Tarragonès","43153","431536","Torredembarra","00",,"04","Torredembarra","365913.892","4556518.073","1.402090350","41.148908863","e3012253@xtec.cat",,,"EINF1C",,,,,,,,,,,,,,,,,,,,,,,,,,,,,,,,,"POINT (1402090350 41148908863)"
"2023/2024","2023","43012794","Centre d'Estudis Eqüestres Torredembarra","2","Privat","26","Societats Mercantils","ctra. La Riera, s/n","43830","977640282","0143","Tarragona","36","Tarragonès","43153","431536","Torredembarra","00",,"04","Torredembarra","365303.671","4556261.978","1.394877297","41.146501773","e3012794@xtec.cat",,,,,,,,,"CFPM",,,,,,,,,,,,,,,,,,,,,,,"TEGM","TEGS",,,"POINT (1394877297 41146501773)"
"2023/2024","2023","43004864","Escola Pere Virgili","1","Públic","01","Departament d'Educació","pl. de la Pau, s/n","43141","977840353","0143","Tarragona","36","Tarragonès","43166","431665","Vilallonga del Camp","00",,"01","Vilallonga del Camp","349403.246","4563683.275","1.203657307","41.210524135","e3004864@xtec.cat","http://escolaperevirgili.blogspot.com",,,"EINF2C","EPRI",,,,,,,,,,,,,,,,,,,,,,,,,,,,,,,"POINT (1203657307 41210524135)"
"2023/2024","2023","43010104","Llar d'infants Patufet","1","Públic","04","Corporacions Locals","rbla. Mare de Déu del Roser/pl.de la Pau","43141","977842062","0143","Tarragona","36","Tarragonès","43166","431665","Vilallonga del Camp","00",,"01","Vilallonga del Camp","349477.113","4563652.343","1.204545607","41.210259374","e3010104@xtec.cat","http://www.xtec.cat/centres/e3010104",,"EINF1C",,,,,,,,,,,,,,,,,,,,,,,,,,,,,,,,,"POINT (1204545607 41210259374)"
"2023/2024","2023","43004979","Escola Torroja i Miret","1","Públic","01","Departament d'Educació","c. Tarragona, 9","43480","977390616","0143","Tarragona","36","Tarragonès","43171","431711","Vila-seca","00",,"05","Vila-seca de Solcina","344524.953","4552674.066","1.148289772","41.110483083","e3004979@xtec.cat","http://agora.xtec.cat/ceip-torrojaimiret/",,,"EINF2C","EPRI",,,,,,,,,,,,,,,,,,,,,,,,,,,,,,,"POINT (1148289772 41110483083)"
"2023/2024","2023","43005005","Escola Sant Bernat Calvó","1","Públic","01","Departament d'Educació","c. Requet de Fèlix, 22","43480","977391921","0143","Tarragona","36","Tarragonès","43171","431711","Vila-seca","00",,"05","Vila-seca de Solcina","344497.691","4552821.500","1.147927927","41.111805269","e3005005@xtec.cat","http://agora.xtec.cat/escolasantbernat/",,,"EINF2C","EPRI",,,,,,,,,,,,,,,,,,,,,,,,,,,,,,,"POINT (1147927927 41111805269)"
"2023/2024","2023","43005947","Escola Cal·lípolis","1","Públic","01","Departament d'Educació","c. Alfredo Kraus, 22","43481","977371711","0143","Tarragona","36","Tarragonès","43171","431711","Vila-seca","00",,"01","Platja de la Pineda","346975.262","4549328.205","1.178291474","41.080823808","e3005947@xtec.cat","http://agora.xtec.cat/ceipcal-lipolis/",,,"EINF2C","EPRI",,,,,,,,,,,,,,,,,,,,,,,,,,,,,,,"POINT (1178291474 41080823808)"
"2023/2024","2023","43005972","Institut Ramon Barbat i Miracle","1","Públic","01","Departament d'Educació","av. de l'Alcalde Pere Molas, s/n","43480","977391379","0143","Tarragona","36","Tarragonès","43171","431711","Vila-seca","00",,"05","Vila-seca de Solcina","344678.075","4551688.322","1.150361691","41.101637358","e3005972@xtec.cat","https://agora.xtec.cat/ies-ramonbarbat-vilaseca",,,,,"ESO","BATX",,"CFPM",,,"CFPS",,,,,,,,,,,,,,,,,,,,,,,,"POINT (1150361691 41101637358)"
"2023/2024","2023","43006241","Escola La Plana","1","Públic","01","Departament d'Educació","Camí Mas de la Cuca, s/n","43480","977391819","0143","Tarragona","36","Tarragonès","43171","431711","Vila-seca","00",,"02","La Plana","342830.300","4554851.505","1.127559413","41.129760973","e3006241@xtec.cat","https://sites.google.com/a/xtec.cat/escolalaplana/",,,"EINF2C","EPRI",,,,,,,,,,,,,,,,,,,,,,,,,,,,,,,"POINT (1127559413 41129760973)"
"2023/2024","2023","43006289","Cons. de Música de Vila-seca","1","Públic","04","Corporacions Locals","av. de la Generalitat, 27","43480","977392368","0143","Tarragona","36","Tarragonès","43171","431711","Vila-seca","00",,"05","Vila-seca de Solcina","343881.988","4552760.916","1.140613833","41.111141712","e3006289@xtec.cat","https://www.vila-secamusica.cat",,,,,,,,,,,,,,,,,,,,,,,,,,,,,"MUSP",,,,,,"POINT (1140613833 41111141712)"
"2023/2024","2023","43006332","Escola Mestral","1","Públic","01","Departament d'Educació","c. Santiago Rusiñol, s/n","43480","977391820","0143","Tarragona","36","Tarragonès","43171","431711","Vila-seca","00",,"05","Vila-seca de Solcina","343790.353","4552836.383","1.139503805","41.111803547","e3006332@xtec.cat","http://agora.xtec.cat/escolamestralvila-seca/",,,"EINF2C","EPRI",,,,,,,,,,,,,,,,,,,,,,,,,,,,,,,"POINT (1139503805 41111803547)"
"2023/2024","2023","43008158","LLI privada Pineda","2","Privat","21","Cooperatives","c. Jacint Verdaguer, 6","43480","977391713","0143","Tarragona","36","Tarragonès","43171","431711","Vila-seca","00",,"05","Vila-seca de Solcina","343909.646","4552501.741","1.141008924","41.108813591","e3008158@xtec.cat","http://www.xtec.cat/centres/e3008158",,"EINF1C",,,,,,,,,,,,,,,,,,,,,,,,,,,,,,,,,"POINT (1141008924 41108813591)"
"2023/2024","2023","43008523","Institut Vila-seca","1","Públic","01","Departament d'Educació","av. de l'Alcalde Pere Molas, s/n","43480","977394244","0143","Tarragona","36","Tarragonès","43171","431711","Vila-seca","00",,"05","Vila-seca de Solcina","344678.075","4551688.322","1.150361691","41.101637358","e3008523@xtec.cat","http://agora.xtec.cat/iesvila-seca",,,,,"ESO","BATX","AA01",,,,,,,"PFI",,,,,,,,,,,,,,,,,,,,,"POINT (1150361691 41101637358)"
"2023/2024","2023","43008742","Esc. de Música Municipal de Vila-seca","1","Públic","04","Corporacions Locals","av. de la Generalitat, 27","43480","977392368","0143","Tarragona","36","Tarragonès","43171","431711","Vila-seca","00",,"05","Vila-seca de Solcina","343881.988","4552760.916","1.140613833","41.111141712","e3008742@xtec.cat",,,,,,,,,,,,,,,,,,,,,,,,,,,,,"MUSE",,,,,,,"POINT (1140613833 41111141712)"
"2023/2024","2023","43010086","CFA Vilaseca","1","Públic","01","Departament d'Educació","c. Sant Pere, 25 (cant. pl. Estudi, 1)","43480","977391811","0143","Tarragona","36","Tarragonès","43171","431711","Vila-seca","00",,"05","Vila-seca de Solcina","344405.153","4552559.232","1.146892755","41.109426253","e3010086@xtec.cat","http://agora.xtec.cat/cfavilaseca/",,,,,,,,,,,,,,,,,,,,,,,,,,,,,,,,,,"ADULTS","POINT (1146892755 41109426253)"
"2023/2024","2023","43010426","EB privada L'Estel","2","Privat","27","Societats Civils","c. de Sant Jordi, 25","43480","977396244","0143","Tarragona","36","Tarragonès","43171","431711","Vila-seca","00",,"05","Vila-seca de Solcina","344048.973","4552773.228","1.142598526","41.111284637","e3010426@xtec.cat","http://www.xtec.cat/centres/e3010426",,"EINF1C",,,,,,,,,,,,,,,,,,,,,,,,,,,,,,,,,"POINT (1142598526 41111284637)"
"2023/2024","2023","43010530","Escola Miramar","1","Públic","01","Departament d'Educació","c. Era del Delme, 20","43480","977396280","0143","Tarragona","36","Tarragonès","43171","431711","Vila-seca","00",,"05","Vila-seca de Solcina","344369.781","4552209.748","1.146560197","41.106272953","e3010530@xtec.cat","http://blocs.xtec.cat/escolamiramar/",,,"EINF2C","EPRI",,,,,,,,,,,,,,,,,,,,,,,,,,,,,,,"POINT (1146560197 41106272953)"
"2023/2024","2023","43011492","Escola La Canaleta","1","Públic","01","Departament d'Educació","c. d'Alfons I, 18","43480","977783565","0143","Tarragona","36","Tarragonès","43171","431711","Vila-seca","00",,"05","Vila-seca de Solcina","344265.898","4553132.334","1.145089808","41.114559401","e3011492@xtec.cat","http://www.lacanaleta.cat",,,"EINF2C","EPRI",,,,,,,,,,,,,,,,,,,,,,,,,,,,,,,"POINT (1145089808 41114559401)"
"2023/2024","2023","43011595","Llar d'infants Fartets","1","Públic","04","Corporacions Locals","c. Luis Mariano, 4","43480",,"0143","Tarragona","36","Tarragonès","43171","431711","Vila-seca","00",,"01","Platja de la Pineda","347268.232","4549679.559","1.181690286","41.084042325","e3011595@xtec.cat",,,"EINF1C",,,,,,,,,,,,,,,,,,,,,,,,,,,,,,,,,"POINT (1181690286 41084042325)"
"2023/2024","2023","43012551","Llar d'infants Les Vimeteres","1","Públic","04","Corporacions Locals","c. de l'Era del Delme, s/n","43480",,"0143","Tarragona","36","Tarragonès","43171","431711","Vila-seca","00",,"05","Vila-seca de Solcina","344385.258","4552212.742","1.146743668","41.106302875","e3012551@xtec.cat",,,"EINF1C",,,,,,,,,,,,,,,,,,,,,,,,,,,,,,,,,"POINT (1146743668 41106302875)"
"2023/2024","2023","43004931","Escola Santa Maria del Mar","1","Públic","01","Departament d'Educació","c. Juan Manuel Muñoz Rodriguez, 5","43840","977382302","0143","Tarragona","36","Tarragonès","43905","439057","Salou","00",,"01","Salou","343000.363","4549717.735","1.130895996","41.083573187","e3004931@xtec.cat","http://www.santamariadelmar.cat",,,"EINF2C","EPRI",,,,,,,,,,,,,,,,,,,,,,,,,,,,,,,"POINT (1130895996 41083573187)"
"2023/2024","2023","43004967","Elisabeth","2","Privat","21","Cooperatives","c. Miquel Martí i Pol, 1","43840","977383851","0143","Tarragona","36","Tarragonès","43905","439057","Salou","00",,"01","Salou","342678.403","4550111.373","1.126964306","41.087054993","e3004967@xtec.cat","http://www.escolaelisabeth.cat",,"EINF1C","EINF2C","EPRI","ESO","BATX",,,,,,,,,,,,,,,,,,,,,,,,,,,,,"POINT (1126964306 41087054993)"
"2023/2024","2023","43006393","Escola Europa","1","Públic","01","Departament d'Educació","pl. de la Segregació, 2","43840","977384996","0143","Tarragona","36","Tarragonès","43905","439057","Salou","00",,"01","Salou","343274.201","4549478.531","1.134215353","41.081472386","e3006393@xtec.cat","https://agora.xtec.cat/escolaeuropa/",,,"EINF2C","EPRI",,,,,,,,,,,,,,,,,,,,,,,,,,,,,,,"POINT (1134215353 41081472386)"
"2023/2024","2023","43007026","LLI privada Nou Esplai","2","Privat","26","Societats Mercantils","c. Berlín, s/n","43840","977383274","0143","Tarragona","36","Tarragonès","43905","439057","Salou","00",,"01","Salou","343503.265","4548955.473","1.137073949","41.076807227","e3007026@xtec.cat","http://www.xtec.cat/centres/e3007026",,"EINF1C",,,,,,,,,,,,,,,,,,,,,,,,,,,,,,,,,"POINT (1137073949 41076807227)"
"2023/2024","2023","43007518","Esc. de Música Municipal","1","Públic","04","Corporacions Locals","c. advocat Gallego, 2/arquit.Ubach, 1","43840","977381008","0143","Tarragona","36","Tarragonès","43905","439057","Salou","00",,"01","Salou","343240.768","4549564.943","1.133795530","41.082243930","e3007518@xtec.cat",,,,,,,,,,,,,,,,,,,,,,,,,,,,,"MUSE",,,,,,,"POINT (1133795530 41082243930)"
"2023/2024","2023","43007543","Institut Jaume I","1","Públic","01","Departament d'Educació","c. Advocat Gallego, 6","43840","977384771","0143","Tarragona","36","Tarragonès","43905","439057","Salou","00",,"01","Salou","343253.932","4549580.935","1.133948090","41.082390450","e3007543@xtec.cat","http://www.iesjaume1.cat",,,,,"ESO","BATX",,"CFPM",,,"CFPS",,,,,,,,,,,,,,,,,,,,"TEGM","TEGS",,,"POINT (1133948090 41082390450)"
"2023/2024","2023","43009451","Escola Salou","1","Públic","01","Departament d'Educació","c. Rosa Sensat, 2","43840","977383646","0143","Tarragona","36","Tarragonès","43905","439057","Salou","00",,"01","Salou","342671.692","4549437.428","1.127056785","41.080985976","e3009451@xtec.cat","http://agora.xtec.cat/escola-salou/",,,"EINF2C","EPRI",,,,,,,,,,,,,,,,,,,,,,,,,,,,,,,"POINT (1127056785 41080985976)"
"2023/2024","2023","43010153","Escola Vora Mar","1","Públic","01","Departament d'Educació","c. Maria Castillo, s/n","43840","977352900","0143","Tarragona","36","Tarragonès","43905","439057","Salou","00",,"01","Salou","342777.698","4549632.311","1.128268317","41.082761067","e3010153@xtec.cat","http://escolavoramar.blogspot.com.es/",,,"EINF2C","EPRI",,,,,,,,,,,,,,,,,,,,,,,,,,,,,,,"POINT (1128268317 41082761067)"
"2023/2024","2023","43010347","Institut Marta Mata","1","Públic","01","Departament d'Educació","c. Domènech Sugrañes i Gras, s/n","43840","977353242","0143","Tarragona","36","Tarragonès","43905","439057","Salou","00",,"01","Salou","342496.064","4549599.503","1.124925577","41.082411185","e3010347@xtec.cat","http://institutmartamata.cat",,,,,"ESO","BATX","AA01",,,,,,,"PFI",,,,,,,,,,,,,,,,,,,,,"POINT (1124925577 41082411185)"
"2023/2024","2023","43010921","Llar d'infants La Balena Blava","1","Públic","04","Corporacions Locals","c. de Barcelona, 95","43840","977383409","0143","Tarragona","36","Tarragonès","43905","439057","Salou","00",,"01","Salou","343199.613","4550008.715","1.133192732","41.086231416","e3010921@xtec.cat",,,"EINF1C",,,,,,,,,,,,,,,,,,,,,,,,,,,,,,,,,"POINT (1133192732 41086231416)"
"2023/2024","2023","43011200","EOI de Salou","1","Públic","01","Departament d'Educació","pg. 30 d'octubre, 4","43840","977353008","0143","Tarragona","36","Tarragonès","43905","439057","Salou","00",,"01","Salou","343855.344","4549930.273","1.141015593","41.085651373","e3011200@xtec.cat",,,,,,,,,,,,,,,,,,,,,,,,,"IDI",,,,,,,,,,,"POINT (1141015593 41085651373)"
"2023/2024","2023","43011765","CFA Àgora","1","Públic","04","Corporacions Locals","av. de Pau Casals, s/n","43840","977388851","0143","Tarragona","36","Tarragonès","43905","439057","Salou","00",,"01","Salou","342624.191","4549692.600","1.126426328","41.083274171","e3011765@xtec.cat","https://agora.xtec.cat/cfaagorasalou/",,,,,,,,,,,,,,,,,,,,,,,,,,,,,,,,,,"ADULTS","POINT (1126426328 41083274171)"
"2023/2024","2023","43012022","Llar d'infants Cavallet de Mar","1","Públic","04","Corporacions Locals","c. de Domènech Sugrañes i Gras","43840",,"0143","Tarragona","36","Tarragonès","43905","439057","Salou","00",,"01","Salou","342496.064","4549599.503","1.124925577","41.082411185","e3012022@xtec.cat",,,"EINF1C",,,,,,,,,,,,,,,,,,,,,,,,,,,,,,,,,"POINT (1124925577 41082411185)"
"2023/2024","2023","43012666","EIC","2","Privat","22","Fundacions","c. Salvador Espriu, s/n","43840",,"0143","Tarragona","36","Tarragonès","43905","439057","Salou","00",,"01","Salou","344607.361","4550635.516","1.149786106","41.092145026","e3012666@xtec.cat",,,"EINF1C","EINF2C","EPRI","ESO","BATX",,,,,,,,,,,,,,,,,,,,,,,,,,,,,"POINT (1149786106 41092145026)"
"2023/2024","2023","43003185","Escola La Canonja","1","Públic","01","Departament d'Educació","c. Carrasco i Formiguera, 8","43110","977545627","0143","Tarragona","36","Tarragonès","43907","439076","La Canonja","00",,"01","La Canonja","347607.883","4553645.978","1.184748594","41.119817913","e3003185@xtec.cat","http://blocs.xtec.cat/escolalacanonja/",,,"EINF2C","EPRI",,,,,,,,,,,,,,,,,,,,,,,,,,,,,,,"POINT (1184748594 41119817913)"
"2023/2024","2023","43008237","LLI privada Mare de Déu de l'Esperança","2","Privat","22","Fundacions","c. Major de Masricart, 10","43110","977550550","0143","Tarragona","36","Tarragonès","43907","439076","La Canonja","00",,"01","La Canonja","347508.004","4553516.051","1.183591706","41.118629361","e3008237@xtec.cat","http://www.xtec.cat/centres/e3008237",,"EINF1C",,,,,,,,,,,,,,,,,,,,,,,,,,,,,,,,,"POINT (1183591706 41118629361)"
"2023/2024","2023","43008481","Institut Collblanc","1","Públic","01","Departament d'Educació","c. Carrasco i Formiguera, 12","43110","977551716","0143","Tarragona","36","Tarragonès","43907","439076","La Canonja","00",,"01","La Canonja","347875.674","4553714.597","1.187919928","41.120485931","e3008481@xtec.cat","http://agora.xtec.cat/iescollblanc",,,,,"ESO","BATX","AA01","CFPM",,,,,,"PFI",,,,,,,,,,,,,,,,,,,,,"POINT (1187919928 41120485931)"
"2024/2025","2024","43000251","Escola La Portalada","1","Públic","01","Departament d'Educació i Formació Professional","c. Portalada, 7","43893","977650323","0143","Tarragona","36","Tarragonès","43012","430120","Altafulla","00",,"01","Altafulla","363049.000","4555740.000","1.368133000","41.141420000","e3000251@xtec.cat","http://e3000251.wixsite.com/escolalaportalada",,,"EINF2C","EPRI",,,,,,,,,,,,,,,,,,,,,,,,,,,,,,,"POINT (1368133000 41141420000)"
"2024/2025","2024","43007488","Llar d'infants Francesc Blanch i Ribé","1","Públic","04","Corporacions Locals","c. de la Mainada, s/n","43893","977650008","0143","Tarragona","36","Tarragonès","43012","430120","Altafulla","00",,"01","Altafulla","363535.000","4555714.000","1.373927000","41.141270000","e3007488@xtec.cat","http://www.xtec.cat/centres/e3007488",,"EINF1C",,,,,,,,,,,,,,,,,,,,,,,,,,,,,,,,,"POINT (1373927000 41141270000)"
"2024/2025","2024","43009977","Institut d'Altafulla","1","Públic","01","Departament d'Educació i Formació Professional","c. Camí de l'Oliverot, s/n","43893","977651662","0143","Tarragona","36","Tarragonès","43012","430120","Altafulla","00",,"01","Altafulla","363940.000","4556286.000","1.378628000","41.146490000","e3009977@xtec.cat","https://agora.xtec.cat/insaltafulla",,,,,"ESO","BATX",,,,,,,,"PFI",,,,,,,,,,,,,,,,,,,,,"POINT (1378628000 41146490000)"
"2024/2025","2024","43010402","Escola El Roquissar","1","Públic","01","Departament d'Educació i Formació Professional","c. Roquissar, 8","43893","977651969","0143","Tarragona","36","Tarragonès","43012","430120","Altafulla","00",,"01","Altafulla","363778.000","4556341.000","1.376687000","41.146950000","e3010402@xtec.cat","http://agora.xtec.cat/escolaelroquissar/",,,"EINF2C","EPRI",,,,,,,,,,,,,,,,,,,,,,,,,,,,,,,"POINT (1376687000 41146950000)"
"2024/2025","2024","43011297","Llar d'infants Hort de Pau","1","Públic","04","Corporacions Locals","c. de la Cabana-Sector PP5 l'Hort de Pau","43893",,"0143","Tarragona","36","Tarragonès","43012","430120","Altafulla","00",,"01","Altafulla","363666.000","4555332.000","1.375573000","41.137850000","e3011297@xtec.cat","0",,"EINF1C",,,,,,,,,,,,,,,,,,,,,,,,,,,,,,,,,"POINT (1375573000 41137850000)"
"2024/2025","2024","43011674","Esc. de Música Municipal d'Altafulla","1","Públic","04","Corporacions Locals","c. Sant Antoni Abat, 11-13","43893",,"0143","Tarragona","36","Tarragonès","43012","430120","Altafulla","00",,"01","Altafulla","363639.000","4555629.000","1.375191000","41.140520000","e3011674@xtec.cat","0",,,,,,,,,,,,,,,,,,,,,,,,,,,,"MUSE",,,,,,,"POINT (1375191000 41140520000)"
"2024/2025","2024","43010499","CFA Pau Casals","1","Públic","01","Departament d'Educació i Formació Professional","Trav. Comella Moro, 15 (CP Mas Enric)","43764","977240142","0143","Tarragona","36","Tarragonès","43043","430430","El Catllar","00",,"01","El Catllar","356456.500","4557130.000","1.289289000","41.152000000","e3010499@xtec.cat","0",,,,,,,,,,,,,,,,,,,,,,,,,,,,,,,,,,"ADULTS","POINT (1289289000 41152000000)"
"2024/2025","2024","43011261","Llar d'infants L'Agulla del Catllar","1","Públic","04","Corporacions Locals","c. de França, s/n","43764",,"0143","Tarragona","36","Tarragonès","43043","430430","El Catllar","00",,"01","El Catllar","359487.000","4559514.000","1.324847000","41.174790000","e3011261@xtec.cat","0",,"EINF1C",,,,,,,,,,,,,,,,,,,,,,,,,,,,,,,,,"POINT (1324847000 41174790000)"
"2024/2025","2024","43012745","The British School of Costa Daurada","2","Privat","26","Societats Mercantils","c. del Mas de la Creu, 4","43764",,"0143","Tarragona","36","Tarragonès","43043","430430","El Catllar","00",,"01","El Catllar","358570.000","4556985.000","1.314458000","41.151920000","e3012745@xtec.cat","0",,,,,,,,,,,,,,,,,,,,,,,,,,,,,,,,,"ESTR",,"POINT (1314458000 41151920000)"
"2024/2025","2024","43012812","Institut Escola L'Agulla","1","Públic","01","Departament d'Educació i Formació Professional","av. Catalunya, 3","43764",,"0143","Tarragona","36","Tarragonès","43043","430430","El Catllar","00",,"01","El Catllar","359908.000","4559551.000","1.329858000","41.175200000","e3012812@xtec.cat","http://www.escolalagulla.com",,,"EINF2C","EPRI","ESO",,,,,,,,,,,,,,,,,,,,,,,,,,,,,,"POINT (1329858000 41175200000)"
"2024/2025","2024","43000895","Escola Mossèn Ramon Bergadà","1","Públic","01","Departament d'Educació i Formació Professional","c. Jaume I, s/n","43120","977521790","0143","Tarragona","36","Tarragonès","43047","430477","Constantí","00",,"01","Constantí","350469.000","4557211.000","1.217946000","41.152440000","e3000895@xtec.cat","http://agora.xtec.cat/ceipramonbergada",,,"EINF2C","EPRI",,,,,,,,,,,,,,,,,,,,,,,,,,,,,,,"POINT (1217946000 41152440000)"
"2024/2025","2024","43000949","Escola agrària Mas Bové","1","Públic","02","Altres Departaments","Mas Bové,ct.Reus-Morell km.4(ap.cor.527)","43120","977343289","0143","Tarragona","36","Tarragonès","43047","430477","Constantí","00",,"01","Constantí","346412.000","4559239.000","1.169105000","41.169940000","e3000949@xtec.cat","0",,,,,,,,"CFPM",,,"CFPS",,,,,,,,,,,,,,,,,,,,,,,,"POINT (1169105000 41169940000)"
"2024/2025","2024","43005893","Escola Centcelles","1","Públic","01","Departament d'Educació i Formació Professional","c. Joan Maragall, s/n","43120","977520504","0143","Tarragona","36","Tarragonès","43047","430477","Constantí","00",,"01","Constantí","350627.000","4557368.000","1.219789000","41.153890000","e3005893@xtec.cat","http://escolacentcelles.wixsite.com/escola",,,"EINF2C","EPRI",,,,,,,,,,,,,,,,,,,,,,,,,,,,,,,"POINT (1219789000 41153890000)"
"2024/2025","2024","43007646","Institut de Constantí","1","Públic","01","Departament d'Educació i Formació Professional","c. Onze de Setembre, s/n","43120","977524011","0143","Tarragona","36","Tarragonès","43047","430477","Constantí","00",,"01","Constantí","350453.000","4557280.000","1.217742000","41.153060000","e3007646@xtec.cat","http://agora.xtec.cat/iesconstanti",,,,,"ESO","BATX",,,,,,,,"PFI",,,,,,,,,,,,,,,,,,,,,"POINT (1217742000 41153060000)"
"2024/2025","2024","43010451","Llar d'infants Gu-gu","1","Públic","04","Corporacions Locals","pl. de les Escoles Velles, s/n","43120","977523214","0143","Tarragona","36","Tarragonès","43047","430477","Constantí","00",,"01","Constantí","350369.000","4557072.000","1.216788000","41.151170000","e3010451@xtec.cat","0",,"EINF1C",,,,,,,,,,,,,,,,,,,,,,,,,,,,,,,,,"POINT (1216788000 41151170000)"
"2024/2025","2024","43005364","Escola Les Eres","1","Públic","01","Departament d'Educació i Formació Professional","c. Onze de Setembre, s/n","43838","977800597","0143","Tarragona","36","Tarragonès","43050","430509","Creixell","00",,"01","Creixell","368876.000","4558889.000","1.436865000","41.170740000","e3005364@xtec.cat","https://agora.xtec.cat/esc-leseresdecreixell/",,,"EINF2C","EPRI",,,,,,,,,,,,,,,,,,,,,,,,,,,,,,,"POINT (1436865000 41170740000)"
"2024/2025","2024","43009667","Llar d'infants Municipal de Creixell","1","Públic","04","Corporacions Locals","c. Coma, 30","43838","977801265","0143","Tarragona","36","Tarragonès","43050","430509","Creixell","00",,"01","Creixell","369327.000","4558201.000","1.442386000","41.164620000","e3009667@xtec.cat","http://www.xtec.cat/centres/e3009667",,"EINF1C",,,,,,,,,,,,,,,,,,,,,,,,,,,,,,,,,"POINT (1442386000 41164620000)"
"2024/2025","2024","43011649","Llar d'infants Nova Guarderia","1","Públic","04","Corporacions Locals","c. Onze de Setembre, 4","43838",,"0143","Tarragona","36","Tarragonès","43050","430509","Creixell","00",,"01","Creixell","368850.000","4558864.000","1.436562000","41.170510000","e3011649@xtec.cat","0",,"EINF1C",,,,,,,,,,,,,,,,,,,,,,,,,,,,,,,,,"POINT (1436562000 41170510000)"
"2024/2025","2024","43012241","Escola Bressol L'Estel de Mar","1","Públic","04","Corporacions Locals","c. Vendrell, 7","43838",,"0143","Tarragona","36","Tarragonès","43050","430509","Creixell","00",,"01","Creixell","369293.000","4558208.000","1.441982000","41.164670000","e3012241@xtec.cat","www.esteldemar.com",,"EINF1C",,,,,,,,,,,,,,,,,,,,,,,,,,,,,,,,,"POINT (1441982000 41164670000)"
"2024/2025","2024","43001735","Escola Ventura Gassol","1","Públic","01","Departament d'Educació i Formació Professional","camí de Reus, 13","43760","977840209","0143","Tarragona","36","Tarragonès","43095","430957","El Morell","00",,"01","El Morell","349442.000","4561538.000","1.204652000","41.191210000","e3001735@xtec.cat","http://escolaventuragassol.blogspot.com.es/",,,"EINF2C","EPRI",,,,,,,,,,,,,,,,,,,,,,,,,,,,,,,"POINT (1204652000 41191210000)"
"2024/2025","2024","43008407","Institut El Morell","1","Públic","01","Departament d'Educació i Formació Professional","c. César Martinell, 1","43760","977842057","0143","Tarragona","36","Tarragonès","43095","430957","El Morell","00",,"01","El Morell","349238.000","4561618.000","1.202190000","41.191000000","e3008407@xtec.cat","http://agora.xtec.cat/institutelmorell",,,,,"ESO","BATX",,,,,,,,,,,,,,,,,,,,,,,,,,,,,"POINT (1202190000 41191000000)"
"2024/2025","2024","43009931","Llar d'infants Dolça del Morell","1","Públic","04","Corporacions Locals","pl. de l'Estatut, s/n","43760","977841510","0143","Tarragona","36","Tarragonès","43095","430957","El Morell","00",,"01","El Morell","349519.000","4561458.000","1.205586000","41.190500000","e3009931@xtec.cat","http://www.xtec.cat/centres/e3009931",,"EINF1C",,,,,,,,,,,,,,,,,,,,,,,,,,,,,,,,,"POINT (1205586000 41190500000)"
"2024/2025","2024","43012231","Esc. de Música Municipal El Morell","1","Públic","04","Corporacions Locals","rbla. Maragall, 40","43760",,"0143","Tarragona","36","Tarragonès","43095","430957","El Morell","00",,"01","El Morell","349961.000","4561436.000","1.210854000","41.190390000","e3012231@xtec.cat","0",,,,,,,,,,,,,,,,,,,,,,,,,,,,"MUSE",,,,,,,"POINT (1210854000 41190390000)"
"2024/2025","2024","43005467","Escola Les Codinetes","1","Públic","01","Departament d'Educació i Formació Professional","Raval dels Hostalets, s/n","43763","977655390","0143","Tarragona","36","Tarragonès","43097","430976","La Nou de Gaià","00",,"01","La Nou de Gaià","363746.000","4560378.000","1.375411000","41.183300000","e3005467@xtec.cat","http://agora.xtec.cat/ceiplescodinetes",,"EINF1C","EINF2C","EPRI",,,,,,,,,,,,,,,,,,,,,,,,,,,,,,,"POINT (1375411000 41183300000)"
"2024/2025","2024","43011042","Llar d'infants La Palmera","1","Públic","04","Corporacions Locals","c. Sants Cosme i Damià, 4","43763","977655258","0143","Tarragona","36","Tarragonès","43097","430976","La Nou de Gaià","00",,"01","La Nou de Gaià","363895.000","4560464.000","1.377164000","41.184100000","e3011042@xtec.cat","0",,"EINF1C",,,,,,,,,,,,,,,,,,,,,,,,,,,,,,,,,"POINT (1377164000 41184100000)"
"2024/2025","2024","43001826","Escola Sant Sebastià","1","Públic","01","Departament d'Educació i Formació Professional","av. Catalunya, 12","43151","977610539","0143","Tarragona","36","Tarragonès","43100","431009","Els Pallaresos","00",,"05","Els Pallaresos","355271.000","4559513.000","1.274610000","41.174040000","e3001826@xtec.cat","http://agora.xtec.cat/escolasantsebastia",,,"EINF2C","EPRI",,,,,,,,,,,,,,,,,,,,,,,,,,,,,,,"POINT (1274610000 41174040000)"
"2024/2025","2024","43009564","LLI privada Can Petits","2","Privat","27","Societats Civils","c. Tarragona, 6","43151","977610658","0143","Tarragona","36","Tarragonès","43100","431009","Els Pallaresos","00",,"05","Els Pallaresos","355061.000","4559392.000","1.272134000","41.172920000","e3009564@xtec.cat","http://www.xtec.cat/centres/e3009564",,"EINF1C",,,,,,,,,,,,,,,,,,,,,,,,,,,,,,,,,"POINT (1272134000 41172920000)"
"2024/2025","2024","43010591","Escola Arquitecte Jujol","1","Públic","01","Departament d'Educació i Formació Professional","av. Catalunya, 6","43151","977627124","0143","Tarragona","36","Tarragonès","43100","431009","Els Pallaresos","00",,"05","Els Pallaresos","354995.000","4559494.000","1.271320000","41.173820000","e3010591@xtec.cat","www.escolaarquitectejujol.cat",,,"EINF2C","EPRI",,,,,,,,,,,,,,,,,,,,,,,,,,,,,,,"POINT (1271320000 41173820000)"
"2024/2025","2024","43010748","Institut Els Pallaresos","1","Públic","01","Departament d'Educació i Formació Professional","av. Catalunya, 12","43151","977627203","0143","Tarragona","36","Tarragonès","43100","431009","Els Pallaresos","00",,"05","Els Pallaresos","355415.000","4559485.000","1.276325000","41.173820000","e3010748@xtec.cat","https://agora.xtec.cat/ieselspallaresos",,,,,"ESO","BATX",,,,,,,,,,,,,,,,,,,,,,,,,,,,,"POINT (1276325000 41173820000)"
"2024/2025","2024","43012563","Escola Bressol Els Pallaresos","1","Públic","04","Corporacions Locals","c. Gregal, 2-4","43151",,"0143","Tarragona","36","Tarragonès","43100","431009","Els Pallaresos","00",,"05","Els Pallaresos","354808.000","4558296.000","1.269380000","41.163000000","e3012563@xtec.cat","0",,"EINF1C",,,,,,,,,,,,,,,,,,,,,,,,,,,,,,,,,"POINT (1269380000 41163000000)"
"2024/2025","2024","43007476","Llar d'infants Perafort","1","Públic","04","Corporacions Locals","av. de Catalunya, s/n","43152","977610123","0143","Tarragona","36","Tarragonès","43103","431037","Perafort","00",,"01","Perafort","353888.000","4561361.000","1.257682000","41.190430000","e3007476@xtec.cat","http://www.xtec.cat/centres/e3007476",,"EINF1C",,,,,,,,,,,,,,,,,,,,,,,,,,,,,,,,,"POINT (1257682000 41190430000)"
"2024/2025","2024","43009886","Escola Josep Veciana","1","Públic","01","Departament d'Educació i Formació Professional","av. Catalunya, s/n","43152","977610404","0143","Tarragona","36","Tarragonès","43103","431037","Perafort","00",,"01","Perafort","353849.000","4561251.000","1.257245000","41.189440000","e3009886@xtec.cat","http://agora.xtec.cat/esc-josepveciana/",,,"EINF2C","EPRI",,,,,,,,,,,,,,,,,,,,,,,,,,,,,,,"POINT (1257245000 41189440000)"
"2024/2025","2024","43005480","Escola Mare de Déu del Lledó","1","Públic","01","Departament d'Educació i Formació Professional","av. Guillem de Montoliu, s/n","43140","977840851","0143","Tarragona","36","Tarragonès","43109","431093","La Pobla de Mafumet","00",,"01","La Pobla de Mafumet","349687.000","4560647.000","1.207787000","41.183240000","e3005480@xtec.cat","https://agora.xtec.cat/escolamarededeudellledo/",,,"EINF2C","EPRI",,,,,,,,,,,,,,,,,,,,,,,,,,,,,,,"POINT (1207787000 41183240000)"
"2024/2025","2024","43008936","Llar d'infants L'Esquirol","1","Públic","04","Corporacions Locals","c. Marià Fortuny, s/n","43140","977842241","0143","Tarragona","36","Tarragonès","43109","431093","La Pobla de Mafumet","00",,"01","La Pobla de Mafumet","349577.000","4560975.000","1.206396000","41.186170000","e3008936@xtec.cat","http://www.xtec.cat/centres/e3008936",,"EINF1C",,,,,,,,,,,,,,,,,,,,,,,,,,,,,,,,,"POINT (1206396000 41186170000)"
"2024/2025","2024","43012186","Llar d'infants Nou Esquirol","1","Públic","04","Corporacions Locals","c. Mina de Madró, cantonada Molí Tendre","43140",,"0143","Tarragona","36","Tarragonès","43109","431093","La Pobla de Mafumet","00",,"01","La Pobla de Mafumet","349803.000","4560825.000","1.209131000","41.184800000","e3012186@xtec.cat","0",,"EINF1C",,,,,,,,,,,,,,,,,,,,,,,,,,,,,,,,,"POINT (1209131000 41184800000)"
"2024/2025","2024","43012885","CENAFE La Pobla de Mafumet","2","Privat","41","Persones Físiques","av. Generalitat, 20","43140",,"0143","Tarragona","36","Tarragonès","43109","431093","La Pobla de Mafumet","00",,"01","La Pobla de Mafumet","349780.000","4561096.000","1.208784000","41.187290000","e3012885@xtec.cat","0",,,,,,,,,,,,,,,,,,,,,,,,,,,,,,,"TEGM","TEGS",,,"POINT (1208784000 41187290000)"
"2024/2025","2024","43005145","Escola Els Ametllers","1","Públic","01","Departament d'Educació i Formació Professional","pg. de l'Estació, 2","43761","977648259","0143","Tarragona","36","Tarragonès","43111","431114","La Pobla de Montornès","00",,"01","La Pobla de Montornès","367088.000","4560010.000","1.415319000","41.180540000","e3005145@xtec.cat","http://agora.xtec.cat/ceipelsametllers",,,"EINF2C","EPRI",,,,,,,,,,,,,,,,,,,,,,,,,,,,,,,"POINT (1415319000 41180540000)"
"2024/2025","2024","43010271","Llar d'infants Sol Solet","1","Públic","04","Corporacions Locals","av. de Catalunya, 1-3","43761","977648700","0143","Tarragona","36","Tarragonès","43111","431114","La Pobla de Montornès","00",,"01","La Pobla de Montornès","367098.000","4559734.000","1.415497000","41.178060000","e3010271@xtec.cat","http://www.xtec.cat/centres/e3010271",,"EINF1C",,,,,,,,,,,,,,,,,,,,,,,,,,,,,,,,,"POINT (1415497000 41178060000)"
"2024/2025","2024","43005157","Escola Montoliu","1","Públic","01","Departament d'Educació i Formació Professional","c. Sant Jordi, s/n","43762","977655539","0143","Tarragona","36","Tarragonès","43126","431264","La Riera de Gaià","00",,"02","La Riera de Gaià","362146.300","4558801.700","1.356696000","41.168840000","e3005157@xtec.cat","www.montoliuescola.cat",,"EINF1C","EINF2C","EPRI",,,,,,,,,,,,,,,,,,,,,,,,,,,,,,,"POINT (1356696000 41168840000)"
"2024/2025","2024","43010049","Llar d'infants Les Monges","1","Públic","04","Corporacions Locals","c. Doctor Pittaluga, 2","43762","977655715","0143","Tarragona","36","Tarragonès","43126","431264","La Riera de Gaià","00",,"02","La Riera de Gaià","362554.000","4558281.000","1.361676000","41.164220000","e3010049@xtec.cat","http://www.xtec.cat/centres/e3010049",,"EINF1C",,,,,,,,,,,,,,,,,,,,,,,,,,,,,,,,,"POINT (1361676000 41164220000)"
"2024/2025","2024","43002776","Escola Salvador Espriu","1","Públic","01","Departament d'Educació i Formació Professional","c. de la Font, 3","43883","977809924","0143","Tarragona","36","Tarragonès","43131","431310","Roda de Berà","00",,"01","Roda de Berà","370155.000","4560333.000","1.451800000","41.183900000","e3002776@xtec.cat","https://agora.xtec.cat/ceip-salvador-espriu-roda/",,,"EINF2C","EPRI",,,,,,,,,,,,,,,,,,,,,,,,,,,,,,,"POINT (1451800000 41183900000)"
"2024/2025","2024","43009928","Llar d'infants Els Petitons","1","Públic","04","Corporacions Locals","c. de la Reina Sofía, 17","43883","977657009","0143","Tarragona","36","Tarragonès","43131","431310","Roda de Berà","00",,"01","Roda de Berà","370699.000","4560339.000","1.458288000","41.184080000","e3009928@xtec.cat","http://www.xtec.cat/centres/e3009928",,"EINF1C",,,,,,,,,,,,,,,,,,,,,,,,,,,,,,,,,"POINT (1458288000 41184080000)"
"2024/2025","2024","43011194","Escola El Cucurull","1","Públic","01","Departament d'Educació i Formació Professional","c. Joan Carles I, 17","43883","977657190","0143","Tarragona","36","Tarragonès","43131","431310","Roda de Berà","00",,"01","Roda de Berà","370764.000","4560562.000","1.459019000","41.186110000","e3011194@xtec.cat","https://agora.xtec.cat/ceipelcucurull/",,,"EINF2C","EPRI",,,,,,,,,,,,,,,,,,,,,,,,,,,,,,,"POINT (1459019000 41186110000)"
"2024/2025","2024","43011418","Institut Roda de Berà","1","Públic","01","Departament d'Educació i Formació Professional","c. de la Font, 3","43883","977657505","0143","Tarragona","36","Tarragonès","43131","431310","Roda de Berà","00",,"01","Roda de Berà","370169.000","4560293.000","1.451985000","41.183590000","e3011418@xtec.cat","http://insrdb.cat",,,,,"ESO",,,,,,,,,,,,,,,,,,,,,,,,,,,,,,"POINT (1451985000 41183590000)"
"2024/2025","2024","43005662","Escola Josep Nin","1","Públic","01","Departament d'Educació i Formació Professional","c. Raval de cal Toni, 9","43885","977629085","0143","Tarragona","36","Tarragonès","43135","431359","Salomó","00",,"01","Salomó","363531.000","4565313.000","1.371742000","41.227700000","e3005662@xtec.cat","http://blocs.xtec.cat/escolajosepnin/",,"EINF1C","EINF2C","EPRI",,,,,,,,,,,,,,,,,,,,,,,,,,,,,,,"POINT (1371742000 41227700000)"
"2024/2025","2024","43012678","Llar d'infants El Til·ler","1","Públic","04","Corporacions Locals","av. Catalunya, 2","43885",,"0143","Tarragona","36","Tarragonès","43135","431359","Salomó","00",,"01","Salomó","363785.000","4565460.000","1.374739000","41.229000000","e3012678@xtec.cat","0",,"EINF1C",,,,,,,,,,,,,,,,,,,,,,,,,,,,,,,,,"POINT (1374739000 41229000000)"
"2024/2025","2024","43003082","Escola Guillem de Claramunt","1","Públic","01","Departament d'Educació i Formació Professional","c. Ctra. de Vallmoll, s/n","43765","977611421","0143","Tarragona","36","Tarragonès","43144","431444","La Secuita","00",,"04","La Secuita","355604.000","4562718.000","1.277817000","41.202960000","e3003082@xtec.cat","http://blocs.xtec.cat/lasecuita",,,"EINF2C","EPRI",,,,,,,,,,,,,,,,,,,,,,,,,,,,,,,"POINT (1277817000 41202960000)"
"2024/2025","2024","43012770","Escola Bressol Municipal els Guillemets","1","Públic","04","Corporacions Locals","ctra. de Vallmoll, s/n","43765",,"0143","Tarragona","36","Tarragonès","43144","431444","La Secuita","00",,"04","La Secuita","355604.000","4562720.000","1.277816000","41.202980000","e3012770@xtec.cat","0",,"EINF1C",,,,,,,,,,,,,,,,,,,,,,,,,,,,,,,,,"POINT (1277816000 41202980000)"
"2024/2025","2024","43003136","Escola Bonavista","1","Públic","01","Departament d'Educació i Formació Professional","c. 21, s/n","43100","977546289","0143","Tarragona","36","Tarragonès","43148","431482","Tarragona","00",,"01","Bonavista","348362.000","4554005.000","1.193639000","41.123100000","e3003136@xtec.cat","http://blocs.xtec.cat/ceipbonavista/",,,"EINF2C","EPRI",,,,,,,,,,,,,,,,,,,,,,,,,,,,,,,"POINT (1193639000 41123100000)"
"2024/2025","2024","43003151","Joan XXIII","2","Privat","22","Fundacions","c. Catorze, s/n","43100","977542807","0143","Tarragona","36","Tarragonès","43148","431482","Tarragona","00",,"01","Bonavista","352156.000","4554005.000","1.238812000","41.123890000","e3003151@xtec.cat","http://www.escolajoan23.com",,"EINF1C","EINF2C","EPRI","ESO","BATX",,"CFPM",,"AA03","CFPS",,,,,,,,,,,,,,,,,,,,,,,,"POINT (1238812000 41123890000)"
"2024/2025","2024","43003227","Escola Sant Salvador","1","Públic","01","Departament d'Educació i Formació Professional","av. de Sant Salvador, 13","43130","977520970","0143","Tarragona","36","Tarragonès","43148","431482","Tarragona","00",,"11","Sant Salvador","352445.000","4558107.000","1.241263000","41.160870000","e3003227@xtec.cat","http://agora.xtec.cat/ceipsantsalvador-tarragona/",,,"EINF2C","EPRI",,,,,,,,,,,,,,,,,,,,,,,,,,,,,,,"POINT (1241263000 41160870000)"
"2024/2025","2024","43003306","Escola Serrallo","1","Públic","01","Departament d'Educació i Formació Professional","c. Xavier Montsalvatge, 8","43004","977228876","0143","Tarragona","36","Tarragonès","43148","431482","Tarragona","00",,"13","Tarragona","352220.000","4552615.000","1.239906000","41.111380000","e3003306@xtec.cat","http://www.xtec.cat/ceipserrallo",,,"EINF2C","EPRI",,,,,,,,,,,,,,,,,,,,,,,,,,,,,,,"POINT (1239906000 41111380000)"
"2024/2025","2024","43003321","Escola Sant Pere i Sant Pau","1","Públic","01","Departament d'Educació i Formació Professional","Urb. Sant Pere i Sant Pau, s/n","43007","977201227","0143","Tarragona","36","Tarragonès","43148","431482","Tarragona","00",,"13","Tarragona","353341.000","4555466.000","1.252574000","41.137260000","e3003321@xtec.cat","http://agora.xtec.cat/ceip-santperesantpau/",,,"EINF2C","EPRI",,,,,,,,,,,,,,,,,,,,,,,,,,,,,,,"POINT (1252574000 41137260000)"
"2024/2025","2024","43003410","Joan Roig","2","Privat","26","Societats Mercantils","c. Cristòfor Colom, 9","43001","977240223","0143","Tarragona","36","Tarragonès","43148","431482","Tarragona","00",,"13","Tarragona","352936.000","4553144.000","1.248307000","41.116280000","e3003410@xtec.cat","http://agora.xtec.cat/escolajoanroig/",,"EINF1C","EINF2C","EPRI","ESO",,,"CFPM",,,"CFPS",,,,,,,,,,,,,,,,,,,,,,,,"POINT (1248307000 41116280000)"
"2024/2025","2024","43003461","Tic-Tac","2","Privat","24","Ordes i Congregacions Catòlics","av. Lluís Companys, 12","43005","977214288","0143","Tarragona","36","Tarragonès","43148","431482","Tarragona","00",,"13","Tarragona","352421.000","4553598.000","1.242067000","41.120270000","e3003461@xtec.cat","http://www.tictac.lasalle.cat/",,"EINF1C","EINF2C",,,,,,,,,,,,,,,,,,,,,,,,,,,,,,,,"POINT (1242067000 41120270000)"
"2024/2025","2024","43003483","Lestonnac-l'Ensenyança","2","Privat","24","Ordes i Congregacions Catòlics","c. de l'Arc de Sant Llorenç, 2","43003","977232519","0143","Tarragona","36","Tarragonès","43148","431482","Tarragona","00",,"13","Tarragona","353866.000","4553483.000","1.259294000","41.119500000","e3003483@xtec.cat","http://lestonnactarragona.org",,"EINF1C","EINF2C","EPRI","ESO","BATX",,,,,"CFPS",,,,,,,,,,,,,,,,,,,,,,,,"POINT (1259294000 41119500000)"
"2024/2025","2024","43003495","Mare de Déu del Carme","2","Privat","24","Ordes i Congregacions Catòlics","av. Estanislau Figueres, 31","43002","977220105","0143","Tarragona","36","Tarragonès","43148","431482","Tarragona","00",,"13","Tarragona","353024.000","4553375.000","1.249296000","41.118370000","e3003495@xtec.cat","http://www.carmelites.cat",,"EINF1C","EINF2C","EPRI","ESO","BATX",,"CFPM",,"AA03",,,,,,,,,,,,,,,,,,,,,,,,,"POINT (1249296000 41118370000)"
"2024/2025","2024","43003501","El Carme","2","Privat","22","Fundacions","c. del Mar, 17","43004","977212752","0143","Tarragona","36","Tarragonès","43148","431482","Tarragona","00",,"13","Tarragona","352827.000","4552512.000","1.247161000","41.110570000","e3003501@xtec.cat","http://www.elcarmetarragona.cat",,,"EINF2C","EPRI","ESO",,,,,,,,,,,,,,,,,,,,,,,,,,,,,,"POINT (1247161000 41110570000)"
"2024/2025","2024","43003525","Dominiques Tarragona","2","Privat","22","Fundacions","c. Rovira i Virgili, 16","43002","977216151","0143","Tarragona","36","Tarragonès","43148","431482","Tarragona","00",,"13","Tarragona","353130.000","4553443.000","1.250545000","41.119000000","e3003525@xtec.cat","http://www.dominiques.cat",,"EINF1C","EINF2C","EPRI","ESO",,,,,,,,,,,,,,,,,,,,,,,,,,,,,,"POINT (1250545000 41119000000)"
"2024/2025","2024","43003537","La Salle","2","Privat","24","Ordes i Congregacions Catòlics","av. Països Catalans, s/n","43007","977218600","0143","Tarragona","36","Tarragonès","43148","431482","Tarragona","00",,"13","Tarragona","352704.000","4555067.000","1.245081000","41.133550000","e3003537@xtec.cat","https://tarragona.lasalle.cat/",,,"EINF2C","EPRI","ESO","BATX",,,,,"CFPS",,,,,,,,,,,,,,,,,,,,,,,,"POINT (1245081000 41133550000)"
"2024/2025","2024","43003549","Vedruna Sagrat Cor Tarragona","2","Privat","22","Fundacions","c. Santa Joaquima de Vedruna, 10","43002","977217979","0143","Tarragona","36","Tarragonès","43148","431482","Tarragona","00",,"13","Tarragona","352956.000","4553637.000","1.248423000","41.120720000","e3003549@xtec.cat","http://www.sagratcor.cat",,"EINF1C","EINF2C","EPRI","ESO","BATX",,,,,,,,,,,,,,,,,,,,,,,,,"TEGM","TEGS",,,"POINT (1248423000 41120720000)"
"2024/2025","2024","43003550","Santa Teresa de Jesús","2","Privat","22","Fundacions","rbla. Nova, 79","43003","977248800","0143","Tarragona","36","Tarragonès","43148","431482","Tarragona","00",,"13","Tarragona","353201.000","4553156.000","1.251460000","41.116430000","e3003550@xtec.cat","http://tarragona.escolateresiana.com",,,"EINF2C","EPRI","ESO","BATX",,,,,,,,,,,,,,,,,,,,,,,,,,,,,"POINT (1251460000 41116430000)"
"2024/2025","2024","43003586","Sant Pau Apòstol","2","Privat","22","Fundacions","pg. Torroja, 1","43007","977224314","0143","Tarragona","36","Tarragonès","43148","431482","Tarragona","00",,"13","Tarragona","353732.000","4553696.000","1.257658000","41.121390000","e3003586@xtec.cat","http://www.colsantpau.com",,"EINF1C","EINF2C","EPRI","ESO","BATX",,,,,,,,,,,,,,,,,,,,,,,,,,,,,"POINT (1257658000 41121390000)"
"2024/2025","2024","43003616","CEE San Rafael","1","Públic","04","Corporacions Locals","ctra. de Valls, 45","43007","977211758","0143","Tarragona","36","Tarragonès","43148","431482","Tarragona","00",,"13","Tarragona","352419.000","4554433.000","1.241841000","41.127700000","e3003616@xtec.cat","0",,,,,,,,,,,,"EE",,,,,,,,,,,,,,,,,,,,,,,"POINT (1241841000 41127700000)"
"2024/2025","2024","43003631","Estela","2","Privat","22","Fundacions","ctra. de Valls, s/n (Zona Educacional)","43007","977216316","0143","Tarragona","36","Tarragonès","43148","431482","Tarragona","00",,"13","Tarragona","352350.000","4554857.000","1.240923000","41.131600000","e3003631@xtec.cat","0",,,,,,,,,,,,"EE",,,,,,,,,,,,,,,,,,,,,,"ADULTS","POINT (1240923000 41131600000)"
"2024/2025","2024","43003641","Institut Antoni de Martí i Franquès","1","Públic","01","Departament d'Educació i Formació Professional","c. Enric d'Ossó, 3","43005","977240214","0143","Tarragona","36","Tarragonès","43148","431482","Tarragona","00",,"13","Tarragona","352359.000","4553477.000","1.241352000","41.119170000","e3003641@xtec.cat","http://www.institutmartifranques.com/",,,,,"ESO","BATX",,,,,,,,,,,,,,,"ESCS",,,,,,,,,,,,,,"POINT (1241352000 41119170000)"
"2024/2025","2024","43003653","Institut Comte de Rius","1","Públic","01","Departament d'Educació i Formació Professional","ctra. de Valls, s/n (Zona Educacional)","43007","977241384","0143","Tarragona","36","Tarragonès","43148","431482","Tarragona","00",,"13","Tarragona","352693.000","4555082.000","1.244945000","41.133680000","e3003653@xtec.cat","http://www.comtederius.cat",,,,,,"BATX",,"CFPM",,"AA03","CFPS",,,,,,,,,,,,,,,,,,,,,,,,"POINT (1244945000 41133680000)"
"2024/2025","2024","43003690","Escola de Pràctiques","1","Públic","01","Departament d'Educació i Formació Professional","ctra. Valls, s/n(Zona Educacional)","43007","977217711","0143","Tarragona","36","Tarragonès","43148","431482","Tarragona","00",,"13","Tarragona","352413.000","4554889.000","1.241658000","41.131890000","e3003690@xtec.cat","https://agora.xtec.cat/ceip-practiques-tarragona/",,,"EINF2C","EPRI",,,,,,,,,,,,,,,,,,,,,,,,,,,,,,,"POINT (1241658000 41131890000)"
"2024/2025","2024","43003707","Mare Nostrum","2","Privat","26","Societats Mercantils","Camí Nou de la Budellera, s/n","43007","977290613","0143","Tarragona","36","Tarragonès","43148","431482","Tarragona","00",,"13","Tarragona","355920.000","4554321.000","1.283554000","41.127410000","e3003707@xtec.cat","http://www.cole-marenostrum.com",,,"EINF2C","EPRI","ESO",,,,,,,,,,,,,,,,,,,,,,,,,,,,,,"POINT (1283554000 41127410000)"
"2024/2025","2024","43003719","Espallargas","2","Privat","26","Societats Mercantils","c. Castellers, 1-3-5-7-9","43002","977230751","0143","Tarragona","36","Tarragonès","43148","431482","Tarragona","00",,"13","Tarragona","353258.000","4553689.000","1.252015000","41.121240000","e3003719@xtec.cat","http://www.escolaespallargas.com",,,,,,,,"CFPM",,,"CFPS",,,"PFI",,,,,,,,,,,,,,,,,,,,,"POINT (1252015000 41121240000)"
"2024/2025","2024","43003720","Escola El Miracle","1","Públic","01","Departament d'Educació i Formació Professional","pl. del Cardenal Arce Ochotorena, s/n","43003","977239922","0143","Tarragona","36","Tarragonès","43148","431482","Tarragona","00",,"13","Tarragona","353913.000","4552976.000","1.259978000","41.114940000","e3003720@xtec.cat","http://blocs.xtec.cat/elmiracle/",,,"EINF2C","EPRI",,,,,,,,,,,,,,,,,,,,,,,,,,,,,,,"POINT (1259978000 41114940000)"
"2024/2025","2024","43003732","Institut Pons d'Icart","1","Públic","01","Departament d'Educació i Formació Professional","Rambla Vella, 30 B","43003","977237927","0143","Tarragona","36","Tarragonès","43148","431482","Tarragona","00",,"13","Tarragona","353322.000","4553245.000","1.252880000","41.117200000","e3003732@xtec.cat","http://www.instiutponsdicart.cat",,,,,"ESO","BATX",,,,,,,,,,,,,,,,,,,,,,,,,,,,,"POINT (1252880000 41117200000)"
"2024/2025","2024","43003756","Escola Torreforta","1","Públic","01","Departament d'Educació i Formació Professional","c. Tortosa, 49","43006","977543408","0143","Tarragona","36","Tarragonès","43148","431482","Tarragona","00",,"14","Torreforta","350331.000","4553678.000","1.217168000","41.120600000","e3003756@xtec.cat","http://agora.xtec.cat/escola-torreforta/",,,"EINF2C","EPRI",,,,,,,,,,,,,,,,,,,,,,,,,,,,,,,"POINT (1217168000 41120600000)"
"2024/2025","2024","43003768","Escola Els Àngels","1","Públic","01","Departament d'Educació i Formació Professional","c. Menorca, 24","43006","977454654","0143","Tarragona","36","Tarragonès","43148","431482","Tarragona","00",,"14","Torreforta","349915.000","4553806.000","1.212182000","41.121680000","e3003768@xtec.cat","http://www.escolaelsangels.cat",,,"EINF2C","EPRI",,,,,,,,,,,,,,,,,,,,,,,,,,,,,,,"POINT (1212182000 41121680000)"
"2024/2025","2024","43003793","La Salle Torreforta","2","Privat","24","Ordes i Congregacions Catòlics","c. Sant Benilde, 15","43006","977543209","0143","Tarragona","36","Tarragonès","43148","431482","Tarragona","00",,"14","Torreforta","349984.000","4553600.000","1.213055000","41.119840000","e3003793@xtec.cat","http://www.torreforta.lasalle.cat/",,,"EINF2C","EPRI","ESO",,,"CFPM",,,,,,,,,,,,,,,,,,,,,,,,,,,"POINT (1213055000 41119840000)"
"2024/2025","2024","43005169","Escola Pau Delclòs","1","Públic","01","Departament d'Educació i Formació Professional","c. Méndez Núñez, 14","43004","977234316","0143","Tarragona","36","Tarragonès","43148","431482","Tarragona","00",,"13","Tarragona","353290.000","4552921.000","1.252575000","41.114330000","e3005169@xtec.cat","http://escolapaudelclos@xtec.cat",,,"EINF2C","EPRI",,,,,,,,,,,,,,,,,,,,,,,,,,,,,,,"POINT (1252575000 41114330000)"
"2024/2025","2024","43005170","Escola La Floresta","1","Públic","01","Departament d'Educació i Formació Professional","Urbanització la Floresta","43006","977547807","0143","Tarragona","36","Tarragonès","43148","431482","Tarragona","00",,"14","Torreforta","350037.000","4554243.000","1.213524000","41.125640000","e3005170@xtec.cat","http://agora.xtec.cat/esc-lafloresta/",,,"EINF2C","EPRI",,,,,,,,,,,,,,,,,,,,,,,,,,,,,,,"POINT (1213524000 41125640000)"
"2024/2025","2024","43005686","Escola Riu Clar","1","Públic","01","Departament d'Educació i Formació Professional","Urbanització Riu Clar, s/n","43006","977548109","0143","Tarragona","36","Tarragonès","43148","431482","Tarragona","00",,"14","Torreforta","351015.000","4553592.000","1.225327000","41.119960000","e3005686@xtec.cat","https://agora.xtec.cat/ceip-rct/",,,"EINF2C","EPRI",,,,,,,,,,,,,,,,,,,,,,,,,,,,,,,"POINT (1225327000 41119960000)"
"2024/2025","2024","43005704","Institut Francesc Vidal i Barraquer","1","Públic","01","Departament d'Educació i Formació Professional","av. Lluís Companys, 1","43005","977212836","0143","Tarragona","36","Tarragonès","43148","431482","Tarragona","00",,"13","Tarragona","352583.000","4553562.000","1.244006000","41.119980000","e3005704@xtec.cat","https://www.vidalibarraquer.net/",,,,,"ESO","BATX",,"CFPM",,"AA03","CFPS",,,,,,,,,,,,,,,,,,,,,,,,"POINT (1244006000 41119980000)"
"2024/2025","2024","43005731","La Muntanyeta","2","Privat","22","Fundacions","c.Muntanyeta S.Pere/ctra. Pallaresos Km1","43007","977217604","0143","Tarragona","36","Tarragonès","43148","431482","Tarragona","00",,"13","Tarragona","353208.000","4554896.000","1.251126000","41.132100000","e3005731@xtec.cat","0",,,,,,,,,,,,"EE",,,,,,,,,,,,,,,,,,,,,,,"POINT (1251126000 41132100000)"
"2024/2025","2024","43005911","Escola Campclar","1","Públic","01","Departament d'Educació i Formació Professional","Urbanització Verge del Pilar, s/n","43006","977548280","0143","Tarragona","36","Tarragonès","43148","431482","Tarragona","00",,"14","Torreforta","349858.000","4553178.000","1.211658000","41.116000000","e3005911@xtec.cat","http://www.xtec.cat/ceip-campclar",,,"EINF2C","EPRI",,,,,,,,,,,,,,,,,,,,,,,,,,,,,,,"POINT (1211658000 41116000000)"
"2024/2025","2024","43005959","Escola Cèsar August","1","Públic","01","Departament d'Educació i Formació Professional","c. Joan Bta. Plana, 9","43005","977230352","0143","Tarragona","36","Tarragonès","43148","431482","Tarragona","00",,"13","Tarragona","352071.000","4553661.000","1.237886000","41.120780000","e3005959@xtec.cat","http://agora.xtec.cat/ceipcesaraugust/",,,"EINF2C","EPRI",,,,,,,,,,,,,,,,,,,,,,,,,,,,,,,"POINT (1237886000 41120780000)"
"2024/2025","2024","43006125","Institut Campclar","1","Públic","01","Departament d'Educació i Formació Professional","Rambla de Ponent, 66","43006","977541007","0143","Tarragona","36","Tarragonès","43148","431482","Tarragona","00",,"13","Tarragona","349824.000","4554058.000","1.211034000","41.123900000","e3006125@xtec.cat","http://www.inscampclar.cat",,,,,"ESO","BATX",,"CFPM",,,,,,"PFI",,,,,,,,,,,,,,,,,,,,,"POINT (1211034000 41123900000)"
"2024/2025","2024","43006162","Solc","2","Privat","21","Cooperatives","c. Apodaca, 3","43004","977554375","0143","Tarragona","36","Tarragonès","43148","431482","Tarragona","00",,"13","Tarragona","353131.000","4552761.000","1.250715000","41.112860000","e3006162@xtec.cat","https://sites.google.com/view/ceepsirsolc/home",,,,,,,,,,,,"EE",,,,,,,,,,,,,,,,,,,,,,,"POINT (1250715000 41112860000)"
"2024/2025","2024","43006253","EASD de Tarragona","1","Públic","04","Corporacions Locals","ctra.de Valls, s/n,Zona Educacional","43007","977211253","0143","Tarragona","36","Tarragonès","43148","431482","Tarragona","00",,"13","Tarragona","352436.000","4554860.000","1.241948000","41.131630000","e3006253@xtec.cat","http://www.dipta.cat/eadt",,,,,,,,,,,,,,,,,,"CFAS","ESDI",,,,,,,,,,,,,,,,"POINT (1241948000 41131630000)"
"2024/2025","2024","43006265","Escola de Dansa Artemis","2","Privat","41","Persones Físiques","ptge. Cobos, 5-7","43001","977218626","0143","Tarragona","36","Tarragonès","43148","431482","Tarragona","00",,"13","Tarragona","350809.000","4552867.000","1.223050000","41.113400000","e3006265@xtec.cat","0",,,,,,,,,,,,,,,,,,,,,,,,,"DANE",,,,,,,,,,"POINT (1223050000 41113400000)"
"2024/2025","2024","43006277","Cons. de Música de Tarragona","1","Públic","04","Corporacions Locals","c. Cavallers, 10","43003","977235830","0143","Tarragona","36","Tarragonès","43148","431482","Tarragona","00",,"13","Tarragona","353577.000","4553290.000","1.255909000","41.117710000","e3006277@xtec.cat","https://www.dipta.cat/cmtarragona",,,,,,,,,,,,,,,,,,,,,,,,,,,,,"MUSP",,,,,,"POINT (1255909000 41117710000)"
"2024/2025","2024","43006563","Escola Marcel·lí Domingo","1","Públic","01","Departament d'Educació i Formació Professional","ctra. Pallaresos (Ub. S. Pere i S.Pau)","43007","977225465","0143","Tarragona","36","Tarragonès","43148","431482","Tarragona","00",,"13","Tarragona","352916.000","4555669.000","1.247461000","41.139010000","e3006563@xtec.cat","http://blocs.xtec.cat/escolamdomingo",,,"EINF2C","EPRI",,,,,,,,,,,,,,,,,,,,,,,,,,,,,,,"POINT (1247461000 41139010000)"
"2024/2025","2024","43006630","Institut Pere Martell","1","Públic","01","Departament d'Educació i Formació Professional","Autovia de Salou, s/n","43006","977556338","0143","Tarragona","36","Tarragonès","43148","431482","Tarragona","00",,"13","Tarragona","348824.000","4551750.000","1.199700000","41.102970000","e3006630@xtec.cat","http://www.institutperemartell.cat",,,,,,"BATX",,"CFPM",,"AA03","CFPS",,,"PFI",,,,,,,,,,,,,,,,,,,,,"POINT (1199700000 41102970000)"
"2024/2025","2024","43006940","EOI de Tarragona","1","Públic","01","Departament d'Educació i Formació Professional","C. Smith, 55","43001","977226936","0143","Tarragona","36","Tarragonès","43148","431482","Tarragona","00",,"13","Tarragona","352705.000","4552667.000","1.245670000","41.111940000","e3006940@xtec.cat","0",,,,,,,,,,,,,,,,,,,,,,,,"IDI",,,,,,,,,,,"POINT (1245670000 41111940000)"
"2024/2025","2024","43007051","CFA Josepa Massanés i Dalmau","1","Públic","01","Departament d'Educació i Formació Professional","c. Fra Antoni Cardona i Grau, s/n","43002","977237860","0143","Tarragona","36","Tarragonès","43148","431482","Tarragona","00",,"13","Tarragona","353472.000","4553799.000","1.254537000","41.122270000","e3007051@xtec.cat","0",,,,,,,,,,,,,,,,,,,,,,,,,,,,,,,,,,"ADULTS","POINT (1254537000 41122270000)"
"2024/2025","2024","43007117","Escola Pax","1","Públic","01","Departament d'Educació i Formació Professional","av. Josep Gramunt i Subiela, 55-57","43007","977217757","0143","Tarragona","36","Tarragonès","43148","431482","Tarragona","00",,"13","Tarragona","352969.000","4554166.000","1.248459000","41.125480000","e3007117@xtec.cat","http://agora.xtec.cat/ceippax/",,,"EINF2C","EPRI",,,,,,,,,,,,,,,,,,,,,,,,,,,,,,,"POINT (1248459000 41125480000)"
"2024/2025","2024","43007713","Llar d'infants El Ninot","1","Públic","04","Corporacions Locals","c. Riu Onyar, s/n (Campclar)","43006","977550230","0143","Tarragona","36","Tarragonès","43148","431482","Tarragona","00",,"14","Torreforta","349607.000","4553167.000","1.208669000","41.115870000","e3007713@xtec.cat","https://blocs.xtec.cat/llardinfantsmunicipalelninot/",,"EINF1C",,,,,,,,,,,,,,,,,,,,,,,,,,,,,,,,,"POINT (1208669000 41115870000)"
"2024/2025","2024","43007725","Llar d'infants La Taronja","1","Públic","04","Corporacions Locals","c. Riu Llobregat, s/n (Campclar)","43006","977550220","0143","Tarragona","36","Tarragonès","43148","431482","Tarragona","00",,"14","Torreforta","348880.000","4553180.000","1.200011000","41.115860000","e3007725@xtec.cat","http://www.xtec.cat/centres/e3007725",,"EINF1C",,,,,,,,,,,,,,,,,,,,,,,,,,,,,,,,,"POINT (1200011000 41115860000)"
"2024/2025","2024","43007853","Llar d'infants La Baldufa","1","Públic","01","Departament d'Educació i Formació Professional","ctra. de València, s/n(barri del Pilar)","43006","977540609","0143","Tarragona","36","Tarragonès","43148","431482","Tarragona","00",,"13","Tarragona","349968.000","4553177.000","1.212958000","41.116030000","e3007853@xtec.cat","http://llarinfantslabaldufa.blogspot.com",,"EINF1C",,,,,,,,,,,,,,,,,,,,,,,,,,,,,,,,,"POINT (1212958000 41116030000)"
"2024/2025","2024","43007981","Bao Bab","2","Privat","21","Cooperatives","Via Augusta, 34","43003","977238832","0143","Tarragona","36","Tarragonès","43148","431482","Tarragona","00",,"13","Tarragona","354019.000","4553149.000","1.261204000","41.116510000","e3007981@xtec.cat","http://www.xtec.cat/centres/e3007981",,"EINF1C",,,,,,,,,,,,,,,,,,,,,,,,,,,,,,,,,"POINT (1261204000 41116510000)"
"2024/2025","2024","43008390","Institut Torreforta","1","Públic","01","Departament d'Educació i Formació Professional","c. Móra d'Ebre, s/n","43006","977545721","0143","Tarragona","36","Tarragonès","43148","431482","Tarragona","00",,"13","Tarragona","350221.000","4553930.000","1.215789000","41.122860000","e3008390@xtec.cat","https://agora.xtec.cat/instorreforta",,,,,"ESO","BATX",,,,,,,,,,,,,,,,,,,,,,,,,,,,,"POINT (1215789000 41122860000)"
"2024/2025","2024","43008432","Institut Sant Pere i Sant Pau","1","Públic","01","Departament d'Educació i Formació Professional","c. de l'Institut, s/n","43007","977213248","0143","Tarragona","36","Tarragonès","43148","431482","Tarragona","00",,"10","Sant Pere i Sant Pau","352899.000","4555748.000","1.247248000","41.139700000","e3008432@xtec.cat","http://www.xtec.cat/iesspsp",,,,,"ESO","BATX",,,,,,,,,,,,,,,,,,,,,,,,,,,,,"POINT (1247248000 41139700000)"
"2024/2025","2024","43008501","Institut Pont del Diable","1","Públic","01","Departament d'Educació i Formació Professional","av. de Sant Salvador, 17-A","43130","977523011","0143","Tarragona","36","Tarragonès","43148","431482","Tarragona","00",,"11","Sant Salvador","352436.000","4557816.000","1.241227000","41.158250000","e3008501@xtec.cat","http://www.institutpontdeldiable.cat",,,,,"ESO",,,"CFPM",,,,,,,,,,,,,,,,,,,,,,,,,,,"POINT (1241227000 41158250000)"
"2024/2025","2024","43008560","Àngel de la Guarda","2","Privat","27","Societats Civils","c. Prat de la Riba, 18","43001","977221322","0143","Tarragona","36","Tarragonès","43148","431482","Tarragona","00",,"13","Tarragona","352796.000","4553109.000","1.246647000","41.115900000","e3008560@xtec.cat","http://www.xtec.cat/centres/e3008560",,"EINF1C",,,,,,,,,,,,,,,,,,,,,,,,,,,,,,,,,"POINT (1246647000 41115900000)"
"2024/2025","2024","43008687","LLI privada Yo-Ni","2","Privat","26","Societats Mercantils","c. Rovira i Virgili, 54","43007","977220625","0143","Tarragona","36","Tarragonès","43148","431482","Tarragona","00",,"13","Tarragona","353311.000","4553992.000","1.252566000","41.123980000","e3008687@xtec.cat","http://www.xtec.cat/centres/e3008687",,"EINF1C",,,,,,,,,,,,,,,,,,,,,,,,,,,,,,,,,"POINT (1252566000 41123980000)"
"2024/2025","2024","43008729","CFA Tarragona","1","Públic","01","Departament d'Educació i Formació Professional","Perllongació carrer B,s/n(Barri Riu Clar","43006","977551888","0143","Tarragona","36","Tarragonès","43148","431482","Tarragona","00",,"13","Tarragona","350729.000","4553583.000","1.221924000","41.119830000","e3008729@xtec.cat","http://agora.xtec.cat/cfatarragona",,,,,,,,,,,,,,,,,,,,,,,,,,,,,,,,,,"ADULTS","POINT (1221924000 41119830000)"
"2024/2025","2024","43008766","Esc. de Música Municipal","1","Públic","04","Corporacions Locals","c. Armanyà, 10","43003","977245236","0143","Tarragona","36","Tarragonès","43148","431482","Tarragona","00",,"13","Tarragona","353334.000","4552914.000","1.253097000","41.114280000","e3008766@xtec.cat","0",,,,,,,,,,,,,,,,,,,,,,,,,,,,"MUSE",,,,,,,"POINT (1253097000 41114280000)"
"2024/2025","2024","43008778","CFA Fòrum","1","Públic","04","Corporacions Locals","av. Ramon i Cajal, 70","43001","977242833","0143","Tarragona","36","Tarragonès","43148","431482","Tarragona","00",,"13","Tarragona","352405.000","4553119.000","1.242008000","41.115990000","e3008778@xtec.cat","0",,,,,,,,,,,,,,,,,,,,,,,,,,,,,,,,,,"ADULTS","POINT (1242008000 41115990000)"
"2024/2025","2024","43008791","Esc. de Música de la Diputació de Tarragona","1","Públic","04","Corporacions Locals","c. Cavallers, 10","43003","977235830","0143","Tarragona","36","Tarragonès","43148","431482","Tarragona","00",,"13","Tarragona","353579.000","4553290.000","1.255924000","41.117700000","e3008791@xtec.cat","0",,,,,,,,,,,,,,,,,,,,,,,,,,,,"MUSE",,,,,,,"POINT (1255924000 41117700000)"
"2024/2025","2024","43008997","LLI privada El Niuet","2","Privat","41","Persones Físiques","c. Muntanya Sant Pere, 15(Urb.Pedrol)","43007","977203020","0143","Tarragona","36","Tarragonès","43148","431482","Tarragona","00",,"13","Tarragona","353388.000","4555103.000","1.253226000","41.134000000","e3008997@xtec.cat","http://www.xtec.cat/centres/e3008997",,"EINF1C",,,,,,,,,,,,,,,,,,,,,,,,,,,,,,,,,"POINT (1253226000 41134000000)"
"2024/2025","2024","43009175","L'Alba i La Cigonya","2","Privat","26","Societats Mercantils","c. Reding, 6","43001","977214108","0143","Tarragona","36","Tarragonès","43148","431482","Tarragona","00",,"13","Tarragona","353144.000","4552953.000","1.250831000","41.114590000","e3009175@xtec.cat","http://www.xtec.cat/centres/e3009175",,"EINF1C","EINF2C",,,,,,,,,,,,,,,,,,,,,,,,,,,,,,,,"POINT (1250831000 41114590000)"
"2024/2025","2024","43009230","Escola Tarragona","1","Públic","01","Departament d'Educació i Formació Professional","c. Guillem Oliver, 3","43005","977232947","0143","Tarragona","36","Tarragonès","43148","431482","Tarragona","00",,"13","Tarragona","352028.000","4554319.000","1.237208000","41.126690000","e3009230@xtec.cat","http://escola-tarrgona.blogspot.com.es",,,"EINF2C","EPRI",,,,,,,,,,,,,,,,,,,,,,,,,,,,,,,"POINT (1237208000 41126690000)"
"2024/2025","2024","43009369","Escola Saavedra","1","Públic","01","Departament d'Educació i Formació Professional","Via de l'Imperi, 1","43003","977237619","0143","Tarragona","36","Tarragonès","43148","431482","Tarragona","00",,"13","Tarragona","353320.000","4553293.000","1.252848000","41.117690000","e3009369@xtec.cat","http://agora.xtec.cat/ceipsaavedra/",,,"EINF2C","EPRI",,,,,,,,,,,,,,,,,,,,,,,,,,,,,,,"POINT (1252848000 41117690000)"
"2024/2025","2024","43009539","LLI privada Baobad-rosa","2","Privat","21","Cooperatives","Via Augusta, 74","43003","977218279","0143","Tarragona","36","Tarragonès","43148","431482","Tarragona","00",,"13","Tarragona","354644.000","4553403.000","1.268586000","41.118910000","e3009539@xtec.cat","http://www.xtec.cat/centres/e3009539",,"EINF1C",,,,,,,,,,,,,,,,,,,,,,,,,,,,,,,,,"POINT (1268586000 41118910000)"
"2024/2025","2024","43009576","Esc. de Música Estudi de Música","2","Privat","21","Cooperatives","c. Sant Francesc, 4","43003","977231720","0143","Tarragona","36","Tarragonès","43148","431482","Tarragona","00",,"13","Tarragona","353384.700","4553191.900","1.253638000","41.116790000","e3009576@xtec.cat","0",,,,,,,,,,,,,,,,,,,,,,,,,,,,"MUSE",,,,,,,"POINT (1253638000 41116790000)"
"2024/2025","2024","43009722","Institut Cal·lípolis","1","Públic","01","Departament d'Educació i Formació Professional","Autovia de Salou, s/n","43006","977544202","0143","Tarragona","36","Tarragonès","43148","431482","Tarragona","00",,"13","Tarragona","348963.000","4551488.000","1.201415000","41.100640000","e3009722@xtec.cat","http://www.institutcallipolis.cat",,,,,,"BATX",,"CFPM",,"AA03","CFPS",,"IFE","PFI",,,,,,,,,,,,,,,,,"TEGM","TEGS",,,"POINT (1201415000 41100640000)"
"2024/2025","2024","43010256","Llar d'infants El Serrallo","1","Públic","04","Corporacions Locals","Barri del Serrallo, s/n","43003","977248592","0143","Tarragona","36","Tarragonès","43148","431482","Tarragona","00",,"13","Tarragona","352222.000","4552614.000","1.239933000","41.111380000","e3010256@xtec.cat","http://www.xtec.cat/centres/e3010256",,"EINF1C",,,,,,,,,,,,,,,,,,,,,,,,,,,,,,,,,"POINT (1239933000 41111380000)"
"2024/2025","2024","43010281","LLI privada El Bosquet","2","Privat","26","Societats Mercantils","urb. Els Pinars, 45","43007",,"0143","Tarragona","36","Tarragonès","43148","431482","Tarragona","00",,"13","Tarragona","356971.000","4555342.000","1.295834000","41.136790000","e3010281@xtec.cat","0",,"EINF1C",,,,,,,,,,,,,,,,,,,,,,,,,,,,,,,,,"POINT (1295834000 41136790000)"
"2024/2025","2024","43010396","Escola de Ponent","1","Públic","01","Departament d'Educació i Formació Professional","av. del President Tarradellas, s/n","43006","977260701","0143","Tarragona","36","Tarragonès","43148","431482","Tarragona","00",,"13","Tarragona","349464.000","4553525.000","1.206878000","41.119070000","e3010396@xtec.cat","http://agora.xtec.cat/escolaponent-tarragona",,,"EINF2C","EPRI",,,,,,,,,,,,,,,,,,,,,,,,,,,,,,,"POINT (1206878000 41119070000)"
"2024/2025","2024","43010438","Llar d'infants El Miracle","1","Públic","04","Corporacions Locals","pl. Cardenal Arce Ochotorena, s/n","43003","977249722","0143","Tarragona","36","Tarragonès","43148","431482","Tarragona","00",,"13","Tarragona","353915.000","4552977.000","1.260007000","41.114950000","e3010438@xtec.cat","http://www.xtec.cat/centres/e3010438",,"EINF1C",,,,,,,,,,,,,,,,,,,,,,,,,,,,,,,,,"POINT (1260007000 41114950000)"
"2024/2025","2024","43010700","CASASFORMACIÓN.ES","2","Privat","26","Societats Mercantils","c. Dr. Zamenhoff, 3 bxs.","43001","977220890","0143","Tarragona","36","Tarragonès","43148","431482","Tarragona","00",,"13","Tarragona","352849.000","4552772.000","1.247360000","41.112910000","e3010700@xtec.cat","http://www.casasformacion.es",,,,,,,,,,,"CFPS",,,,,,,,,,,,,,,,,,,,,,,,"POINT (1247360000 41112910000)"
"2024/2025","2024","43010955","Llar d'infants Sant Pere i Sant Pau","1","Públic","04","Corporacions Locals","rbla. de Sant Pere i Sant Pau","43004","977203550","0143","Tarragona","36","Tarragonès","43148","431482","Tarragona","00",,"13","Tarragona","353435.000","4555563.000","1.253671000","41.138150000","e3010955@xtec.cat","0",,"EINF1C",,,,,,,,,,,,,,,,,,,,,,,,,,,,,,,,,"POINT (1253671000 41138150000)"
"2024/2025","2024","43010979","Llar d'infants Sant Salvador","1","Públic","04","Corporacions Locals","av. Sant Salvador, 13","43130","977293045","0143","Tarragona","36","Tarragonès","43148","431482","Tarragona","00",,"13","Tarragona","352452.000","4558153.000","1.241338000","41.161290000","e3010979@xtec.cat","0",,"EINF1C",,,,,,,,,,,,,,,,,,,,,,,,,,,,,,,,,"POINT (1241338000 41161290000)"
"2024/2025","2024","43011479","Institut Tarragona","1","Públic","01","Departament d'Educació i Formació Professional","pl. de la Imperial Tarraco, 1","43003","977238277","0143","Tarragona","36","Tarragonès","43148","431482","Tarragona","00",,"13","Tarragona","352770.000","4553485.000","1.246252000","41.119320000","e3011479@xtec.cat","https://agora.xtec.cat/instarragona/",,,,,"ESO","BATX",,,,,,,,,,,,,,,,,,,,,,,,,,,,,"POINT (1246252000 41119320000)"
"2024/2025","2024","43011561","Llar d'infants L'Arrabassada","1","Públic","04","Corporacions Locals","c. Internet, s/n","43001",,"0143","Tarragona","36","Tarragonès","43148","431482","Tarragona","00",,"13","Tarragona","354395.000","4553795.000","1.265523000","41.122400000","e3011561@xtec.cat","0",,"EINF1C",,,,,,,,,,,,,,,,,,,,,,,,,,,,,,,,,"POINT (1265523000 41122400000)"
"2024/2025","2024","43012125","Novatècnica","2","Privat","26","Societats Mercantils","c. Francolí, 52-54, baixos","43006",,"0143","Tarragona","36","Tarragonès","43148","431482","Tarragona","00",,"13","Tarragona","350550.000","4553503.000","1.219810000","41.119070000","e3012125@xtec.cat","0",,,,,,,,"CFPM",,,"CFPS",,,,,,,,,,,,,,,,,,,,,,,"ADULTS","POINT (1219810000 41119070000)"
"2024/2025","2024","43012162","Llar d'infants Bonavista","1","Públic","04","Corporacions Locals","c. Vint-i-u, s/n","43100",,"0143","Tarragona","36","Tarragonès","43148","431482","Tarragona","00",,"13","Tarragona","348460.000","4553876.000","1.194832000","41.122050000","e3012162@xtec.cat","0",,"EINF1C",,,,,,,,,,,,,,,,,,,,,,,,,,,,,,,,,"POINT (1194832000 41122050000)"
"2024/2025","2024","43012216","Llar d'infants Cèsar August","1","Públic","04","Corporacions Locals","c. Joan Baptista Plana, 9","43005",,"0143","Tarragona","36","Tarragonès","43148","431482","Tarragona","00",,"13","Tarragona","352072.000","4553658.000","1.237902000","41.120740000","e3012216@xtec.cat","0",,"EINF1C",,,,,,,,,,,,,,,,,,,,,,,,,,,,,,,,,"POINT (1237902000 41120740000)"
"2024/2025","2024","43012447","Bettatur","2","Privat","26","Societats Mercantils","Via de l'Imperi Romà, 11","43001",,"0143","Tarragona","36","Tarragonès","43148","431482","Tarragona","00",,"13","Tarragona","353394.000","4553301.000","1.253728000","41.117770000","e3012447@xtec.cat","0",,,,,,,,,,,"CFPS",,,,,,,,,,,,,,,,,,,,,,,,"POINT (1253728000 41117770000)"
"2024/2025","2024","43012629","Aula Magna","2","Privat","26","Societats Mercantils","av. República Argentina, 11","43007",,"0143","Tarragona","36","Tarragonès","43148","431482","Tarragona","00",,"13","Tarragona","352484.000","4553826.000","1.242760000","41.122300000","e3012629@xtec.cat","0",,,,,,,,"CFPM",,,"CFPS",,,,,,,,,,,,,,,,,,,,,,,"ADULTS","POINT (1242760000 41122300000)"
"2024/2025","2024","43012642","LLI privada Xino-Xano Joan XXIII","2","Privat","26","Societats Mercantils","c. Arquebisbe Josep Pont i Gol, 19","43005",,"0143","Tarragona","36","Tarragonès","43148","431482","Tarragona","00",,"13","Tarragona","351874.000","4554379.000","1.235360000","41.127200000","e3012642@xtec.cat","0",,"EINF1C",,,,,,,,,,,,,,,,,,,,,,,,,,,,,,,,,"POINT (1235360000 41127200000)"
"2024/2025","2024","43012708","CEOP","2","Privat","26","Societats Mercantils","av. Roma, 5C, 1-2","43005",,"0143","Tarragona","36","Tarragonès","43148","431482","Tarragona","00",,"13","Tarragona","352473.000","4553433.000","1.242720000","41.118800000","e3012708@xtec.cat","0",,,,,,,,,,,,,,"PFI",,,,,,,,,,,,,,,,,,,,"ADULTS","POINT (1242720000 41118800000)"
"2024/2025","2024","43012897","AFENTD","2","Privat","31","Associacions","c. Sant Benilde, 15","43006",,"0143","Tarragona","36","Tarragonès","43148","431482","Tarragona","00",,"13","Tarragona","349987.000","4553601.000","1.213089000","41.119850000","e3012897@xtec.cat","0",,,,,,,,,,,,,,,,,,,,,,,,,,,,,,,"TEGM","TEGS",,,"POINT (1213089000 41119850000)"
"2024/2025","2024","43012939","Òrgan Gestor del Complex Educatiu de Tarragona","1","Públic","01","Departament d'Educació i Formació Professional","ctra. de Salou, s/n","43004",,"0143","Tarragona","36","Tarragonès","43148","431482","Tarragona","00",,"13","Tarragona","349019.000","4551666.000","1.202040000","41.102250000","e3012939@xtec.cat","0",,,,,"ESO",,,,,,,,,,,,,,,,,,,,,,,,,,,,,,"POINT (1202040000 41102250000)"
"2024/2025","2024","43012976","Institut Escola Mediterrani","1","Públic","01","Departament d'Educació i Formació Professional","c. Riu Ter, s/n","43001","977540706","0143","Tarragona","36","Tarragonès","43148","431482","Tarragona","00",,"01","Bonavista","349017.000","4553148.000","1.201649000","41.115590000","e3012976@xtec.cat","http://www.xtec.cat/centres/e3006381",,,"EINF2C","EPRI","ESO",,,,,,,,,,,,,,,,,,,,,,,,,,,,,,"POINT (1201649000 41115590000)"
"2024/2025","2024","43013002","HDA Hospital de Dia de Tarragona - HDA","1","Públic","02","Altres Departaments","av. Vidal i Barraquer, 27,esc.9,local 2","43001",,"0143","Tarragona","36","Tarragonès","43148","431482","Tarragona","00",,"13","Tarragona","352347.000","4552782.000","1.241382000","41.112900000","e3013002@xtec.cat","0",,,"EINF2C","EPRI","ESO",,,,,,,,,,,,,,,,,,,,,,,,,,,,,,"POINT (1241382000 41112900000)"
"2024/2025","2024","43013063","LLI privada Teresianes-Jaycar","2","Privat","22","Fundacions","c. d'Ixart, 10","43003",,"0143","Tarragona","36","Tarragonès","43148","431482","Tarragona","00",,"13","Tarragona","353198.000","4553258.000","1.251397000","41.117350000","e3013063@xtec.cat","0",,"EINF1C",,,,,,,,,,,,,,,,,,,,,,,,,,,,,,,,,"POINT (1251397000 41117350000)"
"2024/2025","2024","43013166","Centre de Formació CBS","2","Privat","26","Societats Mercantils","c. Ventallols, 5","43003",,"0143","Tarragona","36","Tarragonès","43148","431482","Tarragona","00",,"13","Tarragona","353784.000","4553261.000","1.258375000","41.117470000","e3013166@xtec.cat","0",,,,,,,,,,,"CFPS",,,,,,,,,,,,,,,,,,,,,,,,"POINT (1258375000 41117470000)"
"2024/2025","2024","43013191","Institut Escola L'Arrabassada","1","Públic","01","Departament d'Educació i Formació Professional","c. Mercè Rodoreda, s/n","43001",,"0143","Tarragona","36","Tarragonès","43148","431482","Tarragona","00",,"13","Tarragona","354961.000","4553889.000","1.272123000","41.123330000","e3013191@xtec.cat","0",,,"EINF2C","EPRI","ESO",,,,,,,,,,,,,,,,,,,,,,,,,,,,,,"POINT (1272123000 41123330000)"
"2024/2025","2024","43013233","Ilerna Tarragona","2","Privat","26","Societats Mercantils","c. Joan Serra i Vilaró, 7","43007",,"0143","Tarragona","36","Tarragonès","43148","431482","Tarragona","00",,"13","Tarragona","352603.000","4554537.000","1.244009000","41.128700000","e3013233@xtec.cat","0",,,,,,,,"CFPM",,,"CFPS",,,,,,,,,,,,,,,,,,,,,,,,"POINT (1244009000 41128700000)"
"2024/2025","2024","43013270","Vedruna Dansa","2","Privat","22","Fundacions","c. Santa Joaquima Vedruna, 10","43001",,"0143","Tarragona","36","Tarragonès","43148","431482","Tarragona","00",,"13","Tarragona","352956.000","4553637.000","1.248423000","41.120720000","e3013270@xtec.cat","0",,,,,,,,,,,,,,,,,,,,,,,,,"DANE",,,,,,,,,,"POINT (1248423000 41120720000)"
"2024/2025","2024","43003884","Escola Antoni Roig","1","Públic","01","Departament d'Educació i Formació Professional","av. Sant Jordi. núm. 1(ap.correus 142)","43830","977640836","0143","Tarragona","36","Tarragonès","43153","431536","Torredembarra","00",,"04","Torredembarra","365347.000","4556266.000","1.395397000","41.146540000","e3003884@xtec.cat","http://agora.xtec.cat/escolaantoniroig/",,,"EINF2C","EPRI",,,,,,,,,,,,,,,,,,,,,,,,,,,,,,,"POINT (1395397000 41146540000)"
"2024/2025","2024","43006851","Escola Molí de Vent","1","Públic","01","Departament d'Educació i Formació Professional","c. de les Escoles, 13-15","43830","977130246","0143","Tarragona","36","Tarragonès","43153","431536","Torredembarra","00",,"04","Torredembarra","365952.000","4556493.000","1.402552000","41.148680000","e3006851@xtec.cat","https://agora.xtec.cat/ceip-molidevent/",,,"EINF2C","EPRI",,,,,,,,,,,,,,,,,,,,,,,,,,,,,,,"POINT (1402552000 41148680000)"
"2024/2025","2024","43006952","Institut Torredembarra","1","Públic","01","Departament d'Educació i Formació Professional","av. de Sant Jordi, 62-64","43830","977640312","0143","Tarragona","36","Tarragonès","43153","431536","Torredembarra","00",,"04","Torredembarra","365836.000","4556684.000","1.401123000","41.150390000","e3006952@xtec.cat","http://www.instorredembarra.cat/",,,,,"ESO","BATX",,,,,,,,,,,,,,,,,,,,,,,,,,,,,"POINT (1401123000 41150390000)"
"2024/2025","2024","43007661","Institut Ramon de la Torre","1","Públic","01","Departament d'Educació i Formació Professional","c. Camí del Moro, 28-40","43830","977642402","0143","Tarragona","36","Tarragonès","43153","431536","Torredembarra","00",,"04","Torredembarra","366827.000","4556655.000","1.412938000","41.150290000","e3007661@xtec.cat","http://www.institutramondelatorre.org",,,,,"ESO","BATX",,"CFPM",,,"CFPS",,,"PFI",,,,,,,,,,,,,,,,,,,,,"POINT (1412938000 41150290000)"
"2024/2025","2024","43009242","Escola L'Antina","1","Públic","01","Departament d'Educació i Formació Professional","pg. Miramar, 190-200","43830","977642496","0143","Tarragona","36","Tarragonès","43153","431536","Torredembarra","00",,"04","Torredembarra","366888.000","4556299.000","1.413737000","41.147000000","e3009242@xtec.cat","http://www.escolaantina.cat",,,"EINF2C","EPRI",,,,,,,,,,,,,,,,,,,,,,,,,,,,,,,"POINT (1413737000 41147000000)"
"2024/2025","2024","43009643","Llar d'infants El Cirerer","1","Públic","04","Corporacions Locals","c. Camí de l'Era, 52-54","43830","977642535","0143","Tarragona","36","Tarragonès","43153","431536","Torredembarra","00",,"04","Torredembarra","365722.000","4556295.000","1.399853000","41.146860000","e3009643@xtec.cat","http://www.xtec.cat/centres/e3009643",,"EINF1C",,,,,,,,,,,,,,,,,,,,,,,,,,,,,,,,,"POINT (1399853000 41146860000)"
"2024/2025","2024","43009746","Esc. de Música Municipal de Torredembarra","1","Públic","04","Corporacions Locals","c. Alt de Sant Pere, 35","43830","977644308","0143","Tarragona","36","Tarragonès","43153","431536","Torredembarra","00",,"04","Torredembarra","365666.000","4556176.000","1.399213000","41.145780000","e3009746@xtec.cat","0",,,,,,,,,,,,,,,,,,,,,,,,,,,,"MUSE",,,,,,,"POINT (1399213000 41145780000)"
"2024/2025","2024","43010918","Escola de Dansa Centrescènic","2","Privat","27","Societats Civils","c. Eduard Benot, 11/c. Carnisseria, 9","43830",,"0143","Tarragona","36","Tarragonès","43153","431536","Torredembarra","00",,"04","Torredembarra","365417.000","4556126.000","1.396259000","41.145290000","e3010918@xtec.cat","0",,,,,,,,,,,,,,,,,,,,,,,,,"DANE",,,,,,,,,,"POINT (1396259000 41145290000)"
"2024/2025","2024","43011650","EB privada La Casa de les Fades","2","Privat","26","Societats Mercantils","c.Joaquim Torres Ibern, 7 local I","43830","977130810","0143","Tarragona","36","Tarragonès","43153","431536","Torredembarra","00",,"04","Torredembarra","366986.000","4556512.000","1.414861000","41.149020000","e3011650@xtec.cat","0",,"EINF1C",,,,,,,,,,,,,,,,,,,,,,,,,,,,,,,,,"POINT (1414861000 41149020000)"
"2024/2025","2024","43012253","Llar d'infants Els Gegants de la Torre","1","Públic","04","Corporacions Locals","c. de les Escoles, s/n","43830",,"0143","Tarragona","36","Tarragonès","43153","431536","Torredembarra","00",,"04","Torredembarra","365905.000","4556614.000","1.401966000","41.149760000","e3012253@xtec.cat","0",,"EINF1C",,,,,,,,,,,,,,,,,,,,,,,,,,,,,,,,,"POINT (1401966000 41149760000)"
"2024/2025","2024","43012794","Centre d'Estudis Eqüestres Torredembarra","2","Privat","26","Societats Mercantils","ctra. La Riera, s/n","43830","977640282","0143","Tarragona","36","Tarragonès","43153","431536","Torredembarra","00",,"04","Torredembarra","365027.000","4556453.000","1.391536000","41.148170000","e3012794@xtec.cat","0",,,,,,,,"CFPM",,,,,,,,,,,,,,,,,,,,,,,"TEGM","TEGS",,,"POINT (1391536000 41148170000)"
"2024/2025","2024","43004864","Escola Pere Virgili","1","Públic","01","Departament d'Educació i Formació Professional","pl. de la Pau, s/n","43141","977840353","0143","Tarragona","36","Tarragonès","43166","431665","Vilallonga del Camp","00",,"01","Vilallonga del Camp","349376.000","4563695.000","1.203324000","41.210620000","e3004864@xtec.cat","http://escolaperevirgili.blogspot.com",,,"EINF2C","EPRI",,,,,,,,,,,,,,,,,,,,,,,,,,,,,,,"POINT (1203324000 41210620000)"
"2024/2025","2024","43010104","Llar d'infants Patufet","1","Públic","04","Corporacions Locals","rbla. Mare de Déu del Roser/pl.de la Pau","43141","977842062","0143","Tarragona","36","Tarragonès","43166","431665","Vilallonga del Camp","00",,"01","Vilallonga del Camp","349419.000","4563658.000","1.203848000","41.210290000","e3010104@xtec.cat","http://www.xtec.cat/centres/e3010104",,"EINF1C",,,,,,,,,,,,,,,,,,,,,,,,,,,,,,,,,"POINT (1203848000 41210290000)"
"2024/2025","2024","43004979","Escola Torroja i Miret","1","Públic","01","Departament d'Educació i Formació Professional","c. Tarragona, 9","43480","977390616","0143","Tarragona","36","Tarragonès","43171","431711","Vila-seca","00",,"05","Vila-seca de Solcina","344484.000","4552650.000","1.147806000","41.110260000","e3004979@xtec.cat","http://agora.xtec.cat/ceip-torrojaimiret/",,,"EINF2C","EPRI",,,,,,,,,,,,,,,,,,,,,,,,,,,,,,,"POINT (1147806000 41110260000)"
"2024/2025","2024","43005005","Escola Sant Bernat Calvó","1","Públic","01","Departament d'Educació i Formació Professional","c. Requet de Fèlix, 22","43480","977391921","0143","Tarragona","36","Tarragonès","43171","431711","Vila-seca","00",,"05","Vila-seca de Solcina","344491.000","4552805.000","1.147857000","41.111650000","e3005005@xtec.cat","http://agora.xtec.cat/escolasantbernat/",,,"EINF2C","EPRI",,,,,,,,,,,,,,,,,,,,,,,,,,,,,,,"POINT (1147857000 41111650000)"
"2024/2025","2024","43005947","Escola Cal·lípolis","1","Públic","01","Departament d'Educació i Formació Professional","c. Alfredo Kraus, 22","43481","977371711","0143","Tarragona","36","Tarragonès","43171","431711","Vila-seca","00",,"01","Platja de la Pineda","347047.000","4549361.000","1.179142000","41.081130000","e3005947@xtec.cat","http://agora.xtec.cat/ceipcal-lipolis/",,,"EINF2C","EPRI",,,,,,,,,,,,,,,,,,,,,,,,,,,,,,,"POINT (1179142000 41081130000)"
"2024/2025","2024","43005972","Institut Ramon Barbat i Miracle","1","Públic","01","Departament d'Educació i Formació Professional","av. de l'Alcalde Pere Molas, s/n","43480","977391379","0143","Tarragona","36","Tarragonès","43171","431711","Vila-seca","00",,"05","Vila-seca de Solcina","344654.000","4551674.000","1.150076000","41.101000000","e3005972@xtec.cat","https://agora.xtec.cat/ies-ramonbarbat-vilaseca",,,,,"ESO","BATX",,"CFPM",,,"CFPS",,,,,,,,,,,,,,,,,,,,,,,,"POINT (1150076000 41101000000)"
"2024/2025","2024","43006241","Escola La Plana","1","Públic","01","Departament d'Educació i Formació Professional","Camí Mas de la Cuca, s/n","43480","977391819","0143","Tarragona","36","Tarragonès","43171","431711","Vila-seca","00",,"02","La Plana","342825.000","4554816.000","1.127501000","41.129430000","e3006241@xtec.cat","https://sites.google.com/a/xtec.cat/escolalaplana/",,,"EINF2C","EPRI",,,,,,,,,,,,,,,,,,,,,,,,,,,,,,,"POINT (1127501000 41129430000)"
"2024/2025","2024","43006289","Cons. de Música de Vila-seca","1","Públic","04","Corporacions Locals","av. de la Generalitat, 27","43480","977392368","0143","Tarragona","36","Tarragonès","43171","431711","Vila-seca","00",,"05","Vila-seca de Solcina","343937.000","4552851.000","1.141248000","41.111900000","e3006289@xtec.cat","https://www.vila-secamusica.cat",,,,,,,,,,,,,,,,,,,,,,,,,,,,,"MUSP",,,,,,"POINT (1141248000 41111900000)"
"2024/2025","2024","43006332","Escola Mestral","1","Públic","01","Departament d'Educació i Formació Professional","c. Santiago Rusiñol, s/n","43480","977391820","0143","Tarragona","36","Tarragonès","43171","431711","Vila-seca","00",,"05","Vila-seca de Solcina","343829.000","4552720.000","1.139988000","41.110760000","e3006332@xtec.cat","http://agora.xtec.cat/escolamestralvila-seca/",,,"EINF2C","EPRI",,,,,,,,,,,,,,,,,,,,,,,,,,,,,,,"POINT (1139988000 41110760000)"
"2024/2025","2024","43008158","LLI privada Pineda","2","Privat","21","Cooperatives","c. Jacint Verdaguer, 6","43480","977391713","0143","Tarragona","36","Tarragonès","43171","431711","Vila-seca","00",,"05","Vila-seca de Solcina","343921.000","4552494.000","1.141144000","41.108740000","e3008158@xtec.cat","http://www.xtec.cat/centres/e3008158",,"EINF1C",,,,,,,,,,,,,,,,,,,,,,,,,,,,,,,,,"POINT (1141144000 41108740000)"
"2024/2025","2024","43008523","Institut Vila-seca","1","Públic","01","Departament d'Educació i Formació Professional","av. de l'Alcalde Pere Molas, s/n","43480","977394244","0143","Tarragona","36","Tarragonès","43171","431711","Vila-seca","00",,"05","Vila-seca de Solcina","344618.000","4551851.000","1.149601000","41.103080000","e3008523@xtec.cat","http://agora.xtec.cat/iesvila-seca",,,,,"ESO","BATX",,,,,,,,"PFI",,,,,,,,,,,,,,,,,,,,,"POINT (1149601000 41103080000)"
"2024/2025","2024","43008742","Esc. de Música Municipal de Vila-seca","1","Públic","04","Corporacions Locals","av. de la Generalitat, 27","43480","977392368","0143","Tarragona","36","Tarragonès","43171","431711","Vila-seca","00",,"05","Vila-seca de Solcina","343933.000","4552846.000","1.141205000","41.111920000","e3008742@xtec.cat","0",,,,,,,,,,,,,,,,,,,,,,,,,,,,"MUSE",,,,,,,"POINT (1141205000 41111920000)"
"2024/2025","2024","43010086","CFA Vilaseca","1","Públic","01","Departament d'Educació i Formació Professional","c. Sant Pere, 25 (cant. pl. Estudi, 1)","43480","977391811","0143","Tarragona","36","Tarragonès","43171","431711","Vila-seca","00",,"05","Vila-seca de Solcina","344389.000","4552578.000","1.146692000","41.109590000","e3010086@xtec.cat","http://agora.xtec.cat/cfavilaseca/",,,,,,,,,,,,,,,,,,,,,,,,,,,,,,,,,,"ADULTS","POINT (1146692000 41109590000)"
"2024/2025","2024","43010426","EB privada L'Estel","2","Privat","27","Societats Civils","c. de Sant Jordi, 25","43480","977396244","0143","Tarragona","36","Tarragonès","43171","431711","Vila-seca","00",,"05","Vila-seca de Solcina","344039.000","4552769.000","1.142481000","41.111240000","e3010426@xtec.cat","http://www.xtec.cat/centres/e3010426",,"EINF1C",,,,,,,,,,,,,,,,,,,,,,,,,,,,,,,,,"POINT (1142481000 41111240000)"
"2024/2025","2024","43010530","Escola Miramar","1","Públic","01","Departament d'Educació i Formació Professional","c. Era del Delme, 20","43480","977396280","0143","Tarragona","36","Tarragonès","43171","431711","Vila-seca","00",,"05","Vila-seca de Solcina","344250.000","4552068.000","1.145169000","41.104970000","e3010530@xtec.cat","http://blocs.xtec.cat/escolamiramar/",,,"EINF2C","EPRI",,,,,,,,,,,,,,,,,,,,,,,,,,,,,,,"POINT (1145169000 41104970000)"
"2024/2025","2024","43011492","Escola La Canaleta","1","Públic","01","Departament d'Educació i Formació Professional","c. d'Alfons I, 18","43480","977783565","0143","Tarragona","36","Tarragonès","43171","431711","Vila-seca","00",,"05","Vila-seca de Solcina","344231.000","4553221.000","1.144655000","41.115350000","e3011492@xtec.cat","http://www.lacanaleta.cat",,,"EINF2C","EPRI",,,,,,,,,,,,,,,,,,,,,,,,,,,,,,,"POINT (1144655000 41115350000)"
"2024/2025","2024","43011595","Llar d'infants Fartets","1","Públic","04","Corporacions Locals","c. Luis Mariano, 4","43480",,"0143","Tarragona","36","Tarragonès","43171","431711","Vila-seca","00",,"01","Platja de la Pineda","347075.000","4549388.000","1.179461000","41.081380000","e3011595@xtec.cat","0",,"EINF1C",,,,,,,,,,,,,,,,,,,,,,,,,,,,,,,,,"POINT (1179461000 41081380000)"
"2024/2025","2024","43012551","Llar d'infants Les Vimeteres","1","Públic","04","Corporacions Locals","c. de l'Era del Delme, s/n","43480",,"0143","Tarragona","36","Tarragonès","43171","431711","Vila-seca","00",,"05","Vila-seca de Solcina","344291.000","4552126.000","1.145643000","41.105000000","e3012551@xtec.cat","0",,"EINF1C",,,,,,,,,,,,,,,,,,,,,,,,,,,,,,,,,"POINT (1145643000 41105000000)"
"2024/2025","2024","43013348","Escola de Dansa África Aguilar","2","Privat","41","Persones Físiques","c. Doctor Gibert, 8, baixos","43480",,"0143","Tarragona","36","Tarragonès","43171","431711","Vila-seca","00",,"05","Vila-seca de Solcina","344428.900","4552786.200","1.147118000","41.111474000","e3013348@xtec.cat","0",,,,,,,,,,,,,,,,,,,,,,,,,"DANE",,,,,,,,,,"POINT (1147118000 41111474000)"
"2024/2025","2024","43004931","Escola Santa Maria del Mar","1","Públic","01","Departament d'Educació i Formació Professional","c. Juan Manuel Muñoz Rodriguez, 5","43840","977382302","0143","Tarragona","36","Tarragonès","43905","439057","Salou","00",,"01","Salou","343040.000","4549709.000","1.131373000","41.083490000","e3004931@xtec.cat","http://www.santamariadelmar.cat",,,"EINF2C","EPRI",,,,,,,,,,,,,,,,,,,,,,,,,,,,,,,"POINT (1131373000 41083490000)"
"2024/2025","2024","43004967","Elisabeth","2","Privat","21","Cooperatives","c. Miquel Martí i Pol, 1","43840","977383851","0143","Tarragona","36","Tarragonès","43905","439057","Salou","00",,"01","Salou","342661.000","4550098.000","1.126760000","41.086920000","e3004967@xtec.cat","http://www.escolaelisabeth.cat",,"EINF1C","EINF2C","EPRI","ESO","BATX",,,,,,,,,,,,,,,,,,,,,,,,,,,,,"POINT (1126760000 41086920000)"
"2024/2025","2024","43006393","Escola Europa","1","Públic","01","Departament d'Educació i Formació Professional","pl. de la Segregació, 2","43840","977384996","0143","Tarragona","36","Tarragonès","43905","439057","Salou","00",,"01","Salou","343301.000","4549463.000","1.134543000","41.081340000","e3006393@xtec.cat","https://agora.xtec.cat/escolaeuropa/",,,"EINF2C","EPRI",,,,,,,,,,,,,,,,,,,,,,,,,,,,,,,"POINT (1134543000 41081340000)"
"2024/2025","2024","43007026","LLI privada Nou Esplai","2","Privat","26","Societats Mercantils","c. Berlín, s/n","43840","977383274","0143","Tarragona","36","Tarragonès","43905","439057","Salou","00",,"01","Salou","343498.000","4549175.000","1.136958000","41.078780000","e3007026@xtec.cat","http://www.xtec.cat/centres/e3007026",,"EINF1C",,,,,,,,,,,,,,,,,,,,,,,,,,,,,,,,,"POINT (1136958000 41078780000)"
"2024/2025","2024","43007518","Esc. de Música Municipal","1","Públic","04","Corporacions Locals","c. advocat Gallego, 2/arquit.Ubach, 1","43840","977381008","0143","Tarragona","36","Tarragonès","43905","439057","Salou","00",,"01","Salou","343394.000","4549443.000","1.135650000","41.081170000","e3007518@xtec.cat","0",,,,,,,,,,,,,,,,,,,,,,,,,,,,"MUSE",,,,,,,"POINT (1135650000 41081170000)"
"2024/2025","2024","43007543","Institut Jaume I","1","Públic","01","Departament d'Educació i Formació Professional","c. Advocat Gallego, 6","43840","977384771","0143","Tarragona","36","Tarragonès","43905","439057","Salou","00",,"01","Salou","343254.000","4549581.000","1.133948000","41.082300000","e3007543@xtec.cat","http://www.iesjaume1.cat",,,,,"ESO","BATX",,"CFPM",,,"CFPS",,,,,,,,,,,,,,,,,,,,"TEGM","TEGS",,,"POINT (1133948000 41082300000)"
"2024/2025","2024","43009451","Escola Salou","1","Públic","01","Departament d'Educació i Formació Professional","c. Rosa Sensat, 2","43840","977383646","0143","Tarragona","36","Tarragonès","43905","439057","Salou","00",,"01","Salou","342760.000","4549499.000","1.128091000","41.081500000","e3009451@xtec.cat","http://agora.xtec.cat/escola-salou/",,,"EINF2C","EPRI",,,,,,,,,,,,,,,,,,,,,,,,,,,,,,,"POINT (1128091000 41081500000)"
"2024/2025","2024","43010153","Escola Vora Mar","1","Públic","01","Departament d'Educació i Formació Professional","c. Maria Castillo, s/n","43840","977352900","0143","Tarragona","36","Tarragonès","43905","439057","Salou","00",,"01","Salou","342748.000","4549801.000","1.127875000","41.084270000","e3010153@xtec.cat","http://escolavoramar.blogspot.com.es/",,,"EINF2C","EPRI",,,,,,,,,,,,,,,,,,,,,,,,,,,,,,,"POINT (1127875000 41084270000)"
"2024/2025","2024","43010347","Institut Marta Mata","1","Públic","01","Departament d'Educació i Formació Professional","c. Domènech Sugrañes i Gras, s/n","43840","977353242","0143","Tarragona","36","Tarragonès","43905","439057","Salou","00",,"01","Salou","342713.000","4549670.000","1.127485000","41.083080000","e3010347@xtec.cat","http://institutmartamata.cat",,,,,"ESO","BATX",,,,,,,,"PFI",,,,,,,,,,,,,,,,,,,,,"POINT (1127485000 41083080000)"
"2024/2025","2024","43010921","Llar d'infants La Balena Blava","1","Públic","04","Corporacions Locals","c. de Barcelona, 95","43840","977383409","0143","Tarragona","36","Tarragonès","43905","439057","Salou","00",,"01","Salou","343137.000","4549846.000","1.132492000","41.084750000","e3010921@xtec.cat","0",,"EINF1C",,,,,,,,,,,,,,,,,,,,,,,,,,,,,,,,,"POINT (1132492000 41084750000)"
"2024/2025","2024","43011200","EOI de Salou","1","Públic","01","Departament d'Educació i Formació Professional","pg. 30 d'octubre, 4","43840","977353008","0143","Tarragona","36","Tarragonès","43905","439057","Salou","00",,"01","Salou","343360.000","4549523.000","1.135227000","41.081880000","e3011200@xtec.cat","0",,,,,,,,,,,,,,,,,,,,,,,,"IDI",,,,,,,,,,,"POINT (1135227000 41081880000)"
"2024/2025","2024","43011765","CFA Àgora","1","Públic","04","Corporacions Locals","av. de Pau Casals, s/n","43840","977388851","0143","Tarragona","36","Tarragonès","43905","439057","Salou","00",,"01","Salou","342623.000","4549793.000","1.126390000","41.084170000","e3011765@xtec.cat","https://agora.xtec.cat/cfaagorasalou/",,,,,,,,,,,,,,,,,,,,,,,,,,,,,,,,,,"ADULTS","POINT (1126390000 41084170000)"
"2024/2025","2024","43012022","Llar d'infants Cavallet de Mar","1","Públic","04","Corporacions Locals","c. de Domènech Sugra¦es i Gras, 2","43840",,"0143","Tarragona","36","Tarragonès","43905","439057","Salou","00",,"01","Salou","342749.000","4549731.000","1.127901000","41.083640000","e3012022@xtec.cat","0",,"EINF1C",,,,,,,,,,,,,,,,,,,,,,,,,,,,,,,,,"POINT (1127901000 41083640000)"
"2024/2025","2024","43012666","EIC","2","Privat","22","Fundacions","c. Salvador Espriu, s/n","43840",,"0143","Tarragona","36","Tarragonès","43905","439057","Salou","00",,"01","Salou","344606.000","4550695.000","1.149754000","41.092680000","e3012666@xtec.cat","0",,"EINF1C","EINF2C","EPRI","ESO","BATX",,,,,,,,,,,,,,,,,,,,,,,,,,,,,"POINT (1149754000 41092680000)"
"2024/2025","2024","43003185","Escola La Canonja","1","Públic","01","Departament d'Educació i Formació Professional","c. Carrasco i Formiguera, 8","43110","977545627","0143","Tarragona","36","Tarragonès","43907","439076","La Canonja","00",,"01","La Canonja","347645.000","4553641.000","1.185196000","41.119780000","e3003185@xtec.cat","http://blocs.xtec.cat/escolalacanonja/",,,"EINF2C","EPRI",,,,,,,,,,,,,,,,,,,,,,,,,,,,,,,"POINT (1185196000 41119780000)"
"2024/2025","2024","43008237","LLI privada Mare de Déu de l'Esperança","2","Privat","22","Fundacions","c. Major de Masricart, 10","43110","977550550","0143","Tarragona","36","Tarragonès","43907","439076","La Canonja","00",,"01","La Canonja","347501.000","4553525.000","1.183510000","41.118710000","e3008237@xtec.cat","http://www.xtec.cat/centres/e3008237",,"EINF1C",,,,,,,,,,,,,,,,,,,,,,,,,,,,,,,,,"POINT (1183510000 41118710000)"
"2024/2025","2024","43008481","Institut Collblanc","1","Públic","01","Departament d'Educació i Formació Professional","c. Carrasco i Formiguera, 12","43110","977551716","0143","Tarragona","36","Tarragonès","43907","439076","La Canonja","00",,"01","La Canonja","347873.000","4553718.000","1.187883000","41.120510000","e3008481@xtec.cat","http://agora.xtec.cat/iescollblanc",,,,,"ESO","BATX",,"CFPM",,,,,,"PFI",,,,,,,,,,,,,,,,,,,,,"POINT (1187883000 41120510000)"
"2025/2026","2025","43000251","Escola La Portalada","1","Públic","01","Departament d'Educació i Formació Professional","c. Portalada, 7","43893","977650323","0143","Tarragona","36","Tarragonès","43012","430120","Altafulla","00",,"01","Altafulla","363049","4555740","1.368133","41.14142","e3000251@xtec.cat","http://e3000251.wixsite.com/escolalaportalada",,,"EINF2C","EPRI",,,,,,,,,,,,,,,,,,,,,,,,,,,,,,,"POINT (1368133 4114142)"
"2025/2026","2025","43007488","Llar d'infants Francesc Blanch i Ribé","1","Públic","04","Corporacions Locals","c. de la Mainada, s/n","43893","977650008","0143","Tarragona","36","Tarragonès","43012","430120","Altafulla","00",,"01","Altafulla","363535","4555714","1.373927","41.14127","e3007488@xtec.cat","http://www.xtec.cat/centres/e3007488",,"EINF1C",,,,,,,,,,,,,,,,,,,,,,,,,,,,,,,,,"POINT (1373927 4114127)"
"2025/2026","2025","43009977","Institut d'Altafulla","1","Públic","01","Departament d'Educació i Formació Professional","c. Camí de l'Oliverot, s/n","43893","977651662","0143","Tarragona","36","Tarragonès","43012","430120","Altafulla","00",,"01","Altafulla","363940","4556286","1.378628","41.14649","e3009977@xtec.cat","https://agora.xtec.cat/insaltafulla",,,,,"ESO","BATX",,,,,,,,"PFI",,,,,,,,,,,,,,,,,,,,,"POINT (1378628 4114649)"
"2025/2026","2025","43010402","Escola El Roquissar","1","Públic","01","Departament d'Educació i Formació Professional","c. Roquissar, 8","43893","977651969","0143","Tarragona","36","Tarragonès","43012","430120","Altafulla","00",,"01","Altafulla","363778","4556341","1.376687","41.14695","e3010402@xtec.cat","http://agora.xtec.cat/escolaelroquissar/",,,"EINF2C","EPRI",,,,,,,,,,,,,,,,,,,,,,,,,,,,,,,"POINT (1376687 4114695)"
"2025/2026","2025","43011297","Llar d'infants Hort de Pau","1","Públic","04","Corporacions Locals","c. de la Cabana-Sector PP5 l'Hort de Pau","43893",,"0143","Tarragona","36","Tarragonès","43012","430120","Altafulla","00",,"01","Altafulla","363666","4555332","1.375573","41.13785","e3011297@xtec.cat",,,"EINF1C",,,,,,,,,,,,,,,,,,,,,,,,,,,,,,,,,"POINT (1375573 4113785)"
"2025/2026","2025","43011674","Esc. de Música Municipal d'Altafulla","1","Públic","04","Corporacions Locals","c. Sant Antoni Abat, 11-13","43893",,"0143","Tarragona","36","Tarragonès","43012","430120","Altafulla","00",,"01","Altafulla","363639","4555629","1.375191","41.14052","e3011674@xtec.cat",,,,,,,,,,,,,,,,,,,,,,,,,,,,,"MUSE",,,,,,,"POINT (1375191 4114052)"
"2025/2026","2025","43010499","CFA Pau Casals","1","Públic","01","Departament d'Educació i Formació Professional","Trav. Comella Moro, 15 (CP Mas Enric)","43764","977240142","0143","Tarragona","36","Tarragonès","43043","430430","El Catllar","00",,"01","El Catllar","356456.5","4557130","1.289289","41.152","e3010499@xtec.cat",,,,,,,,,,,,,,,,,,,,,,,,,,,,,,,,,,,"ADULTS","POINT (1289289 41152)"
"2025/2026","2025","43011261","Llar d'infants L'Agulla del Catllar","1","Públic","04","Corporacions Locals","c. de França, s/n","43764",,"0143","Tarragona","36","Tarragonès","43043","430430","El Catllar","00",,"01","El Catllar","359487","4559514","1.324847","41.17479","e3011261@xtec.cat",,,"EINF1C",,,,,,,,,,,,,,,,,,,,,,,,,,,,,,,,,"POINT (1324847 4117479)"
"2025/2026","2025","43012745","The British School of Costa Daurada","2","Privat","26","Societats Mercantils","c. del Mas de la Creu, 4","43764",,"0143","Tarragona","36","Tarragonès","43043","430430","El Catllar","00",,"01","El Catllar","358570","4556985","1.314458","41.15192","e3012745@xtec.cat",,,,,,,,,,,,,,,,,,,,,,,,,,,,,,,,,,"ESTR",,"POINT (1314458 4115192)"
"2025/2026","2025","43012812","Institut Escola L'Agulla","1","Públic","01","Departament d'Educació i Formació Professional","av. Catalunya, 3","43764",,"0143","Tarragona","36","Tarragonès","43043","430430","El Catllar","00",,"01","El Catllar","359908","4559551","1.329858","41.1752","e3012812@xtec.cat","http://www.escolalagulla.com",,,"EINF2C","EPRI","ESO",,,,,,,,,,,,,,,,,,,,,,,,,,,,,,"POINT (1329858 411752)"
"2025/2026","2025","43000895","Escola Mossèn Ramon Bergadà","1","Públic","01","Departament d'Educació i Formació Professional","c. Jaume I, s/n","43120","977521790","0143","Tarragona","36","Tarragonès","43047","430477","Constantí","00",,"01","Constantí","350469","4557211","1.217946","41.15244","e3000895@xtec.cat","http://agora.xtec.cat/ceipramonbergada",,,"EINF2C","EPRI",,,,,,,,,,,,,,,,,,,,,,,,,,,,,,,"POINT (1217946 4115244)"
"2025/2026","2025","43000949","Escola agrària Mas Bové","1","Públic","02","Altres Departaments","Mas Bové,ct.Reus-Morell km.4(ap.cor.527)","43120","977343289","0143","Tarragona","36","Tarragonès","43047","430477","Constantí","00",,"01","Constantí","346412","4559239","1.169105","41.16994","e3000949@xtec.cat",,,,,,,,,"CFPM",,,,,,,,,,,,,,,,,,,,,,,,,,,"POINT (1169105 4116994)"
"2025/2026","2025","43005893","Escola Centcelles","1","Públic","01","Departament d'Educació i Formació Professional","c. Joan Maragall, s/n","43120","977520504","0143","Tarragona","36","Tarragonès","43047","430477","Constantí","00",,"01","Constantí","350627","4557368","1.219789","41.15389","e3005893@xtec.cat","http://escolacentcelles.wixsite.com/escola",,,"EINF2C","EPRI",,,,,,,,,,,,,,,,,,,,,,,,,,,,,,,"POINT (1219789 4115389)"
"2025/2026","2025","43007646","Institut de Constantí","1","Públic","01","Departament d'Educació i Formació Professional","c. Onze de Setembre, s/n","43120","977524011","0143","Tarragona","36","Tarragonès","43047","430477","Constantí","00",,"01","Constantí","350453","4557280","1.217742","41.15306","e3007646@xtec.cat","http://agora.xtec.cat/iesconstanti",,,,,"ESO","BATX",,,,,,,,"PFI",,,,,,,,,,,,,,,,,,,,,"POINT (1217742 4115306)"
"2025/2026","2025","43010451","Llar d'infants Gu-gu","1","Públic","04","Corporacions Locals","pl. de les Escoles Velles, s/n","43120","977523214","0143","Tarragona","36","Tarragonès","43047","430477","Constantí","00",,"01","Constantí","350369","4557072","1.216788","41.15117","e3010451@xtec.cat",,,"EINF1C",,,,,,,,,,,,,,,,,,,,,,,,,,,,,,,,,"POINT (1216788 4115117)"
"2025/2026","2025","43005364","Escola Les Eres","1","Públic","01","Departament d'Educació i Formació Professional","c. Onze de Setembre, s/n","43838","977800597","0143","Tarragona","36","Tarragonès","43050","430509","Creixell","00",,"01","Creixell","368876","4558889","1.436865","41.17074","e3005364@xtec.cat","https://agora.xtec.cat/esc-leseresdecreixell/",,,"EINF2C","EPRI",,,,,,,,,,,,,,,,,,,,,,,,,,,,,,,"POINT (1436865 4117074)"
"2025/2026","2025","43009667","Llar d'infants Municipal de Creixell","1","Públic","04","Corporacions Locals","c. Coma, 30","43838","977801265","0143","Tarragona","36","Tarragonès","43050","430509","Creixell","00",,"01","Creixell","369327","4558201","1.442386","41.16462","e3009667@xtec.cat","http://www.xtec.cat/centres/e3009667",,"EINF1C",,,,,,,,,,,,,,,,,,,,,,,,,,,,,,,,,"POINT (1442386 4116462)"
"2025/2026","2025","43011649","Llar d'infants Nova Guarderia","1","Públic","04","Corporacions Locals","c. Onze de Setembre, 4","43838",,"0143","Tarragona","36","Tarragonès","43050","430509","Creixell","00",,"01","Creixell","368850","4558864","1.436562","41.17051","e3011649@xtec.cat",,,"EINF1C",,,,,,,,,,,,,,,,,,,,,,,,,,,,,,,,,"POINT (1436562 4117051)"
"2025/2026","2025","43012241","Escola Bressol L'Estel de Mar","1","Públic","04","Corporacions Locals","c. Vendrell, 7","43838",,"0143","Tarragona","36","Tarragonès","43050","430509","Creixell","00",,"01","Creixell","369293","4558208","1.441982","41.16467","e3012241@xtec.cat","www.esteldemar.com",,"EINF1C",,,,,,,,,,,,,,,,,,,,,,,,,,,,,,,,,"POINT (1441982 4116467)"
"2025/2026","2025","43001735","Escola Ventura Gassol","1","Públic","01","Departament d'Educació i Formació Professional","camí de Reus, 13","43760","977840209","0143","Tarragona","36","Tarragonès","43095","430957","El Morell","00",,"01","El Morell","349442","4561538","1.204652","41.19121","e3001735@xtec.cat","http://escolaventuragassol.blogspot.com.es/",,,"EINF2C","EPRI",,,,,,,,,,,,,,,,,,,,,,,,,,,,,,,"POINT (1204652 4119121)"
"2025/2026","2025","43008407","Institut El Morell","1","Públic","01","Departament d'Educació i Formació Professional","c. César Martinell, 1","43760","977842057","0143","Tarragona","36","Tarragonès","43095","430957","El Morell","00",,"01","El Morell","349238","4561618","1.20219","41.191","e3008407@xtec.cat","http://agora.xtec.cat/institutelmorell",,,,,"ESO","BATX",,,,,,,,,,,,,,,,,,,,,,,,,,,,,"POINT (120219 41191)"
"2025/2026","2025","43009931","Llar d'infants Dolça del Morell","1","Públic","04","Corporacions Locals","pl. de l'Estatut, s/n","43760","977841510","0143","Tarragona","36","Tarragonès","43095","430957","El Morell","00",,"01","El Morell","349519","4561458","1.205586","41.1905","e3009931@xtec.cat","http://www.xtec.cat/centres/e3009931",,"EINF1C",,,,,,,,,,,,,,,,,,,,,,,,,,,,,,,,,"POINT (1205586 411905)"
"2025/2026","2025","43012231","Esc. de Música Municipal El Morell","1","Públic","04","Corporacions Locals","rbla. Maragall, 40","43760",,"0143","Tarragona","36","Tarragonès","43095","430957","El Morell","00",,"01","El Morell","349961","4561436","1.210854","41.19039","e3012231@xtec.cat",,,,,,,,,,,,,,,,,,,,,,,,,,,,,"MUSE",,,,,,,"POINT (1210854 4119039)"
"2025/2026","2025","43005467","Escola Les Codinetes","1","Públic","01","Departament d'Educació i Formació Professional","Raval dels Hostalets, s/n","43763","977655390","0143","Tarragona","36","Tarragonès","43097","430976","La Nou de Gaià","00",,"01","La Nou de Gaià","363746","4560378","1.375411","41.1833","e3005467@xtec.cat","http://agora.xtec.cat/ceiplescodinetes",,"EINF1C","EINF2C","EPRI",,,,,,,,,,,,,,,,,,,,,,,,,,,,,,,"POINT (1375411 411833)"
"2025/2026","2025","43011042","Llar d'infants La Palmera","1","Públic","04","Corporacions Locals","c. Sants Cosme i Damià, 4","43763","977655258","0143","Tarragona","36","Tarragonès","43097","430976","La Nou de Gaià","00",,"01","La Nou de Gaià","363895","4560464","1.377164","41.1841","e3011042@xtec.cat",,,"EINF1C",,,,,,,,,,,,,,,,,,,,,,,,,,,,,,,,,"POINT (1377164 411841)"
"2025/2026","2025","43001826","Escola Sant Sebastià","1","Públic","01","Departament d'Educació i Formació Professional","av. Catalunya, 12","43151","977610539","0143","Tarragona","36","Tarragonès","43100","431009","Els Pallaresos","00",,"05","Els Pallaresos","355271","4559513","1.27461","41.17404","e3001826@xtec.cat","http://agora.xtec.cat/escolasantsebastia",,,"EINF2C","EPRI",,,,,,,,,,,,,,,,,,,,,,,,,,,,,,,"POINT (127461 4117404)"
"2025/2026","2025","43009564","LLI privada Can Petits","2","Privat","27","Societats Civils","c. Tarragona, 6","43151","977610658","0143","Tarragona","36","Tarragonès","43100","431009","Els Pallaresos","00",,"05","Els Pallaresos","355061","4559392","1.272134","41.17292","e3009564@xtec.cat","http://www.xtec.cat/centres/e3009564",,"EINF1C",,,,,,,,,,,,,,,,,,,,,,,,,,,,,,,,,"POINT (1272134 4117292)"
"2025/2026","2025","43010748","Institut Els Pallaresos","1","Públic","01","Departament d'Educació i Formació Professional","av. Catalunya, 12","43151","977627203","0143","Tarragona","36","Tarragonès","43100","431009","Els Pallaresos","00",,"05","Els Pallaresos","355415","4559485","1.276325","41.17382","e3010748@xtec.cat","https://agora.xtec.cat/ieselspallaresos",,,,,"ESO","BATX",,,,,,,,,,,,,,,,,,,,,,,,,,,,,"POINT (1276325 4117382)"
"2025/2026","2025","43012563","Escola Bressol Els Pallaresos","1","Públic","04","Corporacions Locals","c. Gregal, 2-4","43151",,"0143","Tarragona","36","Tarragonès","43100","431009","Els Pallaresos","00",,"05","Els Pallaresos","354808","4558296","1.26938","41.163","e3012563@xtec.cat",,,"EINF1C",,,,,,,,,,,,,,,,,,,,,,,,,,,,,,,,,"POINT (126938 41163)"
"2025/2026","2025","43007476","Llar d'infants Perafort","1","Públic","04","Corporacions Locals","av. de Catalunya, s/n","43152","977610123","0143","Tarragona","36","Tarragonès","43103","431037","Perafort","00",,"01","Perafort","353888","4561361","1.257682","41.19043","e3007476@xtec.cat","http://www.xtec.cat/centres/e3007476",,"EINF1C",,,,,,,,,,,,,,,,,,,,,,,,,,,,,,,,,"POINT (1257682 4119043)"
"2025/2026","2025","43009886","Escola Josep Veciana","1","Públic","01","Departament d'Educació i Formació Professional","av. Catalunya, s/n","43152","977610404","0143","Tarragona","36","Tarragonès","43103","431037","Perafort","00",,"01","Perafort","353849","4561251","1.257245","41.18944","e3009886@xtec.cat","http://agora.xtec.cat/esc-josepveciana/",,,"EINF2C","EPRI",,,,,,,,,,,,,,,,,,,,,,,,,,,,,,,"POINT (1257245 4118944)"
"2025/2026","2025","43005480","Escola Mare de Déu del Lledó","1","Públic","01","Departament d'Educació i Formació Professional","av. Guillem de Montoliu, s/n","43140","977840851","0143","Tarragona","36","Tarragonès","43109","431093","La Pobla de Mafumet","00",,"01","La Pobla de Mafumet","349687","4560647","1.207787","41.18324","e3005480@xtec.cat","https://agora.xtec.cat/escolamarededeudellledo/",,,"EINF2C","EPRI",,,,,,,,,,,,,,,,,,,,,,,,,,,,,,,"POINT (1207787 4118324)"
"2025/2026","2025","43008936","Llar d'infants L'Esquirol","1","Públic","04","Corporacions Locals","c. Marià Fortuny, s/n","43140","977842241","0143","Tarragona","36","Tarragonès","43109","431093","La Pobla de Mafumet","00",,"01","La Pobla de Mafumet","349577","4560975","1.206396","41.18617","e3008936@xtec.cat","http://www.xtec.cat/centres/e3008936",,"EINF1C",,,,,,,,,,,,,,,,,,,,,,,,,,,,,,,,,"POINT (1206396 4118617)"
"2025/2026","2025","43012186","Llar d'infants Nou Esquirol","1","Públic","04","Corporacions Locals","c. Mina de Madró, cantonada Molí Tendre","43140",,"0143","Tarragona","36","Tarragonès","43109","431093","La Pobla de Mafumet","00",,"01","La Pobla de Mafumet","349803","4560825","1.209131","41.1848","e3012186@xtec.cat",,,"EINF1C",,,,,,,,,,,,,,,,,,,,,,,,,,,,,,,,,"POINT (1209131 411848)"
"2025/2026","2025","43012885","CENAFE La Pobla de Mafumet","2","Privat","41","Persones Físiques","av. Generalitat, 20","43140",,"0143","Tarragona","36","Tarragonès","43109","431093","La Pobla de Mafumet","00",,"01","La Pobla de Mafumet","349780","4561096","1.208784","41.18729","e3012885@xtec.cat",,,,,,,,,,,,,,,,,,,,,,,,,,,,,,,,"TEGM","TEGS",,,"POINT (1208784 4118729)"
"2025/2026","2025","43005145","Escola Els Ametllers","1","Públic","01","Departament d'Educació i Formació Professional","pg. de l'Estació, 2","43761","977648259","0143","Tarragona","36","Tarragonès","43111","431114","La Pobla de Montornès","00",,"01","La Pobla de Montornès","367088","4560010","1.415319","41.18054","e3005145@xtec.cat","http://agora.xtec.cat/ceipelsametllers",,,"EINF2C","EPRI",,,,,,,,,,,,,,,,,,,,,,,,,,,,,,,"POINT (1415319 4118054)"
"2025/2026","2025","43010271","Llar d'infants Sol Solet","1","Públic","04","Corporacions Locals","av. de Catalunya, 1-3","43761","977648700","0143","Tarragona","36","Tarragonès","43111","431114","La Pobla de Montornès","00",,"01","La Pobla de Montornès","367098","4559734","1.415497","41.17806","e3010271@xtec.cat","http://www.xtec.cat/centres/e3010271",,"EINF1C",,,,,,,,,,,,,,,,,,,,,,,,,,,,,,,,,"POINT (1415497 4117806)"
"2025/2026","2025","43005157","Escola Montoliu","1","Públic","01","Departament d'Educació i Formació Professional","c. Sant Jordi, s/n","43762","977655539","0143","Tarragona","36","Tarragonès","43126","431264","La Riera de Gaià","00",,"02","La Riera de Gaià","362146.3","4558801.7","1.356696","41.16884","e3005157@xtec.cat","www.montoliuescola.cat",,"EINF1C","EINF2C","EPRI",,,,,,,,,,,,,,,,,,,,,,,,,,,,,,,"POINT (1356696 4116884)"
"2025/2026","2025","43010049","Llar d'infants Les Monges","1","Públic","04","Corporacions Locals","c. Doctor Pittaluga, 2","43762","977655715","0143","Tarragona","36","Tarragonès","43126","431264","La Riera de Gaià","00",,"02","La Riera de Gaià","362554","4558281","1.361676","41.16422","e3010049@xtec.cat","http://www.xtec.cat/centres/e3010049",,"EINF1C",,,,,,,,,,,,,,,,,,,,,,,,,,,,,,,,,"POINT (1361676 4116422)"
"2025/2026","2025","43002776","Escola Salvador Espriu","1","Públic","01","Departament d'Educació i Formació Professional","c. de la Font, 3","43883","977809924","0143","Tarragona","36","Tarragonès","43131","431310","Roda de Berà","00",,"01","Roda de Berà","370155","4560333","1.4518","41.1839","e3002776@xtec.cat","https://agora.xtec.cat/ceip-salvador-espriu-roda/",,,"EINF2C","EPRI",,,,,,,,,,,,,,,,,,,,,,,,,,,,,,,"POINT (14518 411839)"
"2025/2026","2025","43009928","Llar d'infants Els Petitons","1","Públic","04","Corporacions Locals","c. de la Reina Sofía, 17","43883","977657009","0143","Tarragona","36","Tarragonès","43131","431310","Roda de Berà","00",,"01","Roda de Berà","370699","4560339","1.458288","41.18408","e3009928@xtec.cat","http://www.xtec.cat/centres/e3009928",,"EINF1C",,,,,,,,,,,,,,,,,,,,,,,,,,,,,,,,,"POINT (1458288 4118408)"
"2025/2026","2025","43011194","Escola El Cucurull","1","Públic","01","Departament d'Educació i Formació Professional","c. Joan Carles I, 17","43883","977657190","0143","Tarragona","36","Tarragonès","43131","431310","Roda de Berà","00",,"01","Roda de Berà","370764","4560562","1.459019","41.18611","e3011194@xtec.cat","https://agora.xtec.cat/ceipelcucurull/",,,"EINF2C","EPRI",,,,,,,,,,,,,,,,,,,,,,,,,,,,,,,"POINT (1459019 4118611)"
"2025/2026","2025","43011418","Institut Roda de Berà","1","Públic","01","Departament d'Educació i Formació Professional","c. de la Font, 3","43883","977657505","0143","Tarragona","36","Tarragonès","43131","431310","Roda de Berà","00",,"01","Roda de Berà","370169","4560293","1.451985","41.18359","e3011418@xtec.cat","http://insrdb.cat",,,,,"ESO",,,,,,,,,,,,,,,,,,,,,,,,,,,,,,"POINT (1451985 4118359)"
"2025/2026","2025","43005662","Escola Josep Nin","1","Públic","01","Departament d'Educació i Formació Professional","c. Raval de cal Toni, 9","43885","977629085","0143","Tarragona","36","Tarragonès","43135","431359","Salomó","00",,"01","Salomó","363531","4565313","1.371742","41.2277","e3005662@xtec.cat","http://blocs.xtec.cat/escolajosepnin/",,"EINF1C","EINF2C","EPRI",,,,,,,,,,,,,,,,,,,,,,,,,,,,,,,"POINT (1371742 412277)"
"2025/2026","2025","43012678","Llar d'infants El Til·ler","1","Públic","04","Corporacions Locals","av. Catalunya, 2","43885",,"0143","Tarragona","36","Tarragonès","43135","431359","Salomó","00",,"01","Salomó","363785","4565460","1.374739","41.229","e3012678@xtec.cat",,,"EINF1C",,,,,,,,,,,,,,,,,,,,,,,,,,,,,,,,,"POINT (1374739 41229)"
"2025/2026","2025","43003082","Escola Guillem de Claramunt","1","Públic","01","Departament d'Educació i Formació Professional","c. Ctra. de Vallmoll, s/n","43765","977611421","0143","Tarragona","36","Tarragonès","43144","431444","La Secuita","00",,"04","La Secuita","355604","4562718","1.277817","41.20296","e3003082@xtec.cat","http://blocs.xtec.cat/lasecuita",,,"EINF2C","EPRI",,,,,,,,,,,,,,,,,,,,,,,,,,,,,,,"POINT (1277817 4120296)"
"2025/2026","2025","43012770","Escola Bressol Municipal els Guillemets","1","Públic","04","Corporacions Locals","ctra. de Vallmoll, s/n","43765",,"0143","Tarragona","36","Tarragonès","43144","431444","La Secuita","00",,"04","La Secuita","355604","4562720","1.277816","41.20298","e3012770@xtec.cat",,,"EINF1C",,,,,,,,,,,,,,,,,,,,,,,,,,,,,,,,,"POINT (1277816 4120298)"
"2025/2026","2025","43003136","Escola Bonavista","1","Públic","01","Departament d'Educació i Formació Professional","c. 21, s/n","43100","977546289","0143","Tarragona","36","Tarragonès","43148","431482","Tarragona","00",,"01","Bonavista","348362","4554005","1.193639","41.1231","e3003136@xtec.cat","http://blocs.xtec.cat/ceipbonavista/",,,"EINF2C","EPRI",,,,,,,,,,,,,,,,,,,,,,,,,,,,,,,"POINT (1193639 411231)"
"2025/2026","2025","43003151","Joan XXIII","2","Privat","22","Fundacions","c. Catorze, s/n","43100","977542807","0143","Tarragona","36","Tarragonès","43148","431482","Tarragona","00",,"01","Bonavista","352156","4554005","1.238812","41.12389","e3003151@xtec.cat","http://www.escolajoan23.com",,"EINF1C","EINF2C","EPRI","ESO","BATX",,"CFPM",,,"CFPS",,,,,,,,,,,,,,,,,,,,,,,,"POINT (1238812 4112389)"
"2025/2026","2025","43003227","Escola Sant Salvador","1","Públic","01","Departament d'Educació i Formació Professional","av. de Sant Salvador, 13","43130","977520970","0143","Tarragona","36","Tarragonès","43148","431482","Tarragona","00",,"11","Sant Salvador","352445","4558107","1.241263","41.16087","e3003227@xtec.cat","http://agora.xtec.cat/ceipsantsalvador-tarragona/",,,"EINF2C","EPRI",,,,,,,,,,,,,,,,,,,,,,,,,,,,,,,"POINT (1241263 4116087)"
"2025/2026","2025","43003306","Escola Serrallo","1","Públic","01","Departament d'Educació i Formació Professional","c. Xavier Montsalvatge, 8","43004","977228876","0143","Tarragona","36","Tarragonès","43148","431482","Tarragona","00",,"13","Tarragona","352220","4552615","1.239906","41.11138","e3003306@xtec.cat","http://www.xtec.cat/ceipserrallo",,,"EINF2C","EPRI",,,,,,,,,,,,,,,,,,,,,,,,,,,,,,,"POINT (1239906 4111138)"
"2025/2026","2025","43003321","Escola Sant Pere i Sant Pau","1","Públic","01","Departament d'Educació i Formació Professional","Urb. Sant Pere i Sant Pau, s/n","43007","977201227","0143","Tarragona","36","Tarragonès","43148","431482","Tarragona","00",,"13","Tarragona","353341","4555466","1.252574","41.13726","e3003321@xtec.cat","http://agora.xtec.cat/ceip-santperesantpau/",,,"EINF2C","EPRI",,,,,,,,,,,,,,,,,,,,,,,,,,,,,,,"POINT (1252574 4113726)"
"2025/2026","2025","43003410","Joan Roig","2","Privat","26","Societats Mercantils","c. Cristòfor Colom, 9","43001","977240223","0143","Tarragona","36","Tarragonès","43148","431482","Tarragona","00",,"13","Tarragona","352936","4553144","1.248307","41.11628","e3003410@xtec.cat","http://agora.xtec.cat/escolajoanroig/",,"EINF1C","EINF2C","EPRI","ESO",,,"CFPM",,,"CFPS",,,,,,,,,,,,,,,,,,,,,,,,"POINT (1248307 4111628)"
"2025/2026","2025","43003461","Tic-Tac","2","Privat","24","Ordes i Congregacions Catòlics","av. Lluís Companys, 12","43005","977214288","0143","Tarragona","36","Tarragonès","43148","431482","Tarragona","00",,"13","Tarragona","352421","4553598","1.242067","41.12027","e3003461@xtec.cat","http://www.tictac.lasalle.cat/",,"EINF1C","EINF2C",,,,,,,,,,,,,,,,,,,,,,,,,,,,,,,,"POINT (1242067 4112027)"
"2025/2026","2025","43003483","Lestonnac-l'Ensenyança","2","Privat","24","Ordes i Congregacions Catòlics","c. de l'Arc de Sant Llorenç, 2","43003","977232519","0143","Tarragona","36","Tarragonès","43148","431482","Tarragona","00",,"13","Tarragona","353866","4553483","1.259294","41.1195","e3003483@xtec.cat","http://lestonnactarragona.org",,"EINF1C","EINF2C","EPRI","ESO","BATX",,,,,"CFPS",,,,,,,,,,,,,,,,,,,,,,,,"POINT (1259294 411195)"
"2025/2026","2025","43003495","Mare de Déu del Carme","2","Privat","24","Ordes i Congregacions Catòlics","av. Estanislau Figueres, 31","43002","977220105","0143","Tarragona","36","Tarragonès","43148","431482","Tarragona","00",,"13","Tarragona","353024","4553375","1.249296","41.11837","e3003495@xtec.cat","http://www.carmelites.cat",,"EINF1C","EINF2C","EPRI","ESO","BATX",,"CFPM",,,,,,,,,,,,,,,,,,,,,,,,,,,"POINT (1249296 4111837)"
"2025/2026","2025","43003501","El Carme","2","Privat","22","Fundacions","c. del Mar, 17","43004","977212752","0143","Tarragona","36","Tarragonès","43148","431482","Tarragona","00",,"13","Tarragona","352827","4552512","1.247161","41.11057","e3003501@xtec.cat","http://www.elcarmetarragona.cat",,,"EINF2C","EPRI","ESO",,,,,,,,,,,,,,,,,,,,,,,,,,,,,,"POINT (1247161 4111057)"
"2025/2026","2025","43003525","Dominiques Tarragona","2","Privat","22","Fundacions","c. Rovira i Virgili, 16","43002","977216151","0143","Tarragona","36","Tarragonès","43148","431482","Tarragona","00",,"13","Tarragona","353130","4553443","1.250545","41.119","e3003525@xtec.cat","http://www.dominiques.cat",,"EINF1C","EINF2C","EPRI","ESO",,,,,,,,,,,,,,,,,,,,,,,,,,,,,,"POINT (1250545 41119)"
"2025/2026","2025","43003537","La Salle","2","Privat","24","Ordes i Congregacions Catòlics","av. Països Catalans, s/n","43007","977218600","0143","Tarragona","36","Tarragonès","43148","431482","Tarragona","00",,"13","Tarragona","352704","4555067","1.245081","41.13355","e3003537@xtec.cat","https://tarragona.lasalle.cat/",,,"EINF2C","EPRI","ESO","BATX",,,,,"CFPS",,,,,,,,,,,,,,,,,,,,,,,,"POINT (1245081 4113355)"
"2025/2026","2025","43003549","Vedruna Tarragona","2","Privat","22","Fundacions","c. Santa Joaquima de Vedruna, 10","43002","977217979","0143","Tarragona","36","Tarragonès","43148","431482","Tarragona","00",,"13","Tarragona","352956","4553637","1.248423","41.12072","e3003549@xtec.cat","http://www.sagratcor.cat",,"EINF1C","EINF2C","EPRI","ESO","BATX",,,,,,,,,,,,,,,,,,,,,,,,,"TEGM","TEGS",,,"POINT (1248423 4112072)"
"2025/2026","2025","43003550","Santa Teresa de Jesús","2","Privat","22","Fundacions","rbla. Nova, 79","43003","977248800","0143","Tarragona","36","Tarragonès","43148","431482","Tarragona","00",,"13","Tarragona","353201","4553156","1.25146","41.11643","e3003550@xtec.cat","http://tarragona.escolateresiana.com",,,"EINF2C","EPRI","ESO","BATX",,,,,,,,,,,,,,,,,,,,,,,,,,,,,"POINT (125146 4111643)"
"2025/2026","2025","43003586","Sant Pau Apòstol","2","Privat","22","Fundacions","pg. Torroja, 1","43007","977224314","0143","Tarragona","36","Tarragonès","43148","431482","Tarragona","00",,"13","Tarragona","353732","4553696","1.257658","41.12139","e3003586@xtec.cat","http://www.colsantpau.com",,"EINF1C","EINF2C","EPRI","ESO","BATX",,,,,,,,,,,,,,,,,,,,,,,,,,,,,"POINT (1257658 4112139)"
"2025/2026","2025","43003616","CEE San Rafael","1","Públic","04","Corporacions Locals","ctra. de Valls, 45","43007","977211758","0143","Tarragona","36","Tarragonès","43148","431482","Tarragona","00",,"13","Tarragona","352419","4554433","1.241841","41.1277","e3003616@xtec.cat",,,,,,,,,,,,,"EE",,,,,,,,,,,,,,,,,,,,,,,"POINT (1241841 411277)"
"2025/2026","2025","43003631","Estela","2","Privat","22","Fundacions","ctra. de Valls, s/n (Zona Educacional)","43007","977216316","0143","Tarragona","36","Tarragonès","43148","431482","Tarragona","00",,"13","Tarragona","352350","4554857","1.240923","41.1316","e3003631@xtec.cat",,,,,,,,,,,,,"EE",,,,,,,,,,,,,,,,,,,,,,"ADULTS","POINT (1240923 411316)"
"2025/2026","2025","43003641","Institut Antoni de Martí i Franquès","1","Públic","01","Departament d'Educació i Formació Professional","c. Enric d'Ossó, 3","43005","977240214","0143","Tarragona","36","Tarragonès","43148","431482","Tarragona","00",,"13","Tarragona","352359","4553477","1.241352","41.11917","e3003641@xtec.cat","http://www.institutmartifranques.com/",,,,,"ESO","BATX",,,,,,,,,,,,,,,"ESCS",,,,,,,,,,,,,,"POINT (1241352 4111917)"
"2025/2026","2025","43003653","Institut Comte de Rius","1","Públic","01","Departament d'Educació i Formació Professional","ctra. de Valls, s/n (Zona Educacional)","43007","977241384","0143","Tarragona","36","Tarragonès","43148","431482","Tarragona","00",,"13","Tarragona","352693","4555082","1.244945","41.13368","e3003653@xtec.cat","http://www.comtederius.cat",,,,,,"BATX",,"CFPM",,,"CFPS",,,,,,,,,,,,,,,,,,,,,,,,"POINT (1244945 4113368)"
"2025/2026","2025","43003690","Escola de Pràctiques","1","Públic","01","Departament d'Educació i Formació Professional","ctra. Valls, s/n(Zona Educacional)","43007","977217711","0143","Tarragona","36","Tarragonès","43148","431482","Tarragona","00",,"13","Tarragona","352413","4554889","1.241658","41.13189","e3003690@xtec.cat","https://agora.xtec.cat/ceip-practiques-tarragona/",,,"EINF2C","EPRI",,,,,,,,,,,,,,,,,,,,,,,,,,,,,,,"POINT (1241658 4113189)"
"2025/2026","2025","43003707","Mare Nostrum","2","Privat","26","Societats Mercantils","Camí Nou de la Budellera, s/n","43007","977290613","0143","Tarragona","36","Tarragonès","43148","431482","Tarragona","00",,"13","Tarragona","355920","4554321","1.283554","41.12741","e3003707@xtec.cat","http://www.cole-marenostrum.com",,,"EINF2C","EPRI","ESO",,,,,,,,,,,,,,,,,,,,,,,,,,,,,,"POINT (1283554 4112741)"
"2025/2026","2025","43003719","Espallargas","2","Privat","26","Societats Mercantils","c. Castellers, 1-3-5-7-9","43002","977230751","0143","Tarragona","36","Tarragonès","43148","431482","Tarragona","00",,"13","Tarragona","353258","4553689","1.252015","41.12124","e3003719@xtec.cat","http://www.escolaespallargas.com",,,,,,,,"CFPM",,,"CFPS",,,"PFI",,,,,,,,,,,,,,,,,,,,,"POINT (1252015 4112124)"
"2025/2026","2025","43003720","Escola El Miracle","1","Públic","01","Departament d'Educació i Formació Professional","pl. del Cardenal Arce Ochotorena, s/n","43003","977239922","0143","Tarragona","36","Tarragonès","43148","431482","Tarragona","00",,"13","Tarragona","353913","4552976","1.259978","41.11494","e3003720@xtec.cat","http://blocs.xtec.cat/elmiracle/",,,"EINF2C","EPRI",,,,,,,,,,,,,,,,,,,,,,,,,,,,,,,"POINT (1259978 4111494)"
"2025/2026","2025","43003732","Institut Pons d'Icart","1","Públic","01","Departament d'Educació i Formació Professional","Rambla Vella, 30 B","43003","977237927","0143","Tarragona","36","Tarragonès","43148","431482","Tarragona","00",,"13","Tarragona","353322","4553245","1.25288","41.1172","e3003732@xtec.cat","http://www.instiutponsdicart.cat",,,,,"ESO","BATX",,,,,,,,,,,,,,,,,,,,,,,,,,,,,"POINT (125288 411172)"
"2025/2026","2025","43003756","Escola Torreforta","1","Públic","01","Departament d'Educació i Formació Professional","c. Tortosa, 49","43006","977543408","0143","Tarragona","36","Tarragonès","43148","431482","Tarragona","00",,"14","Torreforta","350331","4553678","1.217168","41.1206","e3003756@xtec.cat","http://agora.xtec.cat/escola-torreforta/",,,"EINF2C","EPRI",,,,,,,,,,,,,,,,,,,,,,,,,,,,,,,"POINT (1217168 411206)"
"2025/2026","2025","43003768","Escola Els Àngels","1","Públic","01","Departament d'Educació i Formació Professional","c. Menorca, 24","43006","977596429","0143","Tarragona","36","Tarragonès","43148","431482","Tarragona","00",,"14","Torreforta","349915","4553806","1.212182","41.12168","e3003768@xtec.cat","http://www.escolaelsangels.cat",,,"EINF2C","EPRI",,,,,,,,,,,,,,,,,,,,,,,,,,,,,,,"POINT (1212182 4112168)"
"2025/2026","2025","43003793","La Salle Torreforta","2","Privat","24","Ordes i Congregacions Catòlics","c. Sant Benilde, 15","43006","977543209","0143","Tarragona","36","Tarragonès","43148","431482","Tarragona","00",,"14","Torreforta","349984","4553600","1.213055","41.11984","e3003793@xtec.cat","http://www.torreforta.lasalle.cat/",,,"EINF2C","EPRI","ESO",,,"CFPM",,,,,,,,,,,,,,,,,,,,,,,,,,,"POINT (1213055 4111984)"
"2025/2026","2025","43005169","Escola Pau Delclòs","1","Públic","01","Departament d'Educació i Formació Professional","c. Méndez Núñez, 14","43004","977234316","0143","Tarragona","36","Tarragonès","43148","431482","Tarragona","00",,"13","Tarragona","353290","4552921","1.252575","41.11433","e3005169@xtec.cat","http://escolapaudelclos@xtec.cat",,,"EINF2C","EPRI",,,,,,,,,,,,,,,,,,,,,,,,,,,,,,,"POINT (1252575 4111433)"
"2025/2026","2025","43005170","Escola La Floresta","1","Públic","01","Departament d'Educació i Formació Professional","Urbanització la Floresta","43006","977547807","0143","Tarragona","36","Tarragonès","43148","431482","Tarragona","00",,"14","Torreforta","350037","4554243","1.213524","41.12564","e3005170@xtec.cat","http://agora.xtec.cat/esc-lafloresta/",,,"EINF2C","EPRI",,,,,,,,,,,,,,,,,,,,,,,,,,,,,,,"POINT (1213524 4112564)"
"2025/2026","2025","43005686","Escola Riu Clar","1","Públic","01","Departament d'Educació i Formació Professional","Urbanització Riu Clar, s/n","43006","977548109","0143","Tarragona","36","Tarragonès","43148","431482","Tarragona","00",,"14","Torreforta","351015","4553592","1.225327","41.11996","e3005686@xtec.cat","https://agora.xtec.cat/ceip-rct/",,,"EINF2C","EPRI",,,,,,,,,,,,,,,,,,,,,,,,,,,,,,,"POINT (1225327 4111996)"
"2025/2026","2025","43005704","Institut Francesc Vidal i Barraquer","1","Públic","01","Departament d'Educació i Formació Professional","av. Lluís Companys, 1","43005","977212836","0143","Tarragona","36","Tarragonès","43148","431482","Tarragona","00",,"13","Tarragona","352583","4553562","1.244006","41.11998","e3005704@xtec.cat","https://www.vidalibarraquer.net/",,,,,"ESO","BATX",,"CFPM",,,"CFPS",,,,,,,,,,,,,,,,,,,,,,,,"POINT (1244006 4111998)"
"2025/2026","2025","43005731","La Muntanyeta","2","Privat","22","Fundacions","c.Muntanyeta S.Pere/ctra. Pallaresos Km1","43007","977217604","0143","Tarragona","36","Tarragonès","43148","431482","Tarragona","00",,"13","Tarragona","353208","4554896","1.251126","41.1321","e3005731@xtec.cat",,,,,,,,,,,,,"EE",,,,,,,,,,,,,,,,,,,,,,,"POINT (1251126 411321)"
"2025/2026","2025","43005911","Escola Campclar","1","Públic","01","Departament d'Educació i Formació Professional","Urbanització Verge del Pilar, s/n","43006","977548280","0143","Tarragona","36","Tarragonès","43148","431482","Tarragona","00",,"14","Torreforta","349858","4553178","1.211658","41.116","e3005911@xtec.cat","http://www.xtec.cat/ceip-campclar",,,"EINF2C","EPRI",,,,,,,,,,,,,,,,,,,,,,,,,,,,,,,"POINT (1211658 41116)"
"2025/2026","2025","43005959","Escola Cèsar August","1","Públic","01","Departament d'Educació i Formació Professional","c. Joan Bta. Plana, 9","43005","977230352","0143","Tarragona","36","Tarragonès","43148","431482","Tarragona","00",,"13","Tarragona","352071","4553661","1.237886","41.12078","e3005959@xtec.cat","http://agora.xtec.cat/ceipcesaraugust/",,,"EINF2C","EPRI",,,,,,,,,,,,,,,,,,,,,,,,,,,,,,,"POINT (1237886 4112078)"
"2025/2026","2025","43006125","Institut Campclar","1","Públic","01","Departament d'Educació i Formació Professional","Rambla de Ponent, 66","43006","977541007","0143","Tarragona","36","Tarragonès","43148","431482","Tarragona","00",,"13","Tarragona","349824","4554058","1.211034","41.1239","e3006125@xtec.cat","http://www.inscampclar.cat",,,,,"ESO","BATX",,"CFPM",,,,,,"PFI",,,,,,,,,,,,,,,,,,,,,"POINT (1211034 411239)"
"2025/2026","2025","43006162","Solc","2","Privat","21","Cooperatives","c. Apodaca, 3","43004","977554375","0143","Tarragona","36","Tarragonès","43148","431482","Tarragona","00",,"13","Tarragona","353131","4552761","1.250715","41.11286","e3006162@xtec.cat","https://sites.google.com/view/ceepsirsolc/home",,,,,,,,,,,,"EE",,,,,,,,,,,,,,,,,,,,,,,"POINT (1250715 4111286)"
"2025/2026","2025","43006253","EASD de Tarragona","1","Públic","04","Corporacions Locals","ctra.de Valls, s/n,Zona Educacional","43007","977211253","0143","Tarragona","36","Tarragonès","43148","431482","Tarragona","00",,"13","Tarragona","352436","4554860","1.241948","41.13163","e3006253@xtec.cat","http://www.dipta.cat/eadt",,,,,,,,,,,,,,,,,,"CFAS","ESDI",,,,,,,,,,,,,,,,"POINT (1241948 4113163)"
"2025/2026","2025","43006265","Escola de Dansa Artemis","2","Privat","41","Persones Físiques","ptge. Cobos, 5-7","43001","977218626","0143","Tarragona","36","Tarragonès","43148","431482","Tarragona","00",,"13","Tarragona","350809","4552867","1.22305","41.1134","e3006265@xtec.cat",,,,,,,,,,,,,,,,,,,,,,,,,,"DANE",,,,,,,,,,"POINT (122305 411134)"
"2025/2026","2025","43006277","Cons. de Música de Tarragona","1","Públic","04","Corporacions Locals","c. Cavallers, 10","43003","977235830","0143","Tarragona","36","Tarragonès","43148","431482","Tarragona","00",,"13","Tarragona","353577","4553290","1.255909","41.11771","e3006277@xtec.cat","https://www.dipta.cat/cmtarragona",,,,,,,,,,,,,,,,,,,,,,,,,,,,,"MUSP",,,,,,"POINT (1255909 4111771)"
"2025/2026","2025","43006563","Escola Marcel·lí Domingo","1","Públic","01","Departament d'Educació i Formació Professional","ctra. Pallaresos (Ub. S. Pere i S.Pau)","43007","977225465","0143","Tarragona","36","Tarragonès","43148","431482","Tarragona","00",,"13","Tarragona","352916","4555669","1.247461","41.13901","e3006563@xtec.cat","http://blocs.xtec.cat/escolamdomingo",,,"EINF2C","EPRI",,,,,,,,,,,,,,,,,,,,,,,,,,,,,,,"POINT (1247461 4113901)"
"2025/2026","2025","43006630","Institut Pere Martell","1","Públic","01","Departament d'Educació i Formació Professional","Autovia de Salou, s/n","43006","977556338","0143","Tarragona","36","Tarragonès","43148","431482","Tarragona","00",,"13","Tarragona","348824","4551750","1.1997","41.10297","e3006630@xtec.cat","http://www.institutperemartell.cat",,,,,,"BATX",,"CFPM",,,"CFPS",,,"PFI",,,,,,,,,,,,,,,,,,,,,"POINT (11997 4110297)"
"2025/2026","2025","43006940","EOI de Tarragona","1","Públic","01","Departament d'Educació i Formació Professional","C. Smith, 55","43001","977226936","0143","Tarragona","36","Tarragonès","43148","431482","Tarragona","00",,"13","Tarragona","352705","4552667","1.24567","41.11194","e3006940@xtec.cat",,,,,,,,,,,,,,,,,,,,,,,,,"IDI",,,,,,,,,,,"POINT (124567 4111194)"
"2025/2026","2025","43007051","CFA Josepa Massanés i Dalmau","1","Públic","01","Departament d'Educació i Formació Professional","c. Fra Antoni Cardona i Grau, s/n","43002","977237860","0143","Tarragona","36","Tarragonès","43148","431482","Tarragona","00",,"13","Tarragona","353472","4553799","1.254537","41.12227","e3007051@xtec.cat",,,,,,,,,,,,,,,,,,,,,,,,,,,,,,,,,,,"ADULTS","POINT (1254537 4112227)"
"2025/2026","2025","43007117","Escola Pax","1","Públic","01","Departament d'Educació i Formació Professional","av. Josep Gramunt i Subiela, 55-57","43007","977217757","0143","Tarragona","36","Tarragonès","43148","431482","Tarragona","00",,"13","Tarragona","352969","4554166","1.248459","41.12548","e3007117@xtec.cat","http://agora.xtec.cat/ceippax/",,,"EINF2C","EPRI",,,,,,,,,,,,,,,,,,,,,,,,,,,,,,,"POINT (1248459 4112548)"
"2025/2026","2025","43007713","Llar d'infants El Ninot","1","Públic","04","Corporacions Locals","c. Riu Onyar, s/n (Campclar)","43006","977550230","0143","Tarragona","36","Tarragonès","43148","431482","Tarragona","00",,"14","Torreforta","349607","4553167","1.208669","41.11587","e3007713@xtec.cat","https://blocs.xtec.cat/llardinfantsmunicipalelninot/",,"EINF1C",,,,,,,,,,,,,,,,,,,,,,,,,,,,,,,,,"POINT (1208669 4111587)"
"2025/2026","2025","43007725","Llar d'infants La Taronja","1","Públic","04","Corporacions Locals","c. Riu Llobregat, s/n (Campclar)","43006","977550220","0143","Tarragona","36","Tarragonès","43148","431482","Tarragona","00",,"14","Torreforta","348880","4553180","1.200011","41.11586","e3007725@xtec.cat","http://www.xtec.cat/centres/e3007725",,"EINF1C",,,,,,,,,,,,,,,,,,,,,,,,,,,,,,,,,"POINT (1200011 4111586)"
"2025/2026","2025","43007853","Llar d'infants La Baldufa","1","Públic","01","Departament d'Educació i Formació Professional","ctra. de València, s/n(barri del Pilar)","43006","977540609","0143","Tarragona","36","Tarragonès","43148","431482","Tarragona","00",,"13","Tarragona","349968","4553177","1.212958","41.11603","e3007853@xtec.cat","http://llarinfantslabaldufa.blogspot.com",,"EINF1C",,,,,,,,,,,,,,,,,,,,,,,,,,,,,,,,,"POINT (1212958 4111603)"
"2025/2026","2025","43007981","Bao Bab","2","Privat","21","Cooperatives","Via Augusta, 34","43003","977238832","0143","Tarragona","36","Tarragonès","43148","431482","Tarragona","00",,"13","Tarragona","354019","4553149","1.261204","41.11651","e3007981@xtec.cat","http://www.xtec.cat/centres/e3007981",,"EINF1C",,,,,,,,,,,,,,,,,,,,,,,,,,,,,,,,,"POINT (1261204 4111651)"
"2025/2026","2025","43008390","Institut Torreforta","1","Públic","01","Departament d'Educació i Formació Professional","c. Móra d'Ebre, s/n","43006","977545721","0143","Tarragona","36","Tarragonès","43148","431482","Tarragona","00",,"13","Tarragona","350221","4553930","1.215789","41.12286","e3008390@xtec.cat","https://agora.xtec.cat/instorreforta",,,,,"ESO","BATX",,,,,,,,,,,,,,,,,,,,,,,,,,,,,"POINT (1215789 4112286)"
"2025/2026","2025","43008432","Institut Sant Pere i Sant Pau","1","Públic","01","Departament d'Educació i Formació Professional","c. de l'Institut, s/n","43007","977213248","0143","Tarragona","36","Tarragonès","43148","431482","Tarragona","00",,"10","Sant Pere i Sant Pau","352899","4555748","1.247248","41.1397","e3008432@xtec.cat","http://www.xtec.cat/iesspsp",,,,,"ESO","BATX",,,,,,,,,,,,,,,,,,,,,,,,,,,,,"POINT (1247248 411397)"
"2025/2026","2025","43008501","Institut Pont del Diable","1","Públic","01","Departament d'Educació i Formació Professional","av. de Sant Salvador, 17-A","43130","977523011","0143","Tarragona","36","Tarragonès","43148","431482","Tarragona","00",,"11","Sant Salvador","352436","4557816","1.241227","41.15825","e3008501@xtec.cat","http://www.institutpontdeldiable.cat",,,,,"ESO",,,"CFPM",,,,,,,,,,,,,,,,,,,,,,,,,,,"POINT (1241227 4115825)"
"2025/2026","2025","43008560","Àngel de la Guarda","2","Privat","27","Societats Civils","c. Prat de la Riba, 18","43001","977221322","0143","Tarragona","36","Tarragonès","43148","431482","Tarragona","00",,"13","Tarragona","352796","4553109","1.246647","41.1159","e3008560@xtec.cat","http://www.xtec.cat/centres/e3008560",,"EINF1C",,,,,,,,,,,,,,,,,,,,,,,,,,,,,,,,,"POINT (1246647 411159)"
"2025/2026","2025","43008687","LLI privada Yo-Ni","2","Privat","26","Societats Mercantils","c. Rovira i Virgili, 54","43007","977220625","0143","Tarragona","36","Tarragonès","43148","431482","Tarragona","00",,"13","Tarragona","353311","4553992","1.252566","41.12398","e3008687@xtec.cat","http://www.xtec.cat/centres/e3008687",,"EINF1C",,,,,,,,,,,,,,,,,,,,,,,,,,,,,,,,,"POINT (1252566 4112398)"
"2025/2026","2025","43008729","CFA Tarragona","1","Públic","01","Departament d'Educació i Formació Professional","Perllongació carrer B,s/n(Barri Riu Clar","43006","977551888","0143","Tarragona","36","Tarragonès","43148","431482","Tarragona","00",,"13","Tarragona","350729","4553583","1.221924","41.11983","e3008729@xtec.cat","http://agora.xtec.cat/cfatarragona",,,,,,,,,,,,,,,,,,,,,,,,,,,,,,,,,,"ADULTS","POINT (1221924 4111983)"
"2025/2026","2025","43008766","Esc. de Música Municipal","1","Públic","04","Corporacions Locals","c. Armanyà, 10","43003","977245236","0143","Tarragona","36","Tarragonès","43148","431482","Tarragona","00",,"13","Tarragona","353334","4552914","1.253097","41.11428","e3008766@xtec.cat",,,,,,,,,,,,,,,,,,,,,,,,,,,,,"MUSE",,,,,,,"POINT (1253097 4111428)"
"2025/2026","2025","43008778","CFA Fòrum","1","Públic","04","Corporacions Locals","av. Ramon i Cajal, 70","43001","977242833","0143","Tarragona","36","Tarragonès","43148","431482","Tarragona","00",,"13","Tarragona","352405","4553119","1.242008","41.11599","e3008778@xtec.cat",,,,,,,,,,,,,,,,,,,,,,,,,,,,,,,,,,,"ADULTS","POINT (1242008 4111599)"
"2025/2026","2025","43008791","Esc. de Música de la Diputació de Tarragona","1","Públic","04","Corporacions Locals","c. Cavallers, 10","43003","977235830","0143","Tarragona","36","Tarragonès","43148","431482","Tarragona","00",,"13","Tarragona","353579","4553290","1.255924","41.1177","e3008791@xtec.cat",,,,,,,,,,,,,,,,,,,,,,,,,,,,,"MUSE",,,,,,,"POINT (1255924 411177)"
"2025/2026","2025","43009175","L'Alba i La Cigonya","2","Privat","26","Societats Mercantils","c. Reding, 6","43001","977214108","0143","Tarragona","36","Tarragonès","43148","431482","Tarragona","00",,"13","Tarragona","353144","4552953","1.250831","41.11459","e3009175@xtec.cat","http://www.xtec.cat/centres/e3009175",,"EINF1C","EINF2C",,,,,,,,,,,,,,,,,,,,,,,,,,,,,,,,"POINT (1250831 4111459)"
"2025/2026","2025","43009230","Escola Tarragona","1","Públic","01","Departament d'Educació i Formació Professional","c. Guillem Oliver, 3","43005","977232947","0143","Tarragona","36","Tarragonès","43148","431482","Tarragona","00",,"13","Tarragona","352028","4554319","1.237208","41.12669","e3009230@xtec.cat","http://escola-tarrgona.blogspot.com.es",,,"EINF2C","EPRI",,,,,,,,,,,,,,,,,,,,,,,,,,,,,,,"POINT (1237208 4112669)"
"2025/2026","2025","43009369","Escola Saavedra","1","Públic","01","Departament d'Educació i Formació Professional","Via de l'Imperi, 1","43003","977237619","0143","Tarragona","36","Tarragonès","43148","431482","Tarragona","00",,"13","Tarragona","353320","4553293","1.252848","41.11769","e3009369@xtec.cat","http://agora.xtec.cat/ceipsaavedra/",,,"EINF2C","EPRI",,,,,,,,,,,,,,,,,,,,,,,,,,,,,,,"POINT (1252848 4111769)"
"2025/2026","2025","43009539","LLI privada Baobad-rosa","2","Privat","21","Cooperatives","Via Augusta, 74","43003","977218279","0143","Tarragona","36","Tarragonès","43148","431482","Tarragona","00",,"13","Tarragona","354644","4553403","1.268586","41.11891","e3009539@xtec.cat","http://www.xtec.cat/centres/e3009539",,"EINF1C",,,,,,,,,,,,,,,,,,,,,,,,,,,,,,,,,"POINT (1268586 4111891)"
"2025/2026","2025","43009576","Esc. de Música Estudi de Música","2","Privat","21","Cooperatives","c. Sant Francesc, 4","43003","977231720","0143","Tarragona","36","Tarragonès","43148","431482","Tarragona","00",,"13","Tarragona","353384.7","4553191.9","1.253638","41.11679","e3009576@xtec.cat",,,,,,,,,,,,,,,,,,,,,,,,,,,,,"MUSE",,,,,,,"POINT (1253638 4111679)"
"2025/2026","2025","43009722","Institut Cal·lípolis","1","Públic","01","Departament d'Educació i Formació Professional","Autovia de Salou, s/n","43006","977544202","0143","Tarragona","36","Tarragonès","43148","431482","Tarragona","00",,"13","Tarragona","348963","4551488","1.201415","41.10064","e3009722@xtec.cat","http://www.institutcallipolis.cat",,,,,,"BATX",,"CFPM",,,"CFPS",,"IFE","PFI",,,,,,,,,,,,,,,,,"TEGM","TEGS",,,"POINT (1201415 4110064)"
"2025/2026","2025","43010256","Llar d'infants El Serrallo","1","Públic","04","Corporacions Locals","Barri del Serrallo, s/n","43003","977248592","0143","Tarragona","36","Tarragonès","43148","431482","Tarragona","00",,"13","Tarragona","352222","4552614","1.239933","41.11138","e3010256@xtec.cat","http://www.xtec.cat/centres/e3010256",,"EINF1C",,,,,,,,,,,,,,,,,,,,,,,,,,,,,,,,,"POINT (1239933 4111138)"
"2025/2026","2025","43010281","LLI privada El Bosquet","2","Privat","26","Societats Mercantils","urb. Els Pinars, 45","43007",,"0143","Tarragona","36","Tarragonès","43148","431482","Tarragona","00",,"13","Tarragona","356971","4555342","1.295834","41.13679","e3010281@xtec.cat",,,"EINF1C",,,,,,,,,,,,,,,,,,,,,,,,,,,,,,,,,"POINT (1295834 4113679)"
"2025/2026","2025","43010396","Escola de Ponent","1","Públic","01","Departament d'Educació i Formació Professional","av. del President Tarradellas, s/n","43006","977260701","0143","Tarragona","36","Tarragonès","43148","431482","Tarragona","00",,"13","Tarragona","349464","4553525","1.206878","41.11907","e3010396@xtec.cat","http://agora.xtec.cat/escolaponent-tarragona",,,"EINF2C","EPRI",,,,,,,,,,,,,,,,,,,,,,,,,,,,,,,"POINT (1206878 4111907)"
"2025/2026","2025","43010438","Llar d'infants El Miracle","1","Públic","04","Corporacions Locals","pl. Cardenal Arce Ochotorena, s/n","43003","977249722","0143","Tarragona","36","Tarragonès","43148","431482","Tarragona","00",,"13","Tarragona","353915","4552977","1.260007","41.11495","e3010438@xtec.cat","http://www.xtec.cat/centres/e3010438",,"EINF1C",,,,,,,,,,,,,,,,,,,,,,,,,,,,,,,,,"POINT (1260007 4111495)"
"2025/2026","2025","43010700","CASASFORMACIÓN.ES","2","Privat","26","Societats Mercantils","c. Dr. Zamenhoff, 3 bxs.","43001","977220890","0143","Tarragona","36","Tarragonès","43148","431482","Tarragona","00",,"13","Tarragona","352849","4552772","1.24736","41.11291","e3010700@xtec.cat","http://www.casasformacion.es",,,,,,,,,,,"CFPS",,,,,,,,,,,,,,,,,,,,,,,,"POINT (124736 4111291)"
"2025/2026","2025","43010955","Llar d'infants Sant Pere i Sant Pau","1","Públic","04","Corporacions Locals","rbla. de Sant Pere i Sant Pau","43004","977203550","0143","Tarragona","36","Tarragonès","43148","431482","Tarragona","00",,"13","Tarragona","353435","4555563","1.253671","41.13815","e3010955@xtec.cat",,,"EINF1C",,,,,,,,,,,,,,,,,,,,,,,,,,,,,,,,,"POINT (1253671 4113815)"
"2025/2026","2025","43010979","Llar d'infants Sant Salvador","1","Públic","04","Corporacions Locals","av. Sant Salvador, 13","43130","977293045","0143","Tarragona","36","Tarragonès","43148","431482","Tarragona","00",,"13","Tarragona","352452","4558153","1.241338","41.16129","e3010979@xtec.cat",,,"EINF1C",,,,,,,,,,,,,,,,,,,,,,,,,,,,,,,,,"POINT (1241338 4116129)"
"2025/2026","2025","43011479","Institut Tarragona","1","Públic","01","Departament d'Educació i Formació Professional","pl. de la Imperial Tarraco, 1","43003","977238277","0143","Tarragona","36","Tarragonès","43148","431482","Tarragona","00",,"13","Tarragona","352770","4553485","1.246252","41.11932","e3011479@xtec.cat","https://agora.xtec.cat/instarragona/",,,,,"ESO","BATX",,,,,,,,,,,,,,,,,,,,,,,,,,,,,"POINT (1246252 4111932)"
"2025/2026","2025","43011561","Llar d'infants L'Arrabassada","1","Públic","04","Corporacions Locals","c. Internet, s/n","43001",,"0143","Tarragona","36","Tarragonès","43148","431482","Tarragona","00",,"13","Tarragona","354395","4553795","1.265523","41.1224","e3011561@xtec.cat",,,"EINF1C",,,,,,,,,,,,,,,,,,,,,,,,,,,,,,,,,"POINT (1265523 411224)"
"2025/2026","2025","43012125","Novatècnica","2","Privat","26","Societats Mercantils","c. Francolí, 52-54, baixos","43006",,"0143","Tarragona","36","Tarragonès","43148","431482","Tarragona","00",,"13","Tarragona","350550","4553503","1.21981","41.11907","e3012125@xtec.cat",,,,,,,,,"CFPM",,,"CFPS",,,,,,,,,,,,,,,,,,,,,,,"ADULTS","POINT (121981 4111907)"
"2025/2026","2025","43012162","Llar d'infants Bonavista","1","Públic","04","Corporacions Locals","c. Vint-i-u, s/n","43100",,"0143","Tarragona","36","Tarragonès","43148","431482","Tarragona","00",,"13","Tarragona","348460","4553876","1.194832","41.12205","e3012162@xtec.cat",,,"EINF1C",,,,,,,,,,,,,,,,,,,,,,,,,,,,,,,,,"POINT (1194832 4112205)"
"2025/2026","2025","43012216","Llar d'infants Cèsar August","1","Públic","04","Corporacions Locals","c. Joan Baptista Plana, 9","43005",,"0143","Tarragona","36","Tarragonès","43148","431482","Tarragona","00",,"13","Tarragona","352072","4553658","1.237902","41.12074","e3012216@xtec.cat",,,"EINF1C",,,,,,,,,,,,,,,,,,,,,,,,,,,,,,,,,"POINT (1237902 4112074)"
"2025/2026","2025","43012447","Bettatur","2","Privat","26","Societats Mercantils","Via de l'Imperi Romà, 11","43001",,"0143","Tarragona","36","Tarragonès","43148","431482","Tarragona","00",,"13","Tarragona","353394","4553301","1.253728","41.11777","e3012447@xtec.cat",,,,,,,,,,,,"CFPS",,,,,,,,,,,,,,,,,,,,,,,,"POINT (1253728 4111777)"
"2025/2026","2025","43012629","Aula Magna","2","Privat","26","Societats Mercantils","av. República Argentina, 11","43007",,"0143","Tarragona","36","Tarragonès","43148","431482","Tarragona","00",,"13","Tarragona","352484","4553826","1.24276","41.1223","e3012629@xtec.cat",,,,,,,,,"CFPM",,,"CFPS",,,,,,,,,,,,,,,,,,,,,,,"ADULTS","POINT (124276 411223)"
"2025/2026","2025","43012642","LLI privada Xino-Xano Joan XXIII","2","Privat","26","Societats Mercantils","c. Arquebisbe Josep Pont i Gol, 19","43005",,"0143","Tarragona","36","Tarragonès","43148","431482","Tarragona","00",,"13","Tarragona","351874","4554379","1.23536","41.1272","e3012642@xtec.cat",,,"EINF1C",,,,,,,,,,,,,,,,,,,,,,,,,,,,,,,,,"POINT (123536 411272)"
"2025/2026","2025","43012708","CEOP","2","Privat","26","Societats Mercantils","av. Roma, 5C, 1-2","43005",,"0143","Tarragona","36","Tarragonès","43148","431482","Tarragona","00",,"13","Tarragona","352473","4553433","1.24272","41.1188","e3012708@xtec.cat",,,,,,,,,,,,,,,"PFI",,,,,,,,,,,,,,,,,,,,"ADULTS","POINT (124272 411188)"
"2025/2026","2025","43012897","AFENTD","2","Privat","31","Associacions","c. Sant Benilde, 15","43006",,"0143","Tarragona","36","Tarragonès","43148","431482","Tarragona","00",,"13","Tarragona","349987","4553601","1.213089","41.11985","e3012897@xtec.cat",,,,,,,,,,,,,,,,,,,,,,,,,,,,,,,,"TEGM","TEGS",,,"POINT (1213089 4111985)"
"2025/2026","2025","43012939","Òrgan Gestor del Complex Educatiu de Tarragona","1","Públic","01","Departament d'Educació i Formació Professional","ctra. de Salou, s/n","43004",,"0143","Tarragona","36","Tarragonès","43148","431482","Tarragona","00",,"13","Tarragona","349019","4551666","1.20204","41.10225","e3012939@xtec.cat",,,,,,"ESO",,,,,,,,,,,,,,,,,,,,,,,,,,,,,,"POINT (120204 4110225)"
"2025/2026","2025","43012976","Institut Escola Mediterrani","1","Públic","01","Departament d'Educació i Formació Professional","c. Riu Ter, s/n","43001","977540706","0143","Tarragona","36","Tarragonès","43148","431482","Tarragona","00",,"01","Bonavista","349017","4553148","1.201649","41.11559","e3012976@xtec.cat","http://www.xtec.cat/centres/e3006381",,,"EINF2C","EPRI","ESO",,,,,,,,,,,,,,,,,,,,,,,,,,,,,,"POINT (1201649 4111559)"
"2025/2026","2025","43013002","HDA Hospital de Dia de Tarragona - HDA","1","Públic","02","Altres Departaments","av. Vidal i Barraquer, 27,esc.9,local 2","43001",,"0143","Tarragona","36","Tarragonès","43148","431482","Tarragona","00",,"13","Tarragona","352347","4552782","1.241382","41.1129","e3013002@xtec.cat",,,,"EINF2C","EPRI","ESO",,,,,,,,,,,,,,,,,,,,,,,,,,,,,,"POINT (1241382 411129)"
"2025/2026","2025","43013063","LLI privada Teresianes-Jaycar","2","Privat","22","Fundacions","c. d'Ixart, 10","43003",,"0143","Tarragona","36","Tarragonès","43148","431482","Tarragona","00",,"13","Tarragona","353198","4553258","1.251397","41.11735","e3013063@xtec.cat",,,"EINF1C",,,,,,,,,,,,,,,,,,,,,,,,,,,,,,,,,"POINT (1251397 4111735)"
"2025/2026","2025","43013166","Centre de Formació CBS","2","Privat","26","Societats Mercantils","c. Ventallols, 5","43003",,"0143","Tarragona","36","Tarragonès","43148","431482","Tarragona","00",,"13","Tarragona","353784","4553261","1.258375","41.11747","e3013166@xtec.cat",,,,,,,,,,,,"CFPS",,,,,,,,,,,,,,,,,,,,,,,,"POINT (1258375 4111747)"
"2025/2026","2025","43013191","Institut Escola L'Arrabassada","1","Públic","01","Departament d'Educació i Formació Professional","c. Mercè Rodoreda, s/n","43001",,"0143","Tarragona","36","Tarragonès","43148","431482","Tarragona","00",,"13","Tarragona","354961","4553889","1.272123","41.12333","e3013191@xtec.cat",,,,"EINF2C","EPRI","ESO",,,,,,,,,,,,,,,,,,,,,,,,,,,,,,"POINT (1272123 4112333)"
"2025/2026","2025","43013233","Ilerna Tarragona","2","Privat","26","Societats Mercantils","c. Joan Serra i Vilaró, 7","43007",,"0143","Tarragona","36","Tarragonès","43148","431482","Tarragona","00",,"13","Tarragona","352603","4554537","1.244009","41.1287","e3013233@xtec.cat",,,,,,,,,"CFPM",,,"CFPS",,,,,,,,,,,,,,,,,,,,,,,,"POINT (1244009 411287)"
"2025/2026","2025","43013270","Vedruna Dansa","2","Privat","22","Fundacions","c. Santa Joaquima Vedruna, 10","43001",,"0143","Tarragona","36","Tarragonès","43148","431482","Tarragona","00",,"13","Tarragona","352956","4553637","1.248423","41.12072","e3013270@xtec.cat",,,,,,,,,,,,,,,,,,,,,,,,,,"DANE",,,,,,,,,,"POINT (1248423 4112072)"
"2025/2026","2025","43013361","Llar d'infants Baobab-Lestonnac","2","Privat","24","Ordes i Congregacions Catòlics","c. Joan Fuster i Ort, 24-26","43007",,"0143","Tarragona","36","Tarragonès","43148","431482","Tarragona","00",,"13","Tarragona","354662.171","4553729.155","1.26872","41.12186","e3013361@xtec.cat",,,"EINF1C",,,,,,,,,,,,,,,,,,,,,,,,,,,,,,,,,"POINT (126872 4112186)"
"2025/2026","2025","43003884","Escola Antoni Roig","1","Públic","01","Departament d'Educació i Formació Professional","av. Sant Jordi. núm. 1(ap.correus 142)","43830","977640836","0143","Tarragona","36","Tarragonès","43153","431536","Torredembarra","00",,"04","Torredembarra","365347","4556266","1.395397","41.14654","e3003884@xtec.cat","http://agora.xtec.cat/escolaantoniroig/",,,"EINF2C","EPRI",,,,,,,,,,,,,,,,,,,,,,,,,,,,,,,"POINT (1395397 4114654)"
"2025/2026","2025","43006851","Escola Molí de Vent","1","Públic","01","Departament d'Educació i Formació Professional","c. de les Escoles, 13-15","43830","977130246","0143","Tarragona","36","Tarragonès","43153","431536","Torredembarra","00",,"04","Torredembarra","365952","4556493","1.402552","41.14868","e3006851@xtec.cat","https://agora.xtec.cat/ceip-molidevent/",,,"EINF2C","EPRI",,,,,,,,,,,,,,,,,,,,,,,,,,,,,,,"POINT (1402552 4114868)"
"2025/2026","2025","43006952","Institut Torredembarra","1","Públic","01","Departament d'Educació i Formació Professional","av. de Sant Jordi, 62-64","43830","977640312","0143","Tarragona","36","Tarragonès","43153","431536","Torredembarra","00",,"04","Torredembarra","365836","4556684","1.401123","41.15039","e3006952@xtec.cat","http://www.instorredembarra.cat/",,,,,"ESO","BATX",,,,,,,,,,,,,,,,,,,,,,,,,,,,,"POINT (1401123 4115039)"
"2025/2026","2025","43007661","Institut Ramon de la Torre","1","Públic","01","Departament d'Educació i Formació Professional","c. Camí del Moro, 28-40","43830","977642402","0143","Tarragona","36","Tarragonès","43153","431536","Torredembarra","00",,"04","Torredembarra","366827","4556655","1.412938","41.15029","e3007661@xtec.cat","http://www.institutramondelatorre.org",,,,,"ESO","BATX",,"CFPM",,,"CFPS",,,"PFI",,,,,,,,,,,,,,,,,,,,,"POINT (1412938 4115029)"
"2025/2026","2025","43009242","Escola L'Antina","1","Públic","01","Departament d'Educació i Formació Professional","pg. Miramar, 190-200","43830","977642496","0143","Tarragona","36","Tarragonès","43153","431536","Torredembarra","00",,"04","Torredembarra","366888","4556299","1.413737","41.147","e3009242@xtec.cat","http://www.escolaantina.cat",,,"EINF2C","EPRI",,,,,,,,,,,,,,,,,,,,,,,,,,,,,,,"POINT (1413737 41147)"
"2025/2026","2025","43009643","Llar d'infants El Cirerer","1","Públic","04","Corporacions Locals","c. Camí de l'Era, 52-54","43830","977642535","0143","Tarragona","36","Tarragonès","43153","431536","Torredembarra","00",,"04","Torredembarra","365722","4556295","1.399853","41.14686","e3009643@xtec.cat","http://www.xtec.cat/centres/e3009643",,"EINF1C",,,,,,,,,,,,,,,,,,,,,,,,,,,,,,,,,"POINT (1399853 4114686)"
"2025/2026","2025","43009746","Esc. de Música Municipal de Torredembarra","1","Públic","04","Corporacions Locals","c. Alt de Sant Pere, 35","43830","977644308","0143","Tarragona","36","Tarragonès","43153","431536","Torredembarra","00",,"04","Torredembarra","365666","4556176","1.399213","41.14578","e3009746@xtec.cat",,,,,,,,,,,,,,,,,,,,,,,,,,,,,"MUSE",,,,,,,"POINT (1399213 4114578)"
"2025/2026","2025","43010918","Escola de Dansa Centrescènic","2","Privat","27","Societats Civils","c. Eduard Benot, 11/c. Carnisseria, 9","43830",,"0143","Tarragona","36","Tarragonès","43153","431536","Torredembarra","00",,"04","Torredembarra","365417","4556126","1.396259","41.14529","e3010918@xtec.cat",,,,,,,,,,,,,,,,,,,,,,,,,,"DANE",,,,,,,,,,"POINT (1396259 4114529)"
"2025/2026","2025","43011650","EB privada La Casa de les Fades","2","Privat","26","Societats Mercantils","c.Joaquim Torres Ibern, 7 local I","43830","977130810","0143","Tarragona","36","Tarragonès","43153","431536","Torredembarra","00",,"04","Torredembarra","366986","4556512","1.414861","41.14902","e3011650@xtec.cat",,,"EINF1C",,,,,,,,,,,,,,,,,,,,,,,,,,,,,,,,,"POINT (1414861 4114902)"
"2025/2026","2025","43012253","Llar d'infants Els Gegants de la Torre","1","Públic","04","Corporacions Locals","c. de les Escoles, s/n","43830",,"0143","Tarragona","36","Tarragonès","43153","431536","Torredembarra","00",,"04","Torredembarra","365905","4556614","1.401966","41.14976","e3012253@xtec.cat",,,"EINF1C",,,,,,,,,,,,,,,,,,,,,,,,,,,,,,,,,"POINT (1401966 4114976)"
"2025/2026","2025","43012794","Centre d'Estudis Eqüestres Torredembarra","2","Privat","26","Societats Mercantils","ctra. La Riera, s/n","43830","977640282","0143","Tarragona","36","Tarragonès","43153","431536","Torredembarra","00",,"04","Torredembarra","365027","4556453","1.391536","41.14817","e3012794@xtec.cat",,,,,,,,,"CFPM",,,,,,,,,,,,,,,,,,,,,,,"TEGM","TEGS",,,"POINT (1391536 4114817)"
"2025/2026","2025","43004864","Escola Pere Virgili","1","Públic","01","Departament d'Educació i Formació Professional","pl. de la Pau, s/n","43141","977840353","0143","Tarragona","36","Tarragonès","43166","431665","Vilallonga del Camp","00",,"01","Vilallonga del Camp","349376","4563695","1.203324","41.21062","e3004864@xtec.cat","http://escolaperevirgili.blogspot.com",,,"EINF2C","EPRI",,,,,,,,,,,,,,,,,,,,,,,,,,,,,,,"POINT (1203324 4121062)"
"2025/2026","2025","43010104","Llar d'infants Patufet","1","Públic","04","Corporacions Locals","rbla. Mare de Déu del Roser/pl.de la Pau","43141","977842062","0143","Tarragona","36","Tarragonès","43166","431665","Vilallonga del Camp","00",,"01","Vilallonga del Camp","349419","4563658","1.203848","41.21029","e3010104@xtec.cat","http://www.xtec.cat/centres/e3010104",,"EINF1C",,,,,,,,,,,,,,,,,,,,,,,,,,,,,,,,,"POINT (1203848 4121029)"
"2025/2026","2025","43004979","Escola Torroja i Miret","1","Públic","01","Departament d'Educació i Formació Professional","c. Tarragona, 9","43480","977390616","0143","Tarragona","36","Tarragonès","43171","431711","Vila-seca","00",,"05","Vila-seca de Solcina","344484","4552650","1.147806","41.11026","e3004979@xtec.cat","http://agora.xtec.cat/ceip-torrojaimiret/",,,"EINF2C","EPRI",,,,,,,,,,,,,,,,,,,,,,,,,,,,,,,"POINT (1147806 4111026)"
"2025/2026","2025","43005005","Escola Sant Bernat Calvó","1","Públic","01","Departament d'Educació i Formació Professional","c. Requet de Fèlix, 22","43480","977391921","0143","Tarragona","36","Tarragonès","43171","431711","Vila-seca","00",,"05","Vila-seca de Solcina","344491","4552805","1.147857","41.11165","e3005005@xtec.cat","http://agora.xtec.cat/escolasantbernat/",,,"EINF2C","EPRI",,,,,,,,,,,,,,,,,,,,,,,,,,,,,,,"POINT (1147857 4111165)"
"2025/2026","2025","43005947","Escola Cal·lípolis","1","Públic","01","Departament d'Educació i Formació Professional","c. Alfredo Kraus, 22","43481","977371711","0143","Tarragona","36","Tarragonès","43171","431711","Vila-seca","00",,"01","Platja de la Pineda","347047","4549361","1.179142","41.08113","e3005947@xtec.cat","http://agora.xtec.cat/ceipcal-lipolis/",,,"EINF2C","EPRI",,,,,,,,,,,,,,,,,,,,,,,,,,,,,,,"POINT (1179142 4108113)"
"2025/2026","2025","43005972","Institut Ramon Barbat i Miracle","1","Públic","01","Departament d'Educació i Formació Professional","av. de l'Alcalde Pere Molas, s/n","43480","977391379","0143","Tarragona","36","Tarragonès","43171","431711","Vila-seca","00",,"05","Vila-seca de Solcina","344654","4551674","1.150076","41.101","e3005972@xtec.cat","https://agora.xtec.cat/ies-ramonbarbat-vilaseca",,,,,"ESO","BATX",,"CFPM",,,"CFPS",,,,,,,,,,,,,,,,,,,,,,,,"POINT (1150076 41101)"
"2025/2026","2025","43006241","Escola La Plana","1","Públic","01","Departament d'Educació i Formació Professional","Camí Mas de la Cuca, s/n","43480","977391819","0143","Tarragona","36","Tarragonès","43171","431711","Vila-seca","00",,"02","La Plana","342825","4554816","1.127501","41.12943","e3006241@xtec.cat","https://sites.google.com/a/xtec.cat/escolalaplana/",,,"EINF2C","EPRI",,,,,,,,,,,,,,,,,,,,,,,,,,,,,,,"POINT (1127501 4112943)"
"2025/2026","2025","43006289","Cons. de Música de Vila-seca","1","Públic","04","Corporacions Locals","av. de la Generalitat, 27","43480","977392368","0143","Tarragona","36","Tarragonès","43171","431711","Vila-seca","00",,"05","Vila-seca de Solcina","343937","4552851","1.141248","41.1119","e3006289@xtec.cat","https://www.vila-secamusica.cat",,,,,,,,,,,,,,,,,,,,,,,,,,,,,"MUSP",,,,,,"POINT (1141248 411119)"
"2025/2026","2025","43006332","Escola Mestral","1","Públic","01","Departament d'Educació i Formació Professional","c. Santiago Rusiñol, s/n","43480","977391820","0143","Tarragona","36","Tarragonès","43171","431711","Vila-seca","00",,"05","Vila-seca de Solcina","343829","4552720","1.139988","41.11076","e3006332@xtec.cat","http://agora.xtec.cat/escolamestralvila-seca/",,,"EINF2C","EPRI",,,,,,,,,,,,,,,,,,,,,,,,,,,,,,,"POINT (1139988 4111076)"
"2025/2026","2025","43008158","LLI privada Pineda","2","Privat","21","Cooperatives","c. Jacint Verdaguer, 6","43480","977391713","0143","Tarragona","36","Tarragonès","43171","431711","Vila-seca","00",,"05","Vila-seca de Solcina","343921","4552494","1.141144","41.10874","e3008158@xtec.cat","http://www.xtec.cat/centres/e3008158",,"EINF1C",,,,,,,,,,,,,,,,,,,,,,,,,,,,,,,,,"POINT (1141144 4110874)"
"2025/2026","2025","43008523","Institut Vila-seca","1","Públic","01","Departament d'Educació i Formació Professional","av. de l'Alcalde Pere Molas, s/n","43480","977394244","0143","Tarragona","36","Tarragonès","43171","431711","Vila-seca","00",,"05","Vila-seca de Solcina","344618","4551851","1.149601","41.10308","e3008523@xtec.cat","http://agora.xtec.cat/iesvila-seca",,,,,"ESO","BATX",,,,,,,,"PFI",,,,,,,,,,,,,,,,,,,,,"POINT (1149601 4110308)"
"2025/2026","2025","43008742","Esc. de Música Municipal de Vila-seca","1","Públic","04","Corporacions Locals","av. de la Generalitat, 27","43480","977392368","0143","Tarragona","36","Tarragonès","43171","431711","Vila-seca","00",,"05","Vila-seca de Solcina","343933","4552846","1.141205","41.11192","e3008742@xtec.cat",,,,,,,,,,,,,,,,,,,,,,,,,,,,,"MUSE",,,,,,,"POINT (1141205 4111192)"
"2025/2026","2025","43010086","CFA Vilaseca","1","Públic","01","Departament d'Educació i Formació Professional","c. Sant Pere, 25 (cant. pl. Estudi, 1)","43480","977391811","0143","Tarragona","36","Tarragonès","43171","431711","Vila-seca","00",,"05","Vila-seca de Solcina","344389","4552578","1.146692","41.10959","e3010086@xtec.cat","http://agora.xtec.cat/cfavilaseca/",,,,,,,,,,,,,,,,,,,,,,,,,,,,,,,,,,"ADULTS","POINT (1146692 4110959)"
"2025/2026","2025","43010426","EB privada L'Estel","2","Privat","27","Societats Civils","c. de Sant Jordi, 25","43480","977396244","0143","Tarragona","36","Tarragonès","43171","431711","Vila-seca","00",,"05","Vila-seca de Solcina","344039","4552769","1.142481","41.11124","e3010426@xtec.cat","http://www.xtec.cat/centres/e3010426",,"EINF1C",,,,,,,,,,,,,,,,,,,,,,,,,,,,,,,,,"POINT (1142481 4111124)"
"2025/2026","2025","43010530","Escola Miramar","1","Públic","01","Departament d'Educació i Formació Professional","c. Era del Delme, 20","43480","977396280","0143","Tarragona","36","Tarragonès","43171","431711","Vila-seca","00",,"05","Vila-seca de Solcina","344250","4552068","1.145169","41.10497","e3010530@xtec.cat","http://blocs.xtec.cat/escolamiramar/",,,"EINF2C","EPRI",,,,,,,,,,,,,,,,,,,,,,,,,,,,,,,"POINT (1145169 4110497)"
"2025/2026","2025","43011492","Escola La Canaleta","1","Públic","01","Departament d'Educació i Formació Professional","c. d'Alfons I, 18","43480","977783565","0143","Tarragona","36","Tarragonès","43171","431711","Vila-seca","00",,"05","Vila-seca de Solcina","344231","4553221","1.144655","41.11535","e3011492@xtec.cat","http://www.lacanaleta.cat",,,"EINF2C","EPRI",,,,,,,,,,,,,,,,,,,,,,,,,,,,,,,"POINT (1144655 4111535)"
"2025/2026","2025","43011595","Llar d'infants Fartets","1","Públic","04","Corporacions Locals","c. Luis Mariano, 4","43480",,"0143","Tarragona","36","Tarragonès","43171","431711","Vila-seca","00",,"01","Platja de la Pineda","347075","4549388","1.179461","41.08138","e3011595@xtec.cat",,,"EINF1C",,,,,,,,,,,,,,,,,,,,,,,,,,,,,,,,,"POINT (1179461 4108138)"
"2025/2026","2025","43012551","Llar d'infants Les Vimeteres","1","Públic","04","Corporacions Locals","c. de l'Era del Delme, s/n","43480",,"0143","Tarragona","36","Tarragonès","43171","431711","Vila-seca","00",,"05","Vila-seca de Solcina","344291","4552126","1.145643","41.105","e3012551@xtec.cat",,,"EINF1C",,,,,,,,,,,,,,,,,,,,,,,,,,,,,,,,,"POINT (1145643 41105)"
"2025/2026","2025","43013348","Escola de Dansa África Aguilar","2","Privat","41","Persones Físiques","c. Doctor Gibert, 8, baixos","43480",,"0143","Tarragona","36","Tarragonès","43171","431711","Vila-seca","00",,"05","Vila-seca de Solcina","344428.9","4552786.2","1.147118","41.111474","e3013348@xtec.cat",,,,,,,,,,,,,,,,,,,,,,,,,,"DANE",,,,,,,,,,"POINT (1147118 41111474)"
"2025/2026","2025","43004931","Escola Santa Maria del Mar","1","Públic","01","Departament d'Educació i Formació Professional","c. Juan Manuel Muñoz Rodriguez, 5","43840","977382302","0143","Tarragona","36","Tarragonès","43905","439057","Salou","00",,"01","Salou","343040","4549709","1.131373","41.08349","e3004931@xtec.cat","http://www.santamariadelmar.cat",,,"EINF2C","EPRI",,,,,,,,,,,,,,,,,,,,,,,,,,,,,,,"POINT (1131373 4108349)"
"2025/2026","2025","43004967","Elisabeth","2","Privat","21","Cooperatives","c. Miquel Martí i Pol, 1","43840","977383851","0143","Tarragona","36","Tarragonès","43905","439057","Salou","00",,"01","Salou","342661","4550098","1.12676","41.08692","e3004967@xtec.cat","http://www.escolaelisabeth.cat",,"EINF1C","EINF2C","EPRI","ESO","BATX",,,,,,,,,,,,,,,,,,,,,,,,,,,,,"POINT (112676 4108692)"
"2025/2026","2025","43006393","Escola Europa","1","Públic","01","Departament d'Educació i Formació Professional","pl. de la Segregació, 2","43840","977384996","0143","Tarragona","36","Tarragonès","43905","439057","Salou","00",,"01","Salou","343301","4549463","1.134543","41.08134","e3006393@xtec.cat","https://agora.xtec.cat/escolaeuropa/",,,"EINF2C","EPRI",,,,,,,,,,,,,,,,,,,,,,,,,,,,,,,"POINT (1134543 4108134)"
"2025/2026","2025","43007026","LLI privada Nou Esplai","2","Privat","26","Societats Mercantils","c. Berlín, s/n","43840","977383274","0143","Tarragona","36","Tarragonès","43905","439057","Salou","00",,"01","Salou","343498","4549175","1.136958","41.07878","e3007026@xtec.cat","http://www.xtec.cat/centres/e3007026",,"EINF1C",,,,,,,,,,,,,,,,,,,,,,,,,,,,,,,,,"POINT (1136958 4107878)"
"2025/2026","2025","43007518","Esc. de Música Municipal","1","Públic","04","Corporacions Locals","c. advocat Gallego, 2/arquit.Ubach, 1","43840","977381008","0143","Tarragona","36","Tarragonès","43905","439057","Salou","00",,"01","Salou","343394","4549443","1.13565","41.08117","e3007518@xtec.cat",,,,,,,,,,,,,,,,,,,,,,,,,,,,,"MUSE",,,,,,,"POINT (113565 4108117)"
"2025/2026","2025","43007543","Institut Jaume I","1","Públic","01","Departament d'Educació i Formació Professional","c. Advocat Gallego, 6","43840","977384771","0143","Tarragona","36","Tarragonès","43905","439057","Salou","00",,"01","Salou","343254","4549581","1.133948","41.0823","e3007543@xtec.cat","http://www.iesjaume1.cat",,,,,"ESO","BATX",,"CFPM",,,"CFPS",,,,,,,,,,,,,,,,,,,,"TEGM","TEGS",,,"POINT (1133948 410823)"
"2025/2026","2025","43009451","Escola Salou","1","Públic","01","Departament d'Educació i Formació Professional","c. Rosa Sensat, 2","43840","977383646","0143","Tarragona","36","Tarragonès","43905","439057","Salou","00",,"01","Salou","342760","4549499","1.128091","41.0815","e3009451@xtec.cat","http://agora.xtec.cat/escola-salou/",,,"EINF2C","EPRI",,,,,,,,,,,,,,,,,,,,,,,,,,,,,,,"POINT (1128091 410815)"
"2025/2026","2025","43010153","Escola Vora Mar","1","Públic","01","Departament d'Educació i Formació Professional","c. Maria Castillo, s/n","43840","977352900","0143","Tarragona","36","Tarragonès","43905","439057","Salou","00",,"01","Salou","342748","4549801","1.127875","41.08427","e3010153@xtec.cat","http://escolavoramar.blogspot.com.es/",,,"EINF2C","EPRI",,,,,,,,,,,,,,,,,,,,,,,,,,,,,,,"POINT (1127875 4108427)"
"2025/2026","2025","43010347","Institut Marta Mata","1","Públic","01","Departament d'Educació i Formació Professional","c. Domènech Sugrañes i Gras, s/n","43840","977353242","0143","Tarragona","36","Tarragonès","43905","439057","Salou","00",,"01","Salou","342713","4549670","1.127485","41.08308","e3010347@xtec.cat","http://institutmartamata.cat",,,,,"ESO","BATX",,,,,,,,"PFI",,,,,,,,,,,,,,,,,,,,,"POINT (1127485 4108308)"
"2025/2026","2025","43010921","Llar d'infants La Balena Blava","1","Públic","04","Corporacions Locals","c. de Barcelona, 95","43840","977383409","0143","Tarragona","36","Tarragonès","43905","439057","Salou","00",,"01","Salou","343137","4549846","1.132492","41.08475","e3010921@xtec.cat",,,"EINF1C",,,,,,,,,,,,,,,,,,,,,,,,,,,,,,,,,"POINT (1132492 4108475)"
"2025/2026","2025","43011200","EOI de Salou","1","Públic","01","Departament d'Educació i Formació Professional","pg. 30 d'octubre, 4","43840","977353008","0143","Tarragona","36","Tarragonès","43905","439057","Salou","00",,"01","Salou","343360","4549523","1.135227","41.08188","e3011200@xtec.cat",,,,,,,,,,,,,,,,,,,,,,,,,"IDI",,,,,,,,,,,"POINT (1135227 4108188)"
"2025/2026","2025","43011765","CFA Àgora","1","Públic","04","Corporacions Locals","av. de Pau Casals, s/n","43840","977388851","0143","Tarragona","36","Tarragonès","43905","439057","Salou","00",,"01","Salou","342623","4549793","1.12639","41.08417","e3011765@xtec.cat","https://agora.xtec.cat/cfaagorasalou/",,,,,,,,,,,,,,,,,,,,,,,,,,,,,,,,,,"ADULTS","POINT (112639 4108417)"
"2025/2026","2025","43012022","Llar d'infants Cavallet de Mar","1","Públic","04","Corporacions Locals","c. de Domènech Sugra¦es i Gras, 2","43840",,"0143","Tarragona","36","Tarragonès","43905","439057","Salou","00",,"01","Salou","342749","4549731","1.127901","41.08364","e3012022@xtec.cat",,,"EINF1C",,,,,,,,,,,,,,,,,,,,,,,,,,,,,,,,,"POINT (1127901 4108364)"
"2025/2026","2025","43012666","EIC","2","Privat","22","Fundacions","c. Salvador Espriu, s/n","43840",,"0143","Tarragona","36","Tarragonès","43905","439057","Salou","00",,"01","Salou","344606","4550695","1.149754","41.09268","e3012666@xtec.cat",,,"EINF1C","EINF2C","EPRI","ESO","BATX",,,,,,,,,,,,,,,,,,,,,,,,,,,,,"POINT (1149754 4109268)"
"2025/2026","2025","43003185","Escola La Canonja","1","Públic","01","Departament d'Educació i Formació Professional","c. Carrasco i Formiguera, 8","43110","977545627","0143","Tarragona","36","Tarragonès","43907","439076","La Canonja","00",,"01","La Canonja","347645","4553641","1.185196","41.11978","e3003185@xtec.cat","http://blocs.xtec.cat/escolalacanonja/",,,"EINF2C","EPRI",,,,,,,,,,,,,,,,,,,,,,,,,,,,,,,"POINT (1185196 4111978)"
"2025/2026","2025","43008237","LLI privada Mare de Déu de l'Esperança","2","Privat","22","Fundacions","c. Major de Masricart, 10","43110","977550550","0143","Tarragona","36","Tarragonès","43907","439076","La Canonja","00",,"01","La Canonja","347501","4553525","1.18351","41.11871","e3008237@xtec.cat","http://www.xtec.cat/centres/e3008237",,"EINF1C",,,,,,,,,,,,,,,,,,,,,,,,,,,,,,,,,"POINT (118351 4111871)"
"2025/2026","2025","43008481","Institut Collblanc","1","Públic","01","Departament d'Educació i Formació Professional","c. Carrasco i Formiguera, 12","43110","977551716","0143","Tarragona","36","Tarragonès","43907","439076","La Canonja","00",,"01","La Canonja","347873","4553718","1.187883","41.12051","e3008481@xtec.cat","http://agora.xtec.cat/iescollblanc",,,,,"ESO","BATX",,"CFPM",,,,,,"PFI",,,,,,,,,,,,,,,,,,,,,"POINT (1187883 4112051)"
