YEAR,MUN,municipality_name,AGE,age_label,SEX,CONCEPT,value,status,source_url
2021,430120,Altafulla,Y000,0 anys,TOTAL,POP,40.0,,"https://api.idescat.cat/taules/v2/censph/10/5975/mun/data?lang=ca&YEAR=2021&MUN=430120,430430,430477,430509,430957,430976,431009,431037,431093,431114,431227,431264,431310,431359,431444,431482,431536,431649,431665,431711,439057,439076&SEX=TOTAL"
2021,430120,Altafulla,Y001,1 any,TOTAL,POP,50.0,,"https://api.idescat.cat/taules/v2/censph/10/5975/mun/data?lang=ca&YEAR=2021&MUN=430120,430430,430477,430509,430957,430976,431009,431037,431093,431114,431227,431264,431310,431359,431444,431482,431536,431649,431665,431711,439057,439076&SEX=TOTAL"
2021,430120,Altafulla,Y002,2 anys,TOTAL,POP,44,,"https://api.idescat.cat/taules/v2/censph/10/5975/mun/data?lang=ca&YEAR=2021&MUN=430120,430430,430477,430509,430957,430976,431009,431037,431093,431114,431227,431264,431310,431359,431444,431482,431536,431649,431665,431711,439057,439076&SEX=TOTAL"
2021,430120,Altafulla,Y003,3 anys,TOTAL,POP,58,,"https://api.idescat.cat/taules/v2/censph/10/5975/mun/data?lang=ca&YEAR=2021&MUN=430120,430430,430477,430509,430957,430976,431009,431037,431093,431114,431227,431264,431310,431359,431444,431482,431536,431649,431665,431711,439057,439076&SEX=TOTAL"
2021,430120,Altafulla,Y004,4 anys,TOTAL,POP,73,,"https://api.idescat.cat/taules/v2/censph/10/5975/mun/data?lang=ca&YEAR=2021&MUN=430120,430430,430477,430509,430957,430976,431009,431037,431093,431114,431227,431264,431310,431359,431444,431482,431536,431649,431665,431711,439057,439076&SEX=TOTAL"
2021,430120,Altafulla,Y005,5 anys,TOTAL,POP,55,,"https://api.idescat.cat/taules/v2/censph/10/5975/mun/data?lang=ca&YEAR=2021&MUN=430120,430430,430477,430509,430957,430976,431009,431037,431093,431114,431227,431264,431310,431359,431444,431482,431536,431649,431665,431711,439057,439076&SEX=TOTAL"
2021,430120,Altafulla,Y006,6 anys,TOTAL,POP,68,,"https://api.idescat.cat/taules/v2/censph/10/5975/mun/data?lang=ca&YEAR=2021&MUN=430120,430430,430477,430509,430957,430976,431009,431037,431093,431114,431227,431264,431310,431359,431444,431482,431536,431649,431665,431711,439057,439076&SEX=TOTAL"
2021,430120,Altafulla,Y007,7 anys,TOTAL,POP,69,,"https://api.idescat.cat/taules/v2/censph/10/5975/mun/data?lang=ca&YEAR=2021&MUN=430120,430430,430477,430509,430957,430976,431009,431037,431093,431114,431227,431264,431310,431359,431444,431482,431536,431649,431665,431711,439057,439076&SEX=TOTAL"
2021,430120,Altafulla,Y008,8 anys,TOTAL,POP,68,,"https://api.idescat.cat/taules/v2/censph/10/5975/mun/data?lang=ca&YEAR=2021&MUN=430120,430430,430477,430509,430957,430976,431009,431037,431093,431114,431227,431264,431310,431359,431444,431482,431536,431649,431665,431711,439057,439076&SEX=TOTAL"
2021,430120,Altafulla,Y009,9 anys,TOTAL,POP,60.0,,"https://api.idescat.cat/taules/v2/censph/10/5975/mun/data?lang=ca&YEAR=2021&MUN=430120,430430,430477,430509,430957,430976,431009,431037,431093,431114,431227,431264,431310,431359,431444,431482,431536,431649,431665,431711,439057,439076&SEX=TOTAL"
2021,430120,Altafulla,Y010,10 anys,TOTAL,POP,81,,"https://api.idescat.cat/taules/v2/censph/10/5975/mun/data?lang=ca&YEAR=2021&MUN=430120,430430,430477,430509,430957,430976,431009,431037,431093,431114,431227,431264,431310,431359,431444,431482,431536,431649,431665,431711,439057,439076&SEX=TOTAL"
2021,430120,Altafulla,Y011,11 anys,TOTAL,POP,70.0,,"https://api.idescat.cat/taules/v2/censph/10/5975/mun/data?lang=ca&YEAR=2021&MUN=430120,430430,430477,430509,430957,430976,431009,431037,431093,431114,431227,431264,431310,431359,431444,431482,431536,431649,431665,431711,439057,439076&SEX=TOTAL"
2021,430120,Altafulla,Y012,12 anys,TOTAL,POP,79,,"https://api.idescat.cat/taules/v2/censph/10/5975/mun/data?lang=ca&YEAR=2021&MUN=430120,430430,430477,430509,430957,430976,431009,431037,431093,431114,431227,431264,431310,431359,431444,431482,431536,431649,431665,431711,439057,439076&SEX=TOTAL"
2021,430120,Altafulla,Y013,13 anys,TOTAL,POP,60.0,,"https://api.idescat.cat/taules/v2/censph/10/5975/mun/data?lang=ca&YEAR=2021&MUN=430120,430430,430477,430509,430957,430976,431009,431037,431093,431114,431227,431264,431310,431359,431444,431482,431536,431649,431665,431711,439057,439076&SEX=TOTAL"
2021,430120,Altafulla,Y014,14 anys,TOTAL,POP,59,,"https://api.idescat.cat/taules/v2/censph/10/5975/mun/data?lang=ca&YEAR=2021&MUN=430120,430430,430477,430509,430957,430976,431009,431037,431093,431114,431227,431264,431310,431359,431444,431482,431536,431649,431665,431711,439057,439076&SEX=TOTAL"
2021,430120,Altafulla,Y015,15 anys,TOTAL,POP,72,,"https://api.idescat.cat/taules/v2/censph/10/5975/mun/data?lang=ca&YEAR=2021&MUN=430120,430430,430477,430509,430957,430976,431009,431037,431093,431114,431227,431264,431310,431359,431444,431482,431536,431649,431665,431711,439057,439076&SEX=TOTAL"
2021,430120,Altafulla,Y016,16 anys,TOTAL,POP,61,,"https://api.idescat.cat/taules/v2/censph/10/5975/mun/data?lang=ca&YEAR=2021&MUN=430120,430430,430477,430509,430957,430976,431009,431037,431093,431114,431227,431264,431310,431359,431444,431482,431536,431649,431665,431711,439057,439076&SEX=TOTAL"
2021,430120,Altafulla,Y017,17 anys,TOTAL,POP,61,,"https://api.idescat.cat/taules/v2/censph/10/5975/mun/data?lang=ca&YEAR=2021&MUN=430120,430430,430477,430509,430957,430976,431009,431037,431093,431114,431227,431264,431310,431359,431444,431482,431536,431649,431665,431711,439057,439076&SEX=TOTAL"
2021,430120,Altafulla,Y018,18 anys,TOTAL,POP,47,,"https://api.idescat.cat/taules/v2/censph/10/5975/mun/data?lang=ca&YEAR=2021&MUN=430120,430430,430477,430509,430957,430976,431009,431037,431093,431114,431227,431264,431310,431359,431444,431482,431536,431649,431665,431711,439057,439076&SEX=TOTAL"
2021,430120,Altafulla,Y019,19 anys,TOTAL,POP,58,,"https://api.idescat.cat/taules/v2/censph/10/5975/mun/data?lang=ca&YEAR=2021&MUN=430120,430430,430477,430509,430957,430976,431009,431037,431093,431114,431227,431264,431310,431359,431444,431482,431536,431649,431665,431711,439057,439076&SEX=TOTAL"
2021,430120,Altafulla,Y020,20 anys,TOTAL,POP,48,,"https://api.idescat.cat/taules/v2/censph/10/5975/mun/data?lang=ca&YEAR=2021&MUN=430120,430430,430477,430509,430957,430976,431009,431037,431093,431114,431227,431264,431310,431359,431444,431482,431536,431649,431665,431711,439057,439076&SEX=TOTAL"
2021,430120,Altafulla,Y021,21 anys,TOTAL,POP,61,,"https://api.idescat.cat/taules/v2/censph/10/5975/mun/data?lang=ca&YEAR=2021&MUN=430120,430430,430477,430509,430957,430976,431009,431037,431093,431114,431227,431264,431310,431359,431444,431482,431536,431649,431665,431711,439057,439076&SEX=TOTAL"
2021,430120,Altafulla,Y022,22 anys,TOTAL,POP,56,,"https://api.idescat.cat/taules/v2/censph/10/5975/mun/data?lang=ca&YEAR=2021&MUN=430120,430430,430477,430509,430957,430976,431009,431037,431093,431114,431227,431264,431310,431359,431444,431482,431536,431649,431665,431711,439057,439076&SEX=TOTAL"
2021,430120,Altafulla,Y023,23 anys,TOTAL,POP,48,,"https://api.idescat.cat/taules/v2/censph/10/5975/mun/data?lang=ca&YEAR=2021&MUN=430120,430430,430477,430509,430957,430976,431009,431037,431093,431114,431227,431264,431310,431359,431444,431482,431536,431649,431665,431711,439057,439076&SEX=TOTAL"
2021,430120,Altafulla,Y024,24 anys,TOTAL,POP,52,,"https://api.idescat.cat/taules/v2/censph/10/5975/mun/data?lang=ca&YEAR=2021&MUN=430120,430430,430477,430509,430957,430976,431009,431037,431093,431114,431227,431264,431310,431359,431444,431482,431536,431649,431665,431711,439057,439076&SEX=TOTAL"
2021,430120,Altafulla,Y025,25 anys,TOTAL,POP,48,,"https://api.idescat.cat/taules/v2/censph/10/5975/mun/data?lang=ca&YEAR=2021&MUN=430120,430430,430477,430509,430957,430976,431009,431037,431093,431114,431227,431264,431310,431359,431444,431482,431536,431649,431665,431711,439057,439076&SEX=TOTAL"
2021,430120,Altafulla,Y026,26 anys,TOTAL,POP,34,,"https://api.idescat.cat/taules/v2/censph/10/5975/mun/data?lang=ca&YEAR=2021&MUN=430120,430430,430477,430509,430957,430976,431009,431037,431093,431114,431227,431264,431310,431359,431444,431482,431536,431649,431665,431711,439057,439076&SEX=TOTAL"
2021,430120,Altafulla,Y027,27 anys,TOTAL,POP,32,,"https://api.idescat.cat/taules/v2/censph/10/5975/mun/data?lang=ca&YEAR=2021&MUN=430120,430430,430477,430509,430957,430976,431009,431037,431093,431114,431227,431264,431310,431359,431444,431482,431536,431649,431665,431711,439057,439076&SEX=TOTAL"
2021,430120,Altafulla,Y028,28 anys,TOTAL,POP,58,,"https://api.idescat.cat/taules/v2/censph/10/5975/mun/data?lang=ca&YEAR=2021&MUN=430120,430430,430477,430509,430957,430976,431009,431037,431093,431114,431227,431264,431310,431359,431444,431482,431536,431649,431665,431711,439057,439076&SEX=TOTAL"
2021,430120,Altafulla,Y029,29 anys,TOTAL,POP,43,,"https://api.idescat.cat/taules/v2/censph/10/5975/mun/data?lang=ca&YEAR=2021&MUN=430120,430430,430477,430509,430957,430976,431009,431037,431093,431114,431227,431264,431310,431359,431444,431482,431536,431649,431665,431711,439057,439076&SEX=TOTAL"
2021,430120,Altafulla,Y030,30 anys,TOTAL,POP,50.0,,"https://api.idescat.cat/taules/v2/censph/10/5975/mun/data?lang=ca&YEAR=2021&MUN=430120,430430,430477,430509,430957,430976,431009,431037,431093,431114,431227,431264,431310,431359,431444,431482,431536,431649,431665,431711,439057,439076&SEX=TOTAL"
2021,430120,Altafulla,Y031,31 anys,TOTAL,POP,56,,"https://api.idescat.cat/taules/v2/censph/10/5975/mun/data?lang=ca&YEAR=2021&MUN=430120,430430,430477,430509,430957,430976,431009,431037,431093,431114,431227,431264,431310,431359,431444,431482,431536,431649,431665,431711,439057,439076&SEX=TOTAL"
2021,430120,Altafulla,Y032,32 anys,TOTAL,POP,51,,"https://api.idescat.cat/taules/v2/censph/10/5975/mun/data?lang=ca&YEAR=2021&MUN=430120,430430,430477,430509,430957,430976,431009,431037,431093,431114,431227,431264,431310,431359,431444,431482,431536,431649,431665,431711,439057,439076&SEX=TOTAL"
2021,430120,Altafulla,Y033,33 anys,TOTAL,POP,41,,"https://api.idescat.cat/taules/v2/censph/10/5975/mun/data?lang=ca&YEAR=2021&MUN=430120,430430,430477,430509,430957,430976,431009,431037,431093,431114,431227,431264,431310,431359,431444,431482,431536,431649,431665,431711,439057,439076&SEX=TOTAL"
2021,430120,Altafulla,Y034,34 anys,TOTAL,POP,52,,"https://api.idescat.cat/taules/v2/censph/10/5975/mun/data?lang=ca&YEAR=2021&MUN=430120,430430,430477,430509,430957,430976,431009,431037,431093,431114,431227,431264,431310,431359,431444,431482,431536,431649,431665,431711,439057,439076&SEX=TOTAL"
2021,430120,Altafulla,Y035,35 anys,TOTAL,POP,55,,"https://api.idescat.cat/taules/v2/censph/10/5975/mun/data?lang=ca&YEAR=2021&MUN=430120,430430,430477,430509,430957,430976,431009,431037,431093,431114,431227,431264,431310,431359,431444,431482,431536,431649,431665,431711,439057,439076&SEX=TOTAL"
2021,430120,Altafulla,Y036,36 anys,TOTAL,POP,75,,"https://api.idescat.cat/taules/v2/censph/10/5975/mun/data?lang=ca&YEAR=2021&MUN=430120,430430,430477,430509,430957,430976,431009,431037,431093,431114,431227,431264,431310,431359,431444,431482,431536,431649,431665,431711,439057,439076&SEX=TOTAL"
2021,430120,Altafulla,Y037,37 anys,TOTAL,POP,73,,"https://api.idescat.cat/taules/v2/censph/10/5975/mun/data?lang=ca&YEAR=2021&MUN=430120,430430,430477,430509,430957,430976,431009,431037,431093,431114,431227,431264,431310,431359,431444,431482,431536,431649,431665,431711,439057,439076&SEX=TOTAL"
2021,430120,Altafulla,Y038,38 anys,TOTAL,POP,86,,"https://api.idescat.cat/taules/v2/censph/10/5975/mun/data?lang=ca&YEAR=2021&MUN=430120,430430,430477,430509,430957,430976,431009,431037,431093,431114,431227,431264,431310,431359,431444,431482,431536,431649,431665,431711,439057,439076&SEX=TOTAL"
2021,430120,Altafulla,Y039,39 anys,TOTAL,POP,91,,"https://api.idescat.cat/taules/v2/censph/10/5975/mun/data?lang=ca&YEAR=2021&MUN=430120,430430,430477,430509,430957,430976,431009,431037,431093,431114,431227,431264,431310,431359,431444,431482,431536,431649,431665,431711,439057,439076&SEX=TOTAL"
2021,430120,Altafulla,Y040,40 anys,TOTAL,POP,92,,"https://api.idescat.cat/taules/v2/censph/10/5975/mun/data?lang=ca&YEAR=2021&MUN=430120,430430,430477,430509,430957,430976,431009,431037,431093,431114,431227,431264,431310,431359,431444,431482,431536,431649,431665,431711,439057,439076&SEX=TOTAL"
2021,430120,Altafulla,Y041,41 anys,TOTAL,POP,79,,"https://api.idescat.cat/taules/v2/censph/10/5975/mun/data?lang=ca&YEAR=2021&MUN=430120,430430,430477,430509,430957,430976,431009,431037,431093,431114,431227,431264,431310,431359,431444,431482,431536,431649,431665,431711,439057,439076&SEX=TOTAL"
2021,430120,Altafulla,Y042,42 anys,TOTAL,POP,104,,"https://api.idescat.cat/taules/v2/censph/10/5975/mun/data?lang=ca&YEAR=2021&MUN=430120,430430,430477,430509,430957,430976,431009,431037,431093,431114,431227,431264,431310,431359,431444,431482,431536,431649,431665,431711,439057,439076&SEX=TOTAL"
2021,430120,Altafulla,Y043,43 anys,TOTAL,POP,103,,"https://api.idescat.cat/taules/v2/censph/10/5975/mun/data?lang=ca&YEAR=2021&MUN=430120,430430,430477,430509,430957,430976,431009,431037,431093,431114,431227,431264,431310,431359,431444,431482,431536,431649,431665,431711,439057,439076&SEX=TOTAL"
2021,430120,Altafulla,Y044,44 anys,TOTAL,POP,90.0,,"https://api.idescat.cat/taules/v2/censph/10/5975/mun/data?lang=ca&YEAR=2021&MUN=430120,430430,430477,430509,430957,430976,431009,431037,431093,431114,431227,431264,431310,431359,431444,431482,431536,431649,431665,431711,439057,439076&SEX=TOTAL"
2021,430120,Altafulla,Y045,45 anys,TOTAL,POP,116,,"https://api.idescat.cat/taules/v2/censph/10/5975/mun/data?lang=ca&YEAR=2021&MUN=430120,430430,430477,430509,430957,430976,431009,431037,431093,431114,431227,431264,431310,431359,431444,431482,431536,431649,431665,431711,439057,439076&SEX=TOTAL"
2021,430120,Altafulla,Y046,46 anys,TOTAL,POP,108,,"https://api.idescat.cat/taules/v2/censph/10/5975/mun/data?lang=ca&YEAR=2021&MUN=430120,430430,430477,430509,430957,430976,431009,431037,431093,431114,431227,431264,431310,431359,431444,431482,431536,431649,431665,431711,439057,439076&SEX=TOTAL"
2021,430120,Altafulla,Y047,47 anys,TOTAL,POP,74,,"https://api.idescat.cat/taules/v2/censph/10/5975/mun/data?lang=ca&YEAR=2021&MUN=430120,430430,430477,430509,430957,430976,431009,431037,431093,431114,431227,431264,431310,431359,431444,431482,431536,431649,431665,431711,439057,439076&SEX=TOTAL"
2021,430120,Altafulla,Y048,48 anys,TOTAL,POP,93,,"https://api.idescat.cat/taules/v2/censph/10/5975/mun/data?lang=ca&YEAR=2021&MUN=430120,430430,430477,430509,430957,430976,431009,431037,431093,431114,431227,431264,431310,431359,431444,431482,431536,431649,431665,431711,439057,439076&SEX=TOTAL"
2021,430120,Altafulla,Y049,49 anys,TOTAL,POP,89,,"https://api.idescat.cat/taules/v2/censph/10/5975/mun/data?lang=ca&YEAR=2021&MUN=430120,430430,430477,430509,430957,430976,431009,431037,431093,431114,431227,431264,431310,431359,431444,431482,431536,431649,431665,431711,439057,439076&SEX=TOTAL"
2021,430120,Altafulla,Y050,50 anys,TOTAL,POP,82,,"https://api.idescat.cat/taules/v2/censph/10/5975/mun/data?lang=ca&YEAR=2021&MUN=430120,430430,430477,430509,430957,430976,431009,431037,431093,431114,431227,431264,431310,431359,431444,431482,431536,431649,431665,431711,439057,439076&SEX=TOTAL"
2021,430120,Altafulla,Y051,51 anys,TOTAL,POP,82,,"https://api.idescat.cat/taules/v2/censph/10/5975/mun/data?lang=ca&YEAR=2021&MUN=430120,430430,430477,430509,430957,430976,431009,431037,431093,431114,431227,431264,431310,431359,431444,431482,431536,431649,431665,431711,439057,439076&SEX=TOTAL"
2021,430120,Altafulla,Y052,52 anys,TOTAL,POP,93,,"https://api.idescat.cat/taules/v2/censph/10/5975/mun/data?lang=ca&YEAR=2021&MUN=430120,430430,430477,430509,430957,430976,431009,431037,431093,431114,431227,431264,431310,431359,431444,431482,431536,431649,431665,431711,439057,439076&SEX=TOTAL"
2021,430120,Altafulla,Y053,53 anys,TOTAL,POP,75,,"https://api.idescat.cat/taules/v2/censph/10/5975/mun/data?lang=ca&YEAR=2021&MUN=430120,430430,430477,430509,430957,430976,431009,431037,431093,431114,431227,431264,431310,431359,431444,431482,431536,431649,431665,431711,439057,439076&SEX=TOTAL"
2021,430120,Altafulla,Y054,54 anys,TOTAL,POP,80.0,,"https://api.idescat.cat/taules/v2/censph/10/5975/mun/data?lang=ca&YEAR=2021&MUN=430120,430430,430477,430509,430957,430976,431009,431037,431093,431114,431227,431264,431310,431359,431444,431482,431536,431649,431665,431711,439057,439076&SEX=TOTAL"
2021,430120,Altafulla,Y055,55 anys,TOTAL,POP,90.0,,"https://api.idescat.cat/taules/v2/censph/10/5975/mun/data?lang=ca&YEAR=2021&MUN=430120,430430,430477,430509,430957,430976,431009,431037,431093,431114,431227,431264,431310,431359,431444,431482,431536,431649,431665,431711,439057,439076&SEX=TOTAL"
2021,430120,Altafulla,Y056,56 anys,TOTAL,POP,93,,"https://api.idescat.cat/taules/v2/censph/10/5975/mun/data?lang=ca&YEAR=2021&MUN=430120,430430,430477,430509,430957,430976,431009,431037,431093,431114,431227,431264,431310,431359,431444,431482,431536,431649,431665,431711,439057,439076&SEX=TOTAL"
2021,430120,Altafulla,Y057,57 anys,TOTAL,POP,79,,"https://api.idescat.cat/taules/v2/censph/10/5975/mun/data?lang=ca&YEAR=2021&MUN=430120,430430,430477,430509,430957,430976,431009,431037,431093,431114,431227,431264,431310,431359,431444,431482,431536,431649,431665,431711,439057,439076&SEX=TOTAL"
2021,430120,Altafulla,Y058,58 anys,TOTAL,POP,85,,"https://api.idescat.cat/taules/v2/censph/10/5975/mun/data?lang=ca&YEAR=2021&MUN=430120,430430,430477,430509,430957,430976,431009,431037,431093,431114,431227,431264,431310,431359,431444,431482,431536,431649,431665,431711,439057,439076&SEX=TOTAL"
2021,430120,Altafulla,Y059,59 anys,TOTAL,POP,82,,"https://api.idescat.cat/taules/v2/censph/10/5975/mun/data?lang=ca&YEAR=2021&MUN=430120,430430,430477,430509,430957,430976,431009,431037,431093,431114,431227,431264,431310,431359,431444,431482,431536,431649,431665,431711,439057,439076&SEX=TOTAL"
2021,430120,Altafulla,Y060,60 anys,TOTAL,POP,90.0,,"https://api.idescat.cat/taules/v2/censph/10/5975/mun/data?lang=ca&YEAR=2021&MUN=430120,430430,430477,430509,430957,430976,431009,431037,431093,431114,431227,431264,431310,431359,431444,431482,431536,431649,431665,431711,439057,439076&SEX=TOTAL"
2021,430120,Altafulla,Y061,61 anys,TOTAL,POP,61,,"https://api.idescat.cat/taules/v2/censph/10/5975/mun/data?lang=ca&YEAR=2021&MUN=430120,430430,430477,430509,430957,430976,431009,431037,431093,431114,431227,431264,431310,431359,431444,431482,431536,431649,431665,431711,439057,439076&SEX=TOTAL"
2021,430120,Altafulla,Y062,62 anys,TOTAL,POP,68,,"https://api.idescat.cat/taules/v2/censph/10/5975/mun/data?lang=ca&YEAR=2021&MUN=430120,430430,430477,430509,430957,430976,431009,431037,431093,431114,431227,431264,431310,431359,431444,431482,431536,431649,431665,431711,439057,439076&SEX=TOTAL"
2021,430120,Altafulla,Y063,63 anys,TOTAL,POP,83,,"https://api.idescat.cat/taules/v2/censph/10/5975/mun/data?lang=ca&YEAR=2021&MUN=430120,430430,430477,430509,430957,430976,431009,431037,431093,431114,431227,431264,431310,431359,431444,431482,431536,431649,431665,431711,439057,439076&SEX=TOTAL"
2021,430120,Altafulla,Y064,64 anys,TOTAL,POP,55,,"https://api.idescat.cat/taules/v2/censph/10/5975/mun/data?lang=ca&YEAR=2021&MUN=430120,430430,430477,430509,430957,430976,431009,431037,431093,431114,431227,431264,431310,431359,431444,431482,431536,431649,431665,431711,439057,439076&SEX=TOTAL"
2021,430120,Altafulla,Y065,65 anys,TOTAL,POP,65,,"https://api.idescat.cat/taules/v2/censph/10/5975/mun/data?lang=ca&YEAR=2021&MUN=430120,430430,430477,430509,430957,430976,431009,431037,431093,431114,431227,431264,431310,431359,431444,431482,431536,431649,431665,431711,439057,439076&SEX=TOTAL"
2021,430120,Altafulla,Y066,66 anys,TOTAL,POP,77,,"https://api.idescat.cat/taules/v2/censph/10/5975/mun/data?lang=ca&YEAR=2021&MUN=430120,430430,430477,430509,430957,430976,431009,431037,431093,431114,431227,431264,431310,431359,431444,431482,431536,431649,431665,431711,439057,439076&SEX=TOTAL"
2021,430120,Altafulla,Y067,67 anys,TOTAL,POP,66,,"https://api.idescat.cat/taules/v2/censph/10/5975/mun/data?lang=ca&YEAR=2021&MUN=430120,430430,430477,430509,430957,430976,431009,431037,431093,431114,431227,431264,431310,431359,431444,431482,431536,431649,431665,431711,439057,439076&SEX=TOTAL"
2021,430120,Altafulla,Y068,68 anys,TOTAL,POP,71,,"https://api.idescat.cat/taules/v2/censph/10/5975/mun/data?lang=ca&YEAR=2021&MUN=430120,430430,430477,430509,430957,430976,431009,431037,431093,431114,431227,431264,431310,431359,431444,431482,431536,431649,431665,431711,439057,439076&SEX=TOTAL"
2021,430120,Altafulla,Y069,69 anys,TOTAL,POP,60.0,,"https://api.idescat.cat/taules/v2/censph/10/5975/mun/data?lang=ca&YEAR=2021&MUN=430120,430430,430477,430509,430957,430976,431009,431037,431093,431114,431227,431264,431310,431359,431444,431482,431536,431649,431665,431711,439057,439076&SEX=TOTAL"
2021,430120,Altafulla,Y070,70 anys,TOTAL,POP,60.0,,"https://api.idescat.cat/taules/v2/censph/10/5975/mun/data?lang=ca&YEAR=2021&MUN=430120,430430,430477,430509,430957,430976,431009,431037,431093,431114,431227,431264,431310,431359,431444,431482,431536,431649,431665,431711,439057,439076&SEX=TOTAL"
2021,430120,Altafulla,Y071,71 anys,TOTAL,POP,48,,"https://api.idescat.cat/taules/v2/censph/10/5975/mun/data?lang=ca&YEAR=2021&MUN=430120,430430,430477,430509,430957,430976,431009,431037,431093,431114,431227,431264,431310,431359,431444,431482,431536,431649,431665,431711,439057,439076&SEX=TOTAL"
2021,430120,Altafulla,Y072,72 anys,TOTAL,POP,50.0,,"https://api.idescat.cat/taules/v2/censph/10/5975/mun/data?lang=ca&YEAR=2021&MUN=430120,430430,430477,430509,430957,430976,431009,431037,431093,431114,431227,431264,431310,431359,431444,431482,431536,431649,431665,431711,439057,439076&SEX=TOTAL"
2021,430120,Altafulla,Y073,73 anys,TOTAL,POP,52,,"https://api.idescat.cat/taules/v2/censph/10/5975/mun/data?lang=ca&YEAR=2021&MUN=430120,430430,430477,430509,430957,430976,431009,431037,431093,431114,431227,431264,431310,431359,431444,431482,431536,431649,431665,431711,439057,439076&SEX=TOTAL"
2021,430120,Altafulla,Y074,74 anys,TOTAL,POP,60.0,,"https://api.idescat.cat/taules/v2/censph/10/5975/mun/data?lang=ca&YEAR=2021&MUN=430120,430430,430477,430509,430957,430976,431009,431037,431093,431114,431227,431264,431310,431359,431444,431482,431536,431649,431665,431711,439057,439076&SEX=TOTAL"
2021,430120,Altafulla,Y075,75 anys,TOTAL,POP,31,,"https://api.idescat.cat/taules/v2/censph/10/5975/mun/data?lang=ca&YEAR=2021&MUN=430120,430430,430477,430509,430957,430976,431009,431037,431093,431114,431227,431264,431310,431359,431444,431482,431536,431649,431665,431711,439057,439076&SEX=TOTAL"
2021,430120,Altafulla,Y076,76 anys,TOTAL,POP,35,,"https://api.idescat.cat/taules/v2/censph/10/5975/mun/data?lang=ca&YEAR=2021&MUN=430120,430430,430477,430509,430957,430976,431009,431037,431093,431114,431227,431264,431310,431359,431444,431482,431536,431649,431665,431711,439057,439076&SEX=TOTAL"
2021,430120,Altafulla,Y077,77 anys,TOTAL,POP,51,,"https://api.idescat.cat/taules/v2/censph/10/5975/mun/data?lang=ca&YEAR=2021&MUN=430120,430430,430477,430509,430957,430976,431009,431037,431093,431114,431227,431264,431310,431359,431444,431482,431536,431649,431665,431711,439057,439076&SEX=TOTAL"
2021,430120,Altafulla,Y078,78 anys,TOTAL,POP,26,,"https://api.idescat.cat/taules/v2/censph/10/5975/mun/data?lang=ca&YEAR=2021&MUN=430120,430430,430477,430509,430957,430976,431009,431037,431093,431114,431227,431264,431310,431359,431444,431482,431536,431649,431665,431711,439057,439076&SEX=TOTAL"
2021,430120,Altafulla,Y079,79 anys,TOTAL,POP,26,,"https://api.idescat.cat/taules/v2/censph/10/5975/mun/data?lang=ca&YEAR=2021&MUN=430120,430430,430477,430509,430957,430976,431009,431037,431093,431114,431227,431264,431310,431359,431444,431482,431536,431649,431665,431711,439057,439076&SEX=TOTAL"
2021,430120,Altafulla,Y080,80 anys,TOTAL,POP,31,,"https://api.idescat.cat/taules/v2/censph/10/5975/mun/data?lang=ca&YEAR=2021&MUN=430120,430430,430477,430509,430957,430976,431009,431037,431093,431114,431227,431264,431310,431359,431444,431482,431536,431649,431665,431711,439057,439076&SEX=TOTAL"
2021,430120,Altafulla,Y081,81 anys,TOTAL,POP,13,,"https://api.idescat.cat/taules/v2/censph/10/5975/mun/data?lang=ca&YEAR=2021&MUN=430120,430430,430477,430509,430957,430976,431009,431037,431093,431114,431227,431264,431310,431359,431444,431482,431536,431649,431665,431711,439057,439076&SEX=TOTAL"
2021,430120,Altafulla,Y082,82 anys,TOTAL,POP,16,,"https://api.idescat.cat/taules/v2/censph/10/5975/mun/data?lang=ca&YEAR=2021&MUN=430120,430430,430477,430509,430957,430976,431009,431037,431093,431114,431227,431264,431310,431359,431444,431482,431536,431649,431665,431711,439057,439076&SEX=TOTAL"
2021,430120,Altafulla,Y083,83 anys,TOTAL,POP,22,,"https://api.idescat.cat/taules/v2/censph/10/5975/mun/data?lang=ca&YEAR=2021&MUN=430120,430430,430477,430509,430957,430976,431009,431037,431093,431114,431227,431264,431310,431359,431444,431482,431536,431649,431665,431711,439057,439076&SEX=TOTAL"
2021,430120,Altafulla,Y084,84 anys,TOTAL,POP,13,,"https://api.idescat.cat/taules/v2/censph/10/5975/mun/data?lang=ca&YEAR=2021&MUN=430120,430430,430477,430509,430957,430976,431009,431037,431093,431114,431227,431264,431310,431359,431444,431482,431536,431649,431665,431711,439057,439076&SEX=TOTAL"
2021,430120,Altafulla,Y085,85 anys,TOTAL,POP,20.0,,"https://api.idescat.cat/taules/v2/censph/10/5975/mun/data?lang=ca&YEAR=2021&MUN=430120,430430,430477,430509,430957,430976,431009,431037,431093,431114,431227,431264,431310,431359,431444,431482,431536,431649,431665,431711,439057,439076&SEX=TOTAL"
2021,430120,Altafulla,Y086,86 anys,TOTAL,POP,26,,"https://api.idescat.cat/taules/v2/censph/10/5975/mun/data?lang=ca&YEAR=2021&MUN=430120,430430,430477,430509,430957,430976,431009,431037,431093,431114,431227,431264,431310,431359,431444,431482,431536,431649,431665,431711,439057,439076&SEX=TOTAL"
2021,430120,Altafulla,Y087,87 anys,TOTAL,POP,20.0,,"https://api.idescat.cat/taules/v2/censph/10/5975/mun/data?lang=ca&YEAR=2021&MUN=430120,430430,430477,430509,430957,430976,431009,431037,431093,431114,431227,431264,431310,431359,431444,431482,431536,431649,431665,431711,439057,439076&SEX=TOTAL"
2021,430120,Altafulla,Y088,88 anys,TOTAL,POP,12,,"https://api.idescat.cat/taules/v2/censph/10/5975/mun/data?lang=ca&YEAR=2021&MUN=430120,430430,430477,430509,430957,430976,431009,431037,431093,431114,431227,431264,431310,431359,431444,431482,431536,431649,431665,431711,439057,439076&SEX=TOTAL"
2021,430120,Altafulla,Y089,89 anys,TOTAL,POP,11,,"https://api.idescat.cat/taules/v2/censph/10/5975/mun/data?lang=ca&YEAR=2021&MUN=430120,430430,430477,430509,430957,430976,431009,431037,431093,431114,431227,431264,431310,431359,431444,431482,431536,431649,431665,431711,439057,439076&SEX=TOTAL"
2021,430120,Altafulla,Y090,90 anys,TOTAL,POP,11,,"https://api.idescat.cat/taules/v2/censph/10/5975/mun/data?lang=ca&YEAR=2021&MUN=430120,430430,430477,430509,430957,430976,431009,431037,431093,431114,431227,431264,431310,431359,431444,431482,431536,431649,431665,431711,439057,439076&SEX=TOTAL"
2021,430120,Altafulla,Y091,91 anys,TOTAL,POP,9,,"https://api.idescat.cat/taules/v2/censph/10/5975/mun/data?lang=ca&YEAR=2021&MUN=430120,430430,430477,430509,430957,430976,431009,431037,431093,431114,431227,431264,431310,431359,431444,431482,431536,431649,431665,431711,439057,439076&SEX=TOTAL"
2021,430120,Altafulla,Y092,92 anys,TOTAL,POP,10.0,,"https://api.idescat.cat/taules/v2/censph/10/5975/mun/data?lang=ca&YEAR=2021&MUN=430120,430430,430477,430509,430957,430976,431009,431037,431093,431114,431227,431264,431310,431359,431444,431482,431536,431649,431665,431711,439057,439076&SEX=TOTAL"
2021,430120,Altafulla,Y093,93 anys,TOTAL,POP,2,,"https://api.idescat.cat/taules/v2/censph/10/5975/mun/data?lang=ca&YEAR=2021&MUN=430120,430430,430477,430509,430957,430976,431009,431037,431093,431114,431227,431264,431310,431359,431444,431482,431536,431649,431665,431711,439057,439076&SEX=TOTAL"
2021,430120,Altafulla,Y094,94 anys,TOTAL,POP,2,,"https://api.idescat.cat/taules/v2/censph/10/5975/mun/data?lang=ca&YEAR=2021&MUN=430120,430430,430477,430509,430957,430976,431009,431037,431093,431114,431227,431264,431310,431359,431444,431482,431536,431649,431665,431711,439057,439076&SEX=TOTAL"
2021,430120,Altafulla,Y095,95 anys,TOTAL,POP,2,,"https://api.idescat.cat/taules/v2/censph/10/5975/mun/data?lang=ca&YEAR=2021&MUN=430120,430430,430477,430509,430957,430976,431009,431037,431093,431114,431227,431264,431310,431359,431444,431482,431536,431649,431665,431711,439057,439076&SEX=TOTAL"
2021,430120,Altafulla,Y096,96 anys,TOTAL,POP,2,,"https://api.idescat.cat/taules/v2/censph/10/5975/mun/data?lang=ca&YEAR=2021&MUN=430120,430430,430477,430509,430957,430976,431009,431037,431093,431114,431227,431264,431310,431359,431444,431482,431536,431649,431665,431711,439057,439076&SEX=TOTAL"
2021,430120,Altafulla,Y097,97 anys,TOTAL,POP,2,,"https://api.idescat.cat/taules/v2/censph/10/5975/mun/data?lang=ca&YEAR=2021&MUN=430120,430430,430477,430509,430957,430976,431009,431037,431093,431114,431227,431264,431310,431359,431444,431482,431536,431649,431665,431711,439057,439076&SEX=TOTAL"
2021,430120,Altafulla,Y098,98 anys,TOTAL,POP,2,,"https://api.idescat.cat/taules/v2/censph/10/5975/mun/data?lang=ca&YEAR=2021&MUN=430120,430430,430477,430509,430957,430976,431009,431037,431093,431114,431227,431264,431310,431359,431444,431482,431536,431649,431665,431711,439057,439076&SEX=TOTAL"
2021,430120,Altafulla,Y099,99 anys,TOTAL,POP,1,,"https://api.idescat.cat/taules/v2/censph/10/5975/mun/data?lang=ca&YEAR=2021&MUN=430120,430430,430477,430509,430957,430976,431009,431037,431093,431114,431227,431264,431310,431359,431444,431482,431536,431649,431665,431711,439057,439076&SEX=TOTAL"
2021,430120,Altafulla,Y_GE100,100 anys o més,TOTAL,POP,2,,"https://api.idescat.cat/taules/v2/censph/10/5975/mun/data?lang=ca&YEAR=2021&MUN=430120,430430,430477,430509,430957,430976,431009,431037,431093,431114,431227,431264,431310,431359,431444,431482,431536,431649,431665,431711,439057,439076&SEX=TOTAL"
2021,430120,Altafulla,TOTAL,total,TOTAL,POP,5496,,"https://api.idescat.cat/taules/v2/censph/10/5975/mun/data?lang=ca&YEAR=2021&MUN=430120,430430,430477,430509,430957,430976,431009,431037,431093,431114,431227,431264,431310,431359,431444,431482,431536,431649,431665,431711,439057,439076&SEX=TOTAL"
2021,439076,"Canonja, la",Y000,0 anys,TOTAL,POP,48,,"https://api.idescat.cat/taules/v2/censph/10/5975/mun/data?lang=ca&YEAR=2021&MUN=430120,430430,430477,430509,430957,430976,431009,431037,431093,431114,431227,431264,431310,431359,431444,431482,431536,431649,431665,431711,439057,439076&SEX=TOTAL"
2021,439076,"Canonja, la",Y001,1 any,TOTAL,POP,55,,"https://api.idescat.cat/taules/v2/censph/10/5975/mun/data?lang=ca&YEAR=2021&MUN=430120,430430,430477,430509,430957,430976,431009,431037,431093,431114,431227,431264,431310,431359,431444,431482,431536,431649,431665,431711,439057,439076&SEX=TOTAL"
2021,439076,"Canonja, la",Y002,2 anys,TOTAL,POP,56,,"https://api.idescat.cat/taules/v2/censph/10/5975/mun/data?lang=ca&YEAR=2021&MUN=430120,430430,430477,430509,430957,430976,431009,431037,431093,431114,431227,431264,431310,431359,431444,431482,431536,431649,431665,431711,439057,439076&SEX=TOTAL"
2021,439076,"Canonja, la",Y003,3 anys,TOTAL,POP,53,,"https://api.idescat.cat/taules/v2/censph/10/5975/mun/data?lang=ca&YEAR=2021&MUN=430120,430430,430477,430509,430957,430976,431009,431037,431093,431114,431227,431264,431310,431359,431444,431482,431536,431649,431665,431711,439057,439076&SEX=TOTAL"
2021,439076,"Canonja, la",Y004,4 anys,TOTAL,POP,67,,"https://api.idescat.cat/taules/v2/censph/10/5975/mun/data?lang=ca&YEAR=2021&MUN=430120,430430,430477,430509,430957,430976,431009,431037,431093,431114,431227,431264,431310,431359,431444,431482,431536,431649,431665,431711,439057,439076&SEX=TOTAL"
2021,439076,"Canonja, la",Y005,5 anys,TOTAL,POP,55,,"https://api.idescat.cat/taules/v2/censph/10/5975/mun/data?lang=ca&YEAR=2021&MUN=430120,430430,430477,430509,430957,430976,431009,431037,431093,431114,431227,431264,431310,431359,431444,431482,431536,431649,431665,431711,439057,439076&SEX=TOTAL"
2021,439076,"Canonja, la",Y006,6 anys,TOTAL,POP,65,,"https://api.idescat.cat/taules/v2/censph/10/5975/mun/data?lang=ca&YEAR=2021&MUN=430120,430430,430477,430509,430957,430976,431009,431037,431093,431114,431227,431264,431310,431359,431444,431482,431536,431649,431665,431711,439057,439076&SEX=TOTAL"
2021,439076,"Canonja, la",Y007,7 anys,TOTAL,POP,64,,"https://api.idescat.cat/taules/v2/censph/10/5975/mun/data?lang=ca&YEAR=2021&MUN=430120,430430,430477,430509,430957,430976,431009,431037,431093,431114,431227,431264,431310,431359,431444,431482,431536,431649,431665,431711,439057,439076&SEX=TOTAL"
2021,439076,"Canonja, la",Y008,8 anys,TOTAL,POP,64,,"https://api.idescat.cat/taules/v2/censph/10/5975/mun/data?lang=ca&YEAR=2021&MUN=430120,430430,430477,430509,430957,430976,431009,431037,431093,431114,431227,431264,431310,431359,431444,431482,431536,431649,431665,431711,439057,439076&SEX=TOTAL"
2021,439076,"Canonja, la",Y009,9 anys,TOTAL,POP,76,,"https://api.idescat.cat/taules/v2/censph/10/5975/mun/data?lang=ca&YEAR=2021&MUN=430120,430430,430477,430509,430957,430976,431009,431037,431093,431114,431227,431264,431310,431359,431444,431482,431536,431649,431665,431711,439057,439076&SEX=TOTAL"
2021,439076,"Canonja, la",Y010,10 anys,TOTAL,POP,81,,"https://api.idescat.cat/taules/v2/censph/10/5975/mun/data?lang=ca&YEAR=2021&MUN=430120,430430,430477,430509,430957,430976,431009,431037,431093,431114,431227,431264,431310,431359,431444,431482,431536,431649,431665,431711,439057,439076&SEX=TOTAL"
2021,439076,"Canonja, la",Y011,11 anys,TOTAL,POP,86,,"https://api.idescat.cat/taules/v2/censph/10/5975/mun/data?lang=ca&YEAR=2021&MUN=430120,430430,430477,430509,430957,430976,431009,431037,431093,431114,431227,431264,431310,431359,431444,431482,431536,431649,431665,431711,439057,439076&SEX=TOTAL"
2021,439076,"Canonja, la",Y012,12 anys,TOTAL,POP,83,,"https://api.idescat.cat/taules/v2/censph/10/5975/mun/data?lang=ca&YEAR=2021&MUN=430120,430430,430477,430509,430957,430976,431009,431037,431093,431114,431227,431264,431310,431359,431444,431482,431536,431649,431665,431711,439057,439076&SEX=TOTAL"
2021,439076,"Canonja, la",Y013,13 anys,TOTAL,POP,74,,"https://api.idescat.cat/taules/v2/censph/10/5975/mun/data?lang=ca&YEAR=2021&MUN=430120,430430,430477,430509,430957,430976,431009,431037,431093,431114,431227,431264,431310,431359,431444,431482,431536,431649,431665,431711,439057,439076&SEX=TOTAL"
2021,439076,"Canonja, la",Y014,14 anys,TOTAL,POP,90.0,,"https://api.idescat.cat/taules/v2/censph/10/5975/mun/data?lang=ca&YEAR=2021&MUN=430120,430430,430477,430509,430957,430976,431009,431037,431093,431114,431227,431264,431310,431359,431444,431482,431536,431649,431665,431711,439057,439076&SEX=TOTAL"
2021,439076,"Canonja, la",Y015,15 anys,TOTAL,POP,78,,"https://api.idescat.cat/taules/v2/censph/10/5975/mun/data?lang=ca&YEAR=2021&MUN=430120,430430,430477,430509,430957,430976,431009,431037,431093,431114,431227,431264,431310,431359,431444,431482,431536,431649,431665,431711,439057,439076&SEX=TOTAL"
2021,439076,"Canonja, la",Y016,16 anys,TOTAL,POP,73,,"https://api.idescat.cat/taules/v2/censph/10/5975/mun/data?lang=ca&YEAR=2021&MUN=430120,430430,430477,430509,430957,430976,431009,431037,431093,431114,431227,431264,431310,431359,431444,431482,431536,431649,431665,431711,439057,439076&SEX=TOTAL"
2021,439076,"Canonja, la",Y017,17 anys,TOTAL,POP,64,,"https://api.idescat.cat/taules/v2/censph/10/5975/mun/data?lang=ca&YEAR=2021&MUN=430120,430430,430477,430509,430957,430976,431009,431037,431093,431114,431227,431264,431310,431359,431444,431482,431536,431649,431665,431711,439057,439076&SEX=TOTAL"
2021,439076,"Canonja, la",Y018,18 anys,TOTAL,POP,66,,"https://api.idescat.cat/taules/v2/censph/10/5975/mun/data?lang=ca&YEAR=2021&MUN=430120,430430,430477,430509,430957,430976,431009,431037,431093,431114,431227,431264,431310,431359,431444,431482,431536,431649,431665,431711,439057,439076&SEX=TOTAL"
2021,439076,"Canonja, la",Y019,19 anys,TOTAL,POP,63,,"https://api.idescat.cat/taules/v2/censph/10/5975/mun/data?lang=ca&YEAR=2021&MUN=430120,430430,430477,430509,430957,430976,431009,431037,431093,431114,431227,431264,431310,431359,431444,431482,431536,431649,431665,431711,439057,439076&SEX=TOTAL"
2021,439076,"Canonja, la",Y020,20 anys,TOTAL,POP,72,,"https://api.idescat.cat/taules/v2/censph/10/5975/mun/data?lang=ca&YEAR=2021&MUN=430120,430430,430477,430509,430957,430976,431009,431037,431093,431114,431227,431264,431310,431359,431444,431482,431536,431649,431665,431711,439057,439076&SEX=TOTAL"
2021,439076,"Canonja, la",Y021,21 anys,TOTAL,POP,49,,"https://api.idescat.cat/taules/v2/censph/10/5975/mun/data?lang=ca&YEAR=2021&MUN=430120,430430,430477,430509,430957,430976,431009,431037,431093,431114,431227,431264,431310,431359,431444,431482,431536,431649,431665,431711,439057,439076&SEX=TOTAL"
2021,439076,"Canonja, la",Y022,22 anys,TOTAL,POP,65,,"https://api.idescat.cat/taules/v2/censph/10/5975/mun/data?lang=ca&YEAR=2021&MUN=430120,430430,430477,430509,430957,430976,431009,431037,431093,431114,431227,431264,431310,431359,431444,431482,431536,431649,431665,431711,439057,439076&SEX=TOTAL"
2021,439076,"Canonja, la",Y023,23 anys,TOTAL,POP,57,,"https://api.idescat.cat/taules/v2/censph/10/5975/mun/data?lang=ca&YEAR=2021&MUN=430120,430430,430477,430509,430957,430976,431009,431037,431093,431114,431227,431264,431310,431359,431444,431482,431536,431649,431665,431711,439057,439076&SEX=TOTAL"
2021,439076,"Canonja, la",Y024,24 anys,TOTAL,POP,68,,"https://api.idescat.cat/taules/v2/censph/10/5975/mun/data?lang=ca&YEAR=2021&MUN=430120,430430,430477,430509,430957,430976,431009,431037,431093,431114,431227,431264,431310,431359,431444,431482,431536,431649,431665,431711,439057,439076&SEX=TOTAL"
2021,439076,"Canonja, la",Y025,25 anys,TOTAL,POP,69,,"https://api.idescat.cat/taules/v2/censph/10/5975/mun/data?lang=ca&YEAR=2021&MUN=430120,430430,430477,430509,430957,430976,431009,431037,431093,431114,431227,431264,431310,431359,431444,431482,431536,431649,431665,431711,439057,439076&SEX=TOTAL"
2021,439076,"Canonja, la",Y026,26 anys,TOTAL,POP,66,,"https://api.idescat.cat/taules/v2/censph/10/5975/mun/data?lang=ca&YEAR=2021&MUN=430120,430430,430477,430509,430957,430976,431009,431037,431093,431114,431227,431264,431310,431359,431444,431482,431536,431649,431665,431711,439057,439076&SEX=TOTAL"
2021,439076,"Canonja, la",Y027,27 anys,TOTAL,POP,73,,"https://api.idescat.cat/taules/v2/censph/10/5975/mun/data?lang=ca&YEAR=2021&MUN=430120,430430,430477,430509,430957,430976,431009,431037,431093,431114,431227,431264,431310,431359,431444,431482,431536,431649,431665,431711,439057,439076&SEX=TOTAL"
2021,439076,"Canonja, la",Y028,28 anys,TOTAL,POP,66,,"https://api.idescat.cat/taules/v2/censph/10/5975/mun/data?lang=ca&YEAR=2021&MUN=430120,430430,430477,430509,430957,430976,431009,431037,431093,431114,431227,431264,431310,431359,431444,431482,431536,431649,431665,431711,439057,439076&SEX=TOTAL"
2021,439076,"Canonja, la",Y029,29 anys,TOTAL,POP,78,,"https://api.idescat.cat/taules/v2/censph/10/5975/mun/data?lang=ca&YEAR=2021&MUN=430120,430430,430477,430509,430957,430976,431009,431037,431093,431114,431227,431264,431310,431359,431444,431482,431536,431649,431665,431711,439057,439076&SEX=TOTAL"
2021,439076,"Canonja, la",Y030,30 anys,TOTAL,POP,67,,"https://api.idescat.cat/taules/v2/censph/10/5975/mun/data?lang=ca&YEAR=2021&MUN=430120,430430,430477,430509,430957,430976,431009,431037,431093,431114,431227,431264,431310,431359,431444,431482,431536,431649,431665,431711,439057,439076&SEX=TOTAL"
2021,439076,"Canonja, la",Y031,31 anys,TOTAL,POP,63,,"https://api.idescat.cat/taules/v2/censph/10/5975/mun/data?lang=ca&YEAR=2021&MUN=430120,430430,430477,430509,430957,430976,431009,431037,431093,431114,431227,431264,431310,431359,431444,431482,431536,431649,431665,431711,439057,439076&SEX=TOTAL"
2021,439076,"Canonja, la",Y032,32 anys,TOTAL,POP,84,,"https://api.idescat.cat/taules/v2/censph/10/5975/mun/data?lang=ca&YEAR=2021&MUN=430120,430430,430477,430509,430957,430976,431009,431037,431093,431114,431227,431264,431310,431359,431444,431482,431536,431649,431665,431711,439057,439076&SEX=TOTAL"
2021,439076,"Canonja, la",Y033,33 anys,TOTAL,POP,83,,"https://api.idescat.cat/taules/v2/censph/10/5975/mun/data?lang=ca&YEAR=2021&MUN=430120,430430,430477,430509,430957,430976,431009,431037,431093,431114,431227,431264,431310,431359,431444,431482,431536,431649,431665,431711,439057,439076&SEX=TOTAL"
2021,439076,"Canonja, la",Y034,34 anys,TOTAL,POP,87,,"https://api.idescat.cat/taules/v2/censph/10/5975/mun/data?lang=ca&YEAR=2021&MUN=430120,430430,430477,430509,430957,430976,431009,431037,431093,431114,431227,431264,431310,431359,431444,431482,431536,431649,431665,431711,439057,439076&SEX=TOTAL"
2021,439076,"Canonja, la",Y035,35 anys,TOTAL,POP,59,,"https://api.idescat.cat/taules/v2/censph/10/5975/mun/data?lang=ca&YEAR=2021&MUN=430120,430430,430477,430509,430957,430976,431009,431037,431093,431114,431227,431264,431310,431359,431444,431482,431536,431649,431665,431711,439057,439076&SEX=TOTAL"
2021,439076,"Canonja, la",Y036,36 anys,TOTAL,POP,81,,"https://api.idescat.cat/taules/v2/censph/10/5975/mun/data?lang=ca&YEAR=2021&MUN=430120,430430,430477,430509,430957,430976,431009,431037,431093,431114,431227,431264,431310,431359,431444,431482,431536,431649,431665,431711,439057,439076&SEX=TOTAL"
2021,439076,"Canonja, la",Y037,37 anys,TOTAL,POP,89,,"https://api.idescat.cat/taules/v2/censph/10/5975/mun/data?lang=ca&YEAR=2021&MUN=430120,430430,430477,430509,430957,430976,431009,431037,431093,431114,431227,431264,431310,431359,431444,431482,431536,431649,431665,431711,439057,439076&SEX=TOTAL"
2021,439076,"Canonja, la",Y038,38 anys,TOTAL,POP,90.0,,"https://api.idescat.cat/taules/v2/censph/10/5975/mun/data?lang=ca&YEAR=2021&MUN=430120,430430,430477,430509,430957,430976,431009,431037,431093,431114,431227,431264,431310,431359,431444,431482,431536,431649,431665,431711,439057,439076&SEX=TOTAL"
2021,439076,"Canonja, la",Y039,39 anys,TOTAL,POP,83,,"https://api.idescat.cat/taules/v2/censph/10/5975/mun/data?lang=ca&YEAR=2021&MUN=430120,430430,430477,430509,430957,430976,431009,431037,431093,431114,431227,431264,431310,431359,431444,431482,431536,431649,431665,431711,439057,439076&SEX=TOTAL"
2021,439076,"Canonja, la",Y040,40 anys,TOTAL,POP,116,,"https://api.idescat.cat/taules/v2/censph/10/5975/mun/data?lang=ca&YEAR=2021&MUN=430120,430430,430477,430509,430957,430976,431009,431037,431093,431114,431227,431264,431310,431359,431444,431482,431536,431649,431665,431711,439057,439076&SEX=TOTAL"
2021,439076,"Canonja, la",Y041,41 anys,TOTAL,POP,103,,"https://api.idescat.cat/taules/v2/censph/10/5975/mun/data?lang=ca&YEAR=2021&MUN=430120,430430,430477,430509,430957,430976,431009,431037,431093,431114,431227,431264,431310,431359,431444,431482,431536,431649,431665,431711,439057,439076&SEX=TOTAL"
2021,439076,"Canonja, la",Y042,42 anys,TOTAL,POP,105,,"https://api.idescat.cat/taules/v2/censph/10/5975/mun/data?lang=ca&YEAR=2021&MUN=430120,430430,430477,430509,430957,430976,431009,431037,431093,431114,431227,431264,431310,431359,431444,431482,431536,431649,431665,431711,439057,439076&SEX=TOTAL"
2021,439076,"Canonja, la",Y043,43 anys,TOTAL,POP,109,,"https://api.idescat.cat/taules/v2/censph/10/5975/mun/data?lang=ca&YEAR=2021&MUN=430120,430430,430477,430509,430957,430976,431009,431037,431093,431114,431227,431264,431310,431359,431444,431482,431536,431649,431665,431711,439057,439076&SEX=TOTAL"
2021,439076,"Canonja, la",Y044,44 anys,TOTAL,POP,99,,"https://api.idescat.cat/taules/v2/censph/10/5975/mun/data?lang=ca&YEAR=2021&MUN=430120,430430,430477,430509,430957,430976,431009,431037,431093,431114,431227,431264,431310,431359,431444,431482,431536,431649,431665,431711,439057,439076&SEX=TOTAL"
2021,439076,"Canonja, la",Y045,45 anys,TOTAL,POP,124,,"https://api.idescat.cat/taules/v2/censph/10/5975/mun/data?lang=ca&YEAR=2021&MUN=430120,430430,430477,430509,430957,430976,431009,431037,431093,431114,431227,431264,431310,431359,431444,431482,431536,431649,431665,431711,439057,439076&SEX=TOTAL"
2021,439076,"Canonja, la",Y046,46 anys,TOTAL,POP,99,,"https://api.idescat.cat/taules/v2/censph/10/5975/mun/data?lang=ca&YEAR=2021&MUN=430120,430430,430477,430509,430957,430976,431009,431037,431093,431114,431227,431264,431310,431359,431444,431482,431536,431649,431665,431711,439057,439076&SEX=TOTAL"
2021,439076,"Canonja, la",Y047,47 anys,TOTAL,POP,97,,"https://api.idescat.cat/taules/v2/censph/10/5975/mun/data?lang=ca&YEAR=2021&MUN=430120,430430,430477,430509,430957,430976,431009,431037,431093,431114,431227,431264,431310,431359,431444,431482,431536,431649,431665,431711,439057,439076&SEX=TOTAL"
2021,439076,"Canonja, la",Y048,48 anys,TOTAL,POP,91,,"https://api.idescat.cat/taules/v2/censph/10/5975/mun/data?lang=ca&YEAR=2021&MUN=430120,430430,430477,430509,430957,430976,431009,431037,431093,431114,431227,431264,431310,431359,431444,431482,431536,431649,431665,431711,439057,439076&SEX=TOTAL"
2021,439076,"Canonja, la",Y049,49 anys,TOTAL,POP,91,,"https://api.idescat.cat/taules/v2/censph/10/5975/mun/data?lang=ca&YEAR=2021&MUN=430120,430430,430477,430509,430957,430976,431009,431037,431093,431114,431227,431264,431310,431359,431444,431482,431536,431649,431665,431711,439057,439076&SEX=TOTAL"
2021,439076,"Canonja, la",Y050,50 anys,TOTAL,POP,95,,"https://api.idescat.cat/taules/v2/censph/10/5975/mun/data?lang=ca&YEAR=2021&MUN=430120,430430,430477,430509,430957,430976,431009,431037,431093,431114,431227,431264,431310,431359,431444,431482,431536,431649,431665,431711,439057,439076&SEX=TOTAL"
2021,439076,"Canonja, la",Y051,51 anys,TOTAL,POP,80.0,,"https://api.idescat.cat/taules/v2/censph/10/5975/mun/data?lang=ca&YEAR=2021&MUN=430120,430430,430477,430509,430957,430976,431009,431037,431093,431114,431227,431264,431310,431359,431444,431482,431536,431649,431665,431711,439057,439076&SEX=TOTAL"
2021,439076,"Canonja, la",Y052,52 anys,TOTAL,POP,91,,"https://api.idescat.cat/taules/v2/censph/10/5975/mun/data?lang=ca&YEAR=2021&MUN=430120,430430,430477,430509,430957,430976,431009,431037,431093,431114,431227,431264,431310,431359,431444,431482,431536,431649,431665,431711,439057,439076&SEX=TOTAL"
2021,439076,"Canonja, la",Y053,53 anys,TOTAL,POP,79,,"https://api.idescat.cat/taules/v2/censph/10/5975/mun/data?lang=ca&YEAR=2021&MUN=430120,430430,430477,430509,430957,430976,431009,431037,431093,431114,431227,431264,431310,431359,431444,431482,431536,431649,431665,431711,439057,439076&SEX=TOTAL"
2021,439076,"Canonja, la",Y054,54 anys,TOTAL,POP,83,,"https://api.idescat.cat/taules/v2/censph/10/5975/mun/data?lang=ca&YEAR=2021&MUN=430120,430430,430477,430509,430957,430976,431009,431037,431093,431114,431227,431264,431310,431359,431444,431482,431536,431649,431665,431711,439057,439076&SEX=TOTAL"
2021,439076,"Canonja, la",Y055,55 anys,TOTAL,POP,91,,"https://api.idescat.cat/taules/v2/censph/10/5975/mun/data?lang=ca&YEAR=2021&MUN=430120,430430,430477,430509,430957,430976,431009,431037,431093,431114,431227,431264,431310,431359,431444,431482,431536,431649,431665,431711,439057,439076&SEX=TOTAL"
2021,439076,"Canonja, la",Y056,56 anys,TOTAL,POP,97,,"https://api.idescat.cat/taules/v2/censph/10/5975/mun/data?lang=ca&YEAR=2021&MUN=430120,430430,430477,430509,430957,430976,431009,431037,431093,431114,431227,431264,431310,431359,431444,431482,431536,431649,431665,431711,439057,439076&SEX=TOTAL"
2021,439076,"Canonja, la",Y057,57 anys,TOTAL,POP,79,,"https://api.idescat.cat/taules/v2/censph/10/5975/mun/data?lang=ca&YEAR=2021&MUN=430120,430430,430477,430509,430957,430976,431009,431037,431093,431114,431227,431264,431310,431359,431444,431482,431536,431649,431665,431711,439057,439076&SEX=TOTAL"
2021,439076,"Canonja, la",Y058,58 anys,TOTAL,POP,62,,"https://api.idescat.cat/taules/v2/censph/10/5975/mun/data?lang=ca&YEAR=2021&MUN=430120,430430,430477,430509,430957,430976,431009,431037,431093,431114,431227,431264,431310,431359,431444,431482,431536,431649,431665,431711,439057,439076&SEX=TOTAL"
2021,439076,"Canonja, la",Y059,59 anys,TOTAL,POP,77,,"https://api.idescat.cat/taules/v2/censph/10/5975/mun/data?lang=ca&YEAR=2021&MUN=430120,430430,430477,430509,430957,430976,431009,431037,431093,431114,431227,431264,431310,431359,431444,431482,431536,431649,431665,431711,439057,439076&SEX=TOTAL"
2021,439076,"Canonja, la",Y060,60 anys,TOTAL,POP,69,,"https://api.idescat.cat/taules/v2/censph/10/5975/mun/data?lang=ca&YEAR=2021&MUN=430120,430430,430477,430509,430957,430976,431009,431037,431093,431114,431227,431264,431310,431359,431444,431482,431536,431649,431665,431711,439057,439076&SEX=TOTAL"
2021,439076,"Canonja, la",Y061,61 anys,TOTAL,POP,61,,"https://api.idescat.cat/taules/v2/censph/10/5975/mun/data?lang=ca&YEAR=2021&MUN=430120,430430,430477,430509,430957,430976,431009,431037,431093,431114,431227,431264,431310,431359,431444,431482,431536,431649,431665,431711,439057,439076&SEX=TOTAL"
2021,439076,"Canonja, la",Y062,62 anys,TOTAL,POP,79,,"https://api.idescat.cat/taules/v2/censph/10/5975/mun/data?lang=ca&YEAR=2021&MUN=430120,430430,430477,430509,430957,430976,431009,431037,431093,431114,431227,431264,431310,431359,431444,431482,431536,431649,431665,431711,439057,439076&SEX=TOTAL"
2021,439076,"Canonja, la",Y063,63 anys,TOTAL,POP,70.0,,"https://api.idescat.cat/taules/v2/censph/10/5975/mun/data?lang=ca&YEAR=2021&MUN=430120,430430,430477,430509,430957,430976,431009,431037,431093,431114,431227,431264,431310,431359,431444,431482,431536,431649,431665,431711,439057,439076&SEX=TOTAL"
2021,439076,"Canonja, la",Y064,64 anys,TOTAL,POP,57,,"https://api.idescat.cat/taules/v2/censph/10/5975/mun/data?lang=ca&YEAR=2021&MUN=430120,430430,430477,430509,430957,430976,431009,431037,431093,431114,431227,431264,431310,431359,431444,431482,431536,431649,431665,431711,439057,439076&SEX=TOTAL"
2021,439076,"Canonja, la",Y065,65 anys,TOTAL,POP,66,,"https://api.idescat.cat/taules/v2/censph/10/5975/mun/data?lang=ca&YEAR=2021&MUN=430120,430430,430477,430509,430957,430976,431009,431037,431093,431114,431227,431264,431310,431359,431444,431482,431536,431649,431665,431711,439057,439076&SEX=TOTAL"
2021,439076,"Canonja, la",Y066,66 anys,TOTAL,POP,54,,"https://api.idescat.cat/taules/v2/censph/10/5975/mun/data?lang=ca&YEAR=2021&MUN=430120,430430,430477,430509,430957,430976,431009,431037,431093,431114,431227,431264,431310,431359,431444,431482,431536,431649,431665,431711,439057,439076&SEX=TOTAL"
2021,439076,"Canonja, la",Y067,67 anys,TOTAL,POP,61,,"https://api.idescat.cat/taules/v2/censph/10/5975/mun/data?lang=ca&YEAR=2021&MUN=430120,430430,430477,430509,430957,430976,431009,431037,431093,431114,431227,431264,431310,431359,431444,431482,431536,431649,431665,431711,439057,439076&SEX=TOTAL"
2021,439076,"Canonja, la",Y068,68 anys,TOTAL,POP,54,,"https://api.idescat.cat/taules/v2/censph/10/5975/mun/data?lang=ca&YEAR=2021&MUN=430120,430430,430477,430509,430957,430976,431009,431037,431093,431114,431227,431264,431310,431359,431444,431482,431536,431649,431665,431711,439057,439076&SEX=TOTAL"
2021,439076,"Canonja, la",Y069,69 anys,TOTAL,POP,56,,"https://api.idescat.cat/taules/v2/censph/10/5975/mun/data?lang=ca&YEAR=2021&MUN=430120,430430,430477,430509,430957,430976,431009,431037,431093,431114,431227,431264,431310,431359,431444,431482,431536,431649,431665,431711,439057,439076&SEX=TOTAL"
2021,439076,"Canonja, la",Y070,70 anys,TOTAL,POP,42,,"https://api.idescat.cat/taules/v2/censph/10/5975/mun/data?lang=ca&YEAR=2021&MUN=430120,430430,430477,430509,430957,430976,431009,431037,431093,431114,431227,431264,431310,431359,431444,431482,431536,431649,431665,431711,439057,439076&SEX=TOTAL"
2021,439076,"Canonja, la",Y071,71 anys,TOTAL,POP,56,,"https://api.idescat.cat/taules/v2/censph/10/5975/mun/data?lang=ca&YEAR=2021&MUN=430120,430430,430477,430509,430957,430976,431009,431037,431093,431114,431227,431264,431310,431359,431444,431482,431536,431649,431665,431711,439057,439076&SEX=TOTAL"
2021,439076,"Canonja, la",Y072,72 anys,TOTAL,POP,46,,"https://api.idescat.cat/taules/v2/censph/10/5975/mun/data?lang=ca&YEAR=2021&MUN=430120,430430,430477,430509,430957,430976,431009,431037,431093,431114,431227,431264,431310,431359,431444,431482,431536,431649,431665,431711,439057,439076&SEX=TOTAL"
2021,439076,"Canonja, la",Y073,73 anys,TOTAL,POP,50.0,,"https://api.idescat.cat/taules/v2/censph/10/5975/mun/data?lang=ca&YEAR=2021&MUN=430120,430430,430477,430509,430957,430976,431009,431037,431093,431114,431227,431264,431310,431359,431444,431482,431536,431649,431665,431711,439057,439076&SEX=TOTAL"
2021,439076,"Canonja, la",Y074,74 anys,TOTAL,POP,41,,"https://api.idescat.cat/taules/v2/censph/10/5975/mun/data?lang=ca&YEAR=2021&MUN=430120,430430,430477,430509,430957,430976,431009,431037,431093,431114,431227,431264,431310,431359,431444,431482,431536,431649,431665,431711,439057,439076&SEX=TOTAL"
2021,439076,"Canonja, la",Y075,75 anys,TOTAL,POP,41,,"https://api.idescat.cat/taules/v2/censph/10/5975/mun/data?lang=ca&YEAR=2021&MUN=430120,430430,430477,430509,430957,430976,431009,431037,431093,431114,431227,431264,431310,431359,431444,431482,431536,431649,431665,431711,439057,439076&SEX=TOTAL"
2021,439076,"Canonja, la",Y076,76 anys,TOTAL,POP,38,,"https://api.idescat.cat/taules/v2/censph/10/5975/mun/data?lang=ca&YEAR=2021&MUN=430120,430430,430477,430509,430957,430976,431009,431037,431093,431114,431227,431264,431310,431359,431444,431482,431536,431649,431665,431711,439057,439076&SEX=TOTAL"
2021,439076,"Canonja, la",Y077,77 anys,TOTAL,POP,39,,"https://api.idescat.cat/taules/v2/censph/10/5975/mun/data?lang=ca&YEAR=2021&MUN=430120,430430,430477,430509,430957,430976,431009,431037,431093,431114,431227,431264,431310,431359,431444,431482,431536,431649,431665,431711,439057,439076&SEX=TOTAL"
2021,439076,"Canonja, la",Y078,78 anys,TOTAL,POP,28,,"https://api.idescat.cat/taules/v2/censph/10/5975/mun/data?lang=ca&YEAR=2021&MUN=430120,430430,430477,430509,430957,430976,431009,431037,431093,431114,431227,431264,431310,431359,431444,431482,431536,431649,431665,431711,439057,439076&SEX=TOTAL"
2021,439076,"Canonja, la",Y079,79 anys,TOTAL,POP,30.0,,"https://api.idescat.cat/taules/v2/censph/10/5975/mun/data?lang=ca&YEAR=2021&MUN=430120,430430,430477,430509,430957,430976,431009,431037,431093,431114,431227,431264,431310,431359,431444,431482,431536,431649,431665,431711,439057,439076&SEX=TOTAL"
2021,439076,"Canonja, la",Y080,80 anys,TOTAL,POP,30.0,,"https://api.idescat.cat/taules/v2/censph/10/5975/mun/data?lang=ca&YEAR=2021&MUN=430120,430430,430477,430509,430957,430976,431009,431037,431093,431114,431227,431264,431310,431359,431444,431482,431536,431649,431665,431711,439057,439076&SEX=TOTAL"
2021,439076,"Canonja, la",Y081,81 anys,TOTAL,POP,18,,"https://api.idescat.cat/taules/v2/censph/10/5975/mun/data?lang=ca&YEAR=2021&MUN=430120,430430,430477,430509,430957,430976,431009,431037,431093,431114,431227,431264,431310,431359,431444,431482,431536,431649,431665,431711,439057,439076&SEX=TOTAL"
2021,439076,"Canonja, la",Y082,82 anys,TOTAL,POP,19,,"https://api.idescat.cat/taules/v2/censph/10/5975/mun/data?lang=ca&YEAR=2021&MUN=430120,430430,430477,430509,430957,430976,431009,431037,431093,431114,431227,431264,431310,431359,431444,431482,431536,431649,431665,431711,439057,439076&SEX=TOTAL"
2021,439076,"Canonja, la",Y083,83 anys,TOTAL,POP,32,,"https://api.idescat.cat/taules/v2/censph/10/5975/mun/data?lang=ca&YEAR=2021&MUN=430120,430430,430477,430509,430957,430976,431009,431037,431093,431114,431227,431264,431310,431359,431444,431482,431536,431649,431665,431711,439057,439076&SEX=TOTAL"
2021,439076,"Canonja, la",Y084,84 anys,TOTAL,POP,29,,"https://api.idescat.cat/taules/v2/censph/10/5975/mun/data?lang=ca&YEAR=2021&MUN=430120,430430,430477,430509,430957,430976,431009,431037,431093,431114,431227,431264,431310,431359,431444,431482,431536,431649,431665,431711,439057,439076&SEX=TOTAL"
2021,439076,"Canonja, la",Y085,85 anys,TOTAL,POP,20.0,,"https://api.idescat.cat/taules/v2/censph/10/5975/mun/data?lang=ca&YEAR=2021&MUN=430120,430430,430477,430509,430957,430976,431009,431037,431093,431114,431227,431264,431310,431359,431444,431482,431536,431649,431665,431711,439057,439076&SEX=TOTAL"
2021,439076,"Canonja, la",Y086,86 anys,TOTAL,POP,18,,"https://api.idescat.cat/taules/v2/censph/10/5975/mun/data?lang=ca&YEAR=2021&MUN=430120,430430,430477,430509,430957,430976,431009,431037,431093,431114,431227,431264,431310,431359,431444,431482,431536,431649,431665,431711,439057,439076&SEX=TOTAL"
2021,439076,"Canonja, la",Y087,87 anys,TOTAL,POP,13,,"https://api.idescat.cat/taules/v2/censph/10/5975/mun/data?lang=ca&YEAR=2021&MUN=430120,430430,430477,430509,430957,430976,431009,431037,431093,431114,431227,431264,431310,431359,431444,431482,431536,431649,431665,431711,439057,439076&SEX=TOTAL"
2021,439076,"Canonja, la",Y088,88 anys,TOTAL,POP,15,,"https://api.idescat.cat/taules/v2/censph/10/5975/mun/data?lang=ca&YEAR=2021&MUN=430120,430430,430477,430509,430957,430976,431009,431037,431093,431114,431227,431264,431310,431359,431444,431482,431536,431649,431665,431711,439057,439076&SEX=TOTAL"
2021,439076,"Canonja, la",Y089,89 anys,TOTAL,POP,17,,"https://api.idescat.cat/taules/v2/censph/10/5975/mun/data?lang=ca&YEAR=2021&MUN=430120,430430,430477,430509,430957,430976,431009,431037,431093,431114,431227,431264,431310,431359,431444,431482,431536,431649,431665,431711,439057,439076&SEX=TOTAL"
2021,439076,"Canonja, la",Y090,90 anys,TOTAL,POP,11,,"https://api.idescat.cat/taules/v2/censph/10/5975/mun/data?lang=ca&YEAR=2021&MUN=430120,430430,430477,430509,430957,430976,431009,431037,431093,431114,431227,431264,431310,431359,431444,431482,431536,431649,431665,431711,439057,439076&SEX=TOTAL"
2021,439076,"Canonja, la",Y091,91 anys,TOTAL,POP,8,,"https://api.idescat.cat/taules/v2/censph/10/5975/mun/data?lang=ca&YEAR=2021&MUN=430120,430430,430477,430509,430957,430976,431009,431037,431093,431114,431227,431264,431310,431359,431444,431482,431536,431649,431665,431711,439057,439076&SEX=TOTAL"
2021,439076,"Canonja, la",Y092,92 anys,TOTAL,POP,11,,"https://api.idescat.cat/taules/v2/censph/10/5975/mun/data?lang=ca&YEAR=2021&MUN=430120,430430,430477,430509,430957,430976,431009,431037,431093,431114,431227,431264,431310,431359,431444,431482,431536,431649,431665,431711,439057,439076&SEX=TOTAL"
2021,439076,"Canonja, la",Y093,93 anys,TOTAL,POP,2,,"https://api.idescat.cat/taules/v2/censph/10/5975/mun/data?lang=ca&YEAR=2021&MUN=430120,430430,430477,430509,430957,430976,431009,431037,431093,431114,431227,431264,431310,431359,431444,431482,431536,431649,431665,431711,439057,439076&SEX=TOTAL"
2021,439076,"Canonja, la",Y094,94 anys,TOTAL,POP,3,,"https://api.idescat.cat/taules/v2/censph/10/5975/mun/data?lang=ca&YEAR=2021&MUN=430120,430430,430477,430509,430957,430976,431009,431037,431093,431114,431227,431264,431310,431359,431444,431482,431536,431649,431665,431711,439057,439076&SEX=TOTAL"
2021,439076,"Canonja, la",Y095,95 anys,TOTAL,POP,5,,"https://api.idescat.cat/taules/v2/censph/10/5975/mun/data?lang=ca&YEAR=2021&MUN=430120,430430,430477,430509,430957,430976,431009,431037,431093,431114,431227,431264,431310,431359,431444,431482,431536,431649,431665,431711,439057,439076&SEX=TOTAL"
2021,439076,"Canonja, la",Y096,96 anys,TOTAL,POP,0,,"https://api.idescat.cat/taules/v2/censph/10/5975/mun/data?lang=ca&YEAR=2021&MUN=430120,430430,430477,430509,430957,430976,431009,431037,431093,431114,431227,431264,431310,431359,431444,431482,431536,431649,431665,431711,439057,439076&SEX=TOTAL"
2021,439076,"Canonja, la",Y097,97 anys,TOTAL,POP,0,,"https://api.idescat.cat/taules/v2/censph/10/5975/mun/data?lang=ca&YEAR=2021&MUN=430120,430430,430477,430509,430957,430976,431009,431037,431093,431114,431227,431264,431310,431359,431444,431482,431536,431649,431665,431711,439057,439076&SEX=TOTAL"
2021,439076,"Canonja, la",Y098,98 anys,TOTAL,POP,2,,"https://api.idescat.cat/taules/v2/censph/10/5975/mun/data?lang=ca&YEAR=2021&MUN=430120,430430,430477,430509,430957,430976,431009,431037,431093,431114,431227,431264,431310,431359,431444,431482,431536,431649,431665,431711,439057,439076&SEX=TOTAL"
2021,439076,"Canonja, la",Y099,99 anys,TOTAL,POP,1,,"https://api.idescat.cat/taules/v2/censph/10/5975/mun/data?lang=ca&YEAR=2021&MUN=430120,430430,430477,430509,430957,430976,431009,431037,431093,431114,431227,431264,431310,431359,431444,431482,431536,431649,431665,431711,439057,439076&SEX=TOTAL"
2021,439076,"Canonja, la",Y_GE100,100 anys o més,TOTAL,POP,1,,"https://api.idescat.cat/taules/v2/censph/10/5975/mun/data?lang=ca&YEAR=2021&MUN=430120,430430,430477,430509,430957,430976,431009,431037,431093,431114,431227,431264,431310,431359,431444,431482,431536,431649,431665,431711,439057,439076&SEX=TOTAL"
2021,439076,"Canonja, la",TOTAL,total,TOTAL,POP,5971,,"https://api.idescat.cat/taules/v2/censph/10/5975/mun/data?lang=ca&YEAR=2021&MUN=430120,430430,430477,430509,430957,430976,431009,431037,431093,431114,431227,431264,431310,431359,431444,431482,431536,431649,431665,431711,439057,439076&SEX=TOTAL"
2021,430430,"Catllar, el",Y000,0 anys,TOTAL,POP,38,,"https://api.idescat.cat/taules/v2/censph/10/5975/mun/data?lang=ca&YEAR=2021&MUN=430120,430430,430477,430509,430957,430976,431009,431037,431093,431114,431227,431264,431310,431359,431444,431482,431536,431649,431665,431711,439057,439076&SEX=TOTAL"
2021,430430,"Catllar, el",Y001,1 any,TOTAL,POP,42,,"https://api.idescat.cat/taules/v2/censph/10/5975/mun/data?lang=ca&YEAR=2021&MUN=430120,430430,430477,430509,430957,430976,431009,431037,431093,431114,431227,431264,431310,431359,431444,431482,431536,431649,431665,431711,439057,439076&SEX=TOTAL"
2021,430430,"Catllar, el",Y002,2 anys,TOTAL,POP,43,,"https://api.idescat.cat/taules/v2/censph/10/5975/mun/data?lang=ca&YEAR=2021&MUN=430120,430430,430477,430509,430957,430976,431009,431037,431093,431114,431227,431264,431310,431359,431444,431482,431536,431649,431665,431711,439057,439076&SEX=TOTAL"
2021,430430,"Catllar, el",Y003,3 anys,TOTAL,POP,41,,"https://api.idescat.cat/taules/v2/censph/10/5975/mun/data?lang=ca&YEAR=2021&MUN=430120,430430,430477,430509,430957,430976,431009,431037,431093,431114,431227,431264,431310,431359,431444,431482,431536,431649,431665,431711,439057,439076&SEX=TOTAL"
2021,430430,"Catllar, el",Y004,4 anys,TOTAL,POP,50.0,,"https://api.idescat.cat/taules/v2/censph/10/5975/mun/data?lang=ca&YEAR=2021&MUN=430120,430430,430477,430509,430957,430976,431009,431037,431093,431114,431227,431264,431310,431359,431444,431482,431536,431649,431665,431711,439057,439076&SEX=TOTAL"
2021,430430,"Catllar, el",Y005,5 anys,TOTAL,POP,57,,"https://api.idescat.cat/taules/v2/censph/10/5975/mun/data?lang=ca&YEAR=2021&MUN=430120,430430,430477,430509,430957,430976,431009,431037,431093,431114,431227,431264,431310,431359,431444,431482,431536,431649,431665,431711,439057,439076&SEX=TOTAL"
2021,430430,"Catllar, el",Y006,6 anys,TOTAL,POP,53,,"https://api.idescat.cat/taules/v2/censph/10/5975/mun/data?lang=ca&YEAR=2021&MUN=430120,430430,430477,430509,430957,430976,431009,431037,431093,431114,431227,431264,431310,431359,431444,431482,431536,431649,431665,431711,439057,439076&SEX=TOTAL"
2021,430430,"Catllar, el",Y007,7 anys,TOTAL,POP,62,,"https://api.idescat.cat/taules/v2/censph/10/5975/mun/data?lang=ca&YEAR=2021&MUN=430120,430430,430477,430509,430957,430976,431009,431037,431093,431114,431227,431264,431310,431359,431444,431482,431536,431649,431665,431711,439057,439076&SEX=TOTAL"
2021,430430,"Catllar, el",Y008,8 anys,TOTAL,POP,55,,"https://api.idescat.cat/taules/v2/censph/10/5975/mun/data?lang=ca&YEAR=2021&MUN=430120,430430,430477,430509,430957,430976,431009,431037,431093,431114,431227,431264,431310,431359,431444,431482,431536,431649,431665,431711,439057,439076&SEX=TOTAL"
2021,430430,"Catllar, el",Y009,9 anys,TOTAL,POP,53,,"https://api.idescat.cat/taules/v2/censph/10/5975/mun/data?lang=ca&YEAR=2021&MUN=430120,430430,430477,430509,430957,430976,431009,431037,431093,431114,431227,431264,431310,431359,431444,431482,431536,431649,431665,431711,439057,439076&SEX=TOTAL"
2021,430430,"Catllar, el",Y010,10 anys,TOTAL,POP,46,,"https://api.idescat.cat/taules/v2/censph/10/5975/mun/data?lang=ca&YEAR=2021&MUN=430120,430430,430477,430509,430957,430976,431009,431037,431093,431114,431227,431264,431310,431359,431444,431482,431536,431649,431665,431711,439057,439076&SEX=TOTAL"
2021,430430,"Catllar, el",Y011,11 anys,TOTAL,POP,65,,"https://api.idescat.cat/taules/v2/censph/10/5975/mun/data?lang=ca&YEAR=2021&MUN=430120,430430,430477,430509,430957,430976,431009,431037,431093,431114,431227,431264,431310,431359,431444,431482,431536,431649,431665,431711,439057,439076&SEX=TOTAL"
2021,430430,"Catllar, el",Y012,12 anys,TOTAL,POP,77,,"https://api.idescat.cat/taules/v2/censph/10/5975/mun/data?lang=ca&YEAR=2021&MUN=430120,430430,430477,430509,430957,430976,431009,431037,431093,431114,431227,431264,431310,431359,431444,431482,431536,431649,431665,431711,439057,439076&SEX=TOTAL"
2021,430430,"Catllar, el",Y013,13 anys,TOTAL,POP,59,,"https://api.idescat.cat/taules/v2/censph/10/5975/mun/data?lang=ca&YEAR=2021&MUN=430120,430430,430477,430509,430957,430976,431009,431037,431093,431114,431227,431264,431310,431359,431444,431482,431536,431649,431665,431711,439057,439076&SEX=TOTAL"
2021,430430,"Catllar, el",Y014,14 anys,TOTAL,POP,63,,"https://api.idescat.cat/taules/v2/censph/10/5975/mun/data?lang=ca&YEAR=2021&MUN=430120,430430,430477,430509,430957,430976,431009,431037,431093,431114,431227,431264,431310,431359,431444,431482,431536,431649,431665,431711,439057,439076&SEX=TOTAL"
2021,430430,"Catllar, el",Y015,15 anys,TOTAL,POP,67,,"https://api.idescat.cat/taules/v2/censph/10/5975/mun/data?lang=ca&YEAR=2021&MUN=430120,430430,430477,430509,430957,430976,431009,431037,431093,431114,431227,431264,431310,431359,431444,431482,431536,431649,431665,431711,439057,439076&SEX=TOTAL"
2021,430430,"Catllar, el",Y016,16 anys,TOTAL,POP,55,,"https://api.idescat.cat/taules/v2/censph/10/5975/mun/data?lang=ca&YEAR=2021&MUN=430120,430430,430477,430509,430957,430976,431009,431037,431093,431114,431227,431264,431310,431359,431444,431482,431536,431649,431665,431711,439057,439076&SEX=TOTAL"
2021,430430,"Catllar, el",Y017,17 anys,TOTAL,POP,42,,"https://api.idescat.cat/taules/v2/censph/10/5975/mun/data?lang=ca&YEAR=2021&MUN=430120,430430,430477,430509,430957,430976,431009,431037,431093,431114,431227,431264,431310,431359,431444,431482,431536,431649,431665,431711,439057,439076&SEX=TOTAL"
2021,430430,"Catllar, el",Y018,18 anys,TOTAL,POP,37,,"https://api.idescat.cat/taules/v2/censph/10/5975/mun/data?lang=ca&YEAR=2021&MUN=430120,430430,430477,430509,430957,430976,431009,431037,431093,431114,431227,431264,431310,431359,431444,431482,431536,431649,431665,431711,439057,439076&SEX=TOTAL"
2021,430430,"Catllar, el",Y019,19 anys,TOTAL,POP,60.0,,"https://api.idescat.cat/taules/v2/censph/10/5975/mun/data?lang=ca&YEAR=2021&MUN=430120,430430,430477,430509,430957,430976,431009,431037,431093,431114,431227,431264,431310,431359,431444,431482,431536,431649,431665,431711,439057,439076&SEX=TOTAL"
2021,430430,"Catllar, el",Y020,20 anys,TOTAL,POP,42,,"https://api.idescat.cat/taules/v2/censph/10/5975/mun/data?lang=ca&YEAR=2021&MUN=430120,430430,430477,430509,430957,430976,431009,431037,431093,431114,431227,431264,431310,431359,431444,431482,431536,431649,431665,431711,439057,439076&SEX=TOTAL"
2021,430430,"Catllar, el",Y021,21 anys,TOTAL,POP,47,,"https://api.idescat.cat/taules/v2/censph/10/5975/mun/data?lang=ca&YEAR=2021&MUN=430120,430430,430477,430509,430957,430976,431009,431037,431093,431114,431227,431264,431310,431359,431444,431482,431536,431649,431665,431711,439057,439076&SEX=TOTAL"
2021,430430,"Catllar, el",Y022,22 anys,TOTAL,POP,35,,"https://api.idescat.cat/taules/v2/censph/10/5975/mun/data?lang=ca&YEAR=2021&MUN=430120,430430,430477,430509,430957,430976,431009,431037,431093,431114,431227,431264,431310,431359,431444,431482,431536,431649,431665,431711,439057,439076&SEX=TOTAL"
2021,430430,"Catllar, el",Y023,23 anys,TOTAL,POP,61,,"https://api.idescat.cat/taules/v2/censph/10/5975/mun/data?lang=ca&YEAR=2021&MUN=430120,430430,430477,430509,430957,430976,431009,431037,431093,431114,431227,431264,431310,431359,431444,431482,431536,431649,431665,431711,439057,439076&SEX=TOTAL"
2021,430430,"Catllar, el",Y024,24 anys,TOTAL,POP,37,,"https://api.idescat.cat/taules/v2/censph/10/5975/mun/data?lang=ca&YEAR=2021&MUN=430120,430430,430477,430509,430957,430976,431009,431037,431093,431114,431227,431264,431310,431359,431444,431482,431536,431649,431665,431711,439057,439076&SEX=TOTAL"
2021,430430,"Catllar, el",Y025,25 anys,TOTAL,POP,47,,"https://api.idescat.cat/taules/v2/censph/10/5975/mun/data?lang=ca&YEAR=2021&MUN=430120,430430,430477,430509,430957,430976,431009,431037,431093,431114,431227,431264,431310,431359,431444,431482,431536,431649,431665,431711,439057,439076&SEX=TOTAL"
2021,430430,"Catllar, el",Y026,26 anys,TOTAL,POP,50.0,,"https://api.idescat.cat/taules/v2/censph/10/5975/mun/data?lang=ca&YEAR=2021&MUN=430120,430430,430477,430509,430957,430976,431009,431037,431093,431114,431227,431264,431310,431359,431444,431482,431536,431649,431665,431711,439057,439076&SEX=TOTAL"
2021,430430,"Catllar, el",Y027,27 anys,TOTAL,POP,32,,"https://api.idescat.cat/taules/v2/censph/10/5975/mun/data?lang=ca&YEAR=2021&MUN=430120,430430,430477,430509,430957,430976,431009,431037,431093,431114,431227,431264,431310,431359,431444,431482,431536,431649,431665,431711,439057,439076&SEX=TOTAL"
2021,430430,"Catllar, el",Y028,28 anys,TOTAL,POP,38,,"https://api.idescat.cat/taules/v2/censph/10/5975/mun/data?lang=ca&YEAR=2021&MUN=430120,430430,430477,430509,430957,430976,431009,431037,431093,431114,431227,431264,431310,431359,431444,431482,431536,431649,431665,431711,439057,439076&SEX=TOTAL"
2021,430430,"Catllar, el",Y029,29 anys,TOTAL,POP,55,,"https://api.idescat.cat/taules/v2/censph/10/5975/mun/data?lang=ca&YEAR=2021&MUN=430120,430430,430477,430509,430957,430976,431009,431037,431093,431114,431227,431264,431310,431359,431444,431482,431536,431649,431665,431711,439057,439076&SEX=TOTAL"
2021,430430,"Catllar, el",Y030,30 anys,TOTAL,POP,51,,"https://api.idescat.cat/taules/v2/censph/10/5975/mun/data?lang=ca&YEAR=2021&MUN=430120,430430,430477,430509,430957,430976,431009,431037,431093,431114,431227,431264,431310,431359,431444,431482,431536,431649,431665,431711,439057,439076&SEX=TOTAL"
2021,430430,"Catllar, el",Y031,31 anys,TOTAL,POP,42,,"https://api.idescat.cat/taules/v2/censph/10/5975/mun/data?lang=ca&YEAR=2021&MUN=430120,430430,430477,430509,430957,430976,431009,431037,431093,431114,431227,431264,431310,431359,431444,431482,431536,431649,431665,431711,439057,439076&SEX=TOTAL"
2021,430430,"Catllar, el",Y032,32 anys,TOTAL,POP,53,,"https://api.idescat.cat/taules/v2/censph/10/5975/mun/data?lang=ca&YEAR=2021&MUN=430120,430430,430477,430509,430957,430976,431009,431037,431093,431114,431227,431264,431310,431359,431444,431482,431536,431649,431665,431711,439057,439076&SEX=TOTAL"
2021,430430,"Catllar, el",Y033,33 anys,TOTAL,POP,50.0,,"https://api.idescat.cat/taules/v2/censph/10/5975/mun/data?lang=ca&YEAR=2021&MUN=430120,430430,430477,430509,430957,430976,431009,431037,431093,431114,431227,431264,431310,431359,431444,431482,431536,431649,431665,431711,439057,439076&SEX=TOTAL"
2021,430430,"Catllar, el",Y034,34 anys,TOTAL,POP,46,,"https://api.idescat.cat/taules/v2/censph/10/5975/mun/data?lang=ca&YEAR=2021&MUN=430120,430430,430477,430509,430957,430976,431009,431037,431093,431114,431227,431264,431310,431359,431444,431482,431536,431649,431665,431711,439057,439076&SEX=TOTAL"
2021,430430,"Catllar, el",Y035,35 anys,TOTAL,POP,57,,"https://api.idescat.cat/taules/v2/censph/10/5975/mun/data?lang=ca&YEAR=2021&MUN=430120,430430,430477,430509,430957,430976,431009,431037,431093,431114,431227,431264,431310,431359,431444,431482,431536,431649,431665,431711,439057,439076&SEX=TOTAL"
2021,430430,"Catllar, el",Y036,36 anys,TOTAL,POP,47,,"https://api.idescat.cat/taules/v2/censph/10/5975/mun/data?lang=ca&YEAR=2021&MUN=430120,430430,430477,430509,430957,430976,431009,431037,431093,431114,431227,431264,431310,431359,431444,431482,431536,431649,431665,431711,439057,439076&SEX=TOTAL"
2021,430430,"Catllar, el",Y037,37 anys,TOTAL,POP,58,,"https://api.idescat.cat/taules/v2/censph/10/5975/mun/data?lang=ca&YEAR=2021&MUN=430120,430430,430477,430509,430957,430976,431009,431037,431093,431114,431227,431264,431310,431359,431444,431482,431536,431649,431665,431711,439057,439076&SEX=TOTAL"
2021,430430,"Catllar, el",Y038,38 anys,TOTAL,POP,63,,"https://api.idescat.cat/taules/v2/censph/10/5975/mun/data?lang=ca&YEAR=2021&MUN=430120,430430,430477,430509,430957,430976,431009,431037,431093,431114,431227,431264,431310,431359,431444,431482,431536,431649,431665,431711,439057,439076&SEX=TOTAL"
2021,430430,"Catllar, el",Y039,39 anys,TOTAL,POP,66,,"https://api.idescat.cat/taules/v2/censph/10/5975/mun/data?lang=ca&YEAR=2021&MUN=430120,430430,430477,430509,430957,430976,431009,431037,431093,431114,431227,431264,431310,431359,431444,431482,431536,431649,431665,431711,439057,439076&SEX=TOTAL"
2021,430430,"Catllar, el",Y040,40 anys,TOTAL,POP,79,,"https://api.idescat.cat/taules/v2/censph/10/5975/mun/data?lang=ca&YEAR=2021&MUN=430120,430430,430477,430509,430957,430976,431009,431037,431093,431114,431227,431264,431310,431359,431444,431482,431536,431649,431665,431711,439057,439076&SEX=TOTAL"
2021,430430,"Catllar, el",Y041,41 anys,TOTAL,POP,76,,"https://api.idescat.cat/taules/v2/censph/10/5975/mun/data?lang=ca&YEAR=2021&MUN=430120,430430,430477,430509,430957,430976,431009,431037,431093,431114,431227,431264,431310,431359,431444,431482,431536,431649,431665,431711,439057,439076&SEX=TOTAL"
2021,430430,"Catllar, el",Y042,42 anys,TOTAL,POP,86,,"https://api.idescat.cat/taules/v2/censph/10/5975/mun/data?lang=ca&YEAR=2021&MUN=430120,430430,430477,430509,430957,430976,431009,431037,431093,431114,431227,431264,431310,431359,431444,431482,431536,431649,431665,431711,439057,439076&SEX=TOTAL"
2021,430430,"Catllar, el",Y043,43 anys,TOTAL,POP,93,,"https://api.idescat.cat/taules/v2/censph/10/5975/mun/data?lang=ca&YEAR=2021&MUN=430120,430430,430477,430509,430957,430976,431009,431037,431093,431114,431227,431264,431310,431359,431444,431482,431536,431649,431665,431711,439057,439076&SEX=TOTAL"
2021,430430,"Catllar, el",Y044,44 anys,TOTAL,POP,88,,"https://api.idescat.cat/taules/v2/censph/10/5975/mun/data?lang=ca&YEAR=2021&MUN=430120,430430,430477,430509,430957,430976,431009,431037,431093,431114,431227,431264,431310,431359,431444,431482,431536,431649,431665,431711,439057,439076&SEX=TOTAL"
2021,430430,"Catllar, el",Y045,45 anys,TOTAL,POP,98,,"https://api.idescat.cat/taules/v2/censph/10/5975/mun/data?lang=ca&YEAR=2021&MUN=430120,430430,430477,430509,430957,430976,431009,431037,431093,431114,431227,431264,431310,431359,431444,431482,431536,431649,431665,431711,439057,439076&SEX=TOTAL"
2021,430430,"Catllar, el",Y046,46 anys,TOTAL,POP,75,,"https://api.idescat.cat/taules/v2/censph/10/5975/mun/data?lang=ca&YEAR=2021&MUN=430120,430430,430477,430509,430957,430976,431009,431037,431093,431114,431227,431264,431310,431359,431444,431482,431536,431649,431665,431711,439057,439076&SEX=TOTAL"
2021,430430,"Catllar, el",Y047,47 anys,TOTAL,POP,89,,"https://api.idescat.cat/taules/v2/censph/10/5975/mun/data?lang=ca&YEAR=2021&MUN=430120,430430,430477,430509,430957,430976,431009,431037,431093,431114,431227,431264,431310,431359,431444,431482,431536,431649,431665,431711,439057,439076&SEX=TOTAL"
2021,430430,"Catllar, el",Y048,48 anys,TOTAL,POP,103,,"https://api.idescat.cat/taules/v2/censph/10/5975/mun/data?lang=ca&YEAR=2021&MUN=430120,430430,430477,430509,430957,430976,431009,431037,431093,431114,431227,431264,431310,431359,431444,431482,431536,431649,431665,431711,439057,439076&SEX=TOTAL"
2021,430430,"Catllar, el",Y049,49 anys,TOTAL,POP,94,,"https://api.idescat.cat/taules/v2/censph/10/5975/mun/data?lang=ca&YEAR=2021&MUN=430120,430430,430477,430509,430957,430976,431009,431037,431093,431114,431227,431264,431310,431359,431444,431482,431536,431649,431665,431711,439057,439076&SEX=TOTAL"
2021,430430,"Catllar, el",Y050,50 anys,TOTAL,POP,90.0,,"https://api.idescat.cat/taules/v2/censph/10/5975/mun/data?lang=ca&YEAR=2021&MUN=430120,430430,430477,430509,430957,430976,431009,431037,431093,431114,431227,431264,431310,431359,431444,431482,431536,431649,431665,431711,439057,439076&SEX=TOTAL"
2021,430430,"Catllar, el",Y051,51 anys,TOTAL,POP,85,,"https://api.idescat.cat/taules/v2/censph/10/5975/mun/data?lang=ca&YEAR=2021&MUN=430120,430430,430477,430509,430957,430976,431009,431037,431093,431114,431227,431264,431310,431359,431444,431482,431536,431649,431665,431711,439057,439076&SEX=TOTAL"
2021,430430,"Catllar, el",Y052,52 anys,TOTAL,POP,71,,"https://api.idescat.cat/taules/v2/censph/10/5975/mun/data?lang=ca&YEAR=2021&MUN=430120,430430,430477,430509,430957,430976,431009,431037,431093,431114,431227,431264,431310,431359,431444,431482,431536,431649,431665,431711,439057,439076&SEX=TOTAL"
2021,430430,"Catllar, el",Y053,53 anys,TOTAL,POP,80.0,,"https://api.idescat.cat/taules/v2/censph/10/5975/mun/data?lang=ca&YEAR=2021&MUN=430120,430430,430477,430509,430957,430976,431009,431037,431093,431114,431227,431264,431310,431359,431444,431482,431536,431649,431665,431711,439057,439076&SEX=TOTAL"
2021,430430,"Catllar, el",Y054,54 anys,TOTAL,POP,90.0,,"https://api.idescat.cat/taules/v2/censph/10/5975/mun/data?lang=ca&YEAR=2021&MUN=430120,430430,430477,430509,430957,430976,431009,431037,431093,431114,431227,431264,431310,431359,431444,431482,431536,431649,431665,431711,439057,439076&SEX=TOTAL"
2021,430430,"Catllar, el",Y055,55 anys,TOTAL,POP,84,,"https://api.idescat.cat/taules/v2/censph/10/5975/mun/data?lang=ca&YEAR=2021&MUN=430120,430430,430477,430509,430957,430976,431009,431037,431093,431114,431227,431264,431310,431359,431444,431482,431536,431649,431665,431711,439057,439076&SEX=TOTAL"
2021,430430,"Catllar, el",Y056,56 anys,TOTAL,POP,81,,"https://api.idescat.cat/taules/v2/censph/10/5975/mun/data?lang=ca&YEAR=2021&MUN=430120,430430,430477,430509,430957,430976,431009,431037,431093,431114,431227,431264,431310,431359,431444,431482,431536,431649,431665,431711,439057,439076&SEX=TOTAL"
2021,430430,"Catllar, el",Y057,57 anys,TOTAL,POP,82,,"https://api.idescat.cat/taules/v2/censph/10/5975/mun/data?lang=ca&YEAR=2021&MUN=430120,430430,430477,430509,430957,430976,431009,431037,431093,431114,431227,431264,431310,431359,431444,431482,431536,431649,431665,431711,439057,439076&SEX=TOTAL"
2021,430430,"Catllar, el",Y058,58 anys,TOTAL,POP,67,,"https://api.idescat.cat/taules/v2/censph/10/5975/mun/data?lang=ca&YEAR=2021&MUN=430120,430430,430477,430509,430957,430976,431009,431037,431093,431114,431227,431264,431310,431359,431444,431482,431536,431649,431665,431711,439057,439076&SEX=TOTAL"
2021,430430,"Catllar, el",Y059,59 anys,TOTAL,POP,75,,"https://api.idescat.cat/taules/v2/censph/10/5975/mun/data?lang=ca&YEAR=2021&MUN=430120,430430,430477,430509,430957,430976,431009,431037,431093,431114,431227,431264,431310,431359,431444,431482,431536,431649,431665,431711,439057,439076&SEX=TOTAL"
2021,430430,"Catllar, el",Y060,60 anys,TOTAL,POP,58,,"https://api.idescat.cat/taules/v2/censph/10/5975/mun/data?lang=ca&YEAR=2021&MUN=430120,430430,430477,430509,430957,430976,431009,431037,431093,431114,431227,431264,431310,431359,431444,431482,431536,431649,431665,431711,439057,439076&SEX=TOTAL"
2021,430430,"Catllar, el",Y061,61 anys,TOTAL,POP,65,,"https://api.idescat.cat/taules/v2/censph/10/5975/mun/data?lang=ca&YEAR=2021&MUN=430120,430430,430477,430509,430957,430976,431009,431037,431093,431114,431227,431264,431310,431359,431444,431482,431536,431649,431665,431711,439057,439076&SEX=TOTAL"
2021,430430,"Catllar, el",Y062,62 anys,TOTAL,POP,66,,"https://api.idescat.cat/taules/v2/censph/10/5975/mun/data?lang=ca&YEAR=2021&MUN=430120,430430,430477,430509,430957,430976,431009,431037,431093,431114,431227,431264,431310,431359,431444,431482,431536,431649,431665,431711,439057,439076&SEX=TOTAL"
2021,430430,"Catllar, el",Y063,63 anys,TOTAL,POP,65,,"https://api.idescat.cat/taules/v2/censph/10/5975/mun/data?lang=ca&YEAR=2021&MUN=430120,430430,430477,430509,430957,430976,431009,431037,431093,431114,431227,431264,431310,431359,431444,431482,431536,431649,431665,431711,439057,439076&SEX=TOTAL"
2021,430430,"Catllar, el",Y064,64 anys,TOTAL,POP,64,,"https://api.idescat.cat/taules/v2/censph/10/5975/mun/data?lang=ca&YEAR=2021&MUN=430120,430430,430477,430509,430957,430976,431009,431037,431093,431114,431227,431264,431310,431359,431444,431482,431536,431649,431665,431711,439057,439076&SEX=TOTAL"
2021,430430,"Catllar, el",Y065,65 anys,TOTAL,POP,48,,"https://api.idescat.cat/taules/v2/censph/10/5975/mun/data?lang=ca&YEAR=2021&MUN=430120,430430,430477,430509,430957,430976,431009,431037,431093,431114,431227,431264,431310,431359,431444,431482,431536,431649,431665,431711,439057,439076&SEX=TOTAL"
2021,430430,"Catllar, el",Y066,66 anys,TOTAL,POP,47,,"https://api.idescat.cat/taules/v2/censph/10/5975/mun/data?lang=ca&YEAR=2021&MUN=430120,430430,430477,430509,430957,430976,431009,431037,431093,431114,431227,431264,431310,431359,431444,431482,431536,431649,431665,431711,439057,439076&SEX=TOTAL"
2021,430430,"Catllar, el",Y067,67 anys,TOTAL,POP,54,,"https://api.idescat.cat/taules/v2/censph/10/5975/mun/data?lang=ca&YEAR=2021&MUN=430120,430430,430477,430509,430957,430976,431009,431037,431093,431114,431227,431264,431310,431359,431444,431482,431536,431649,431665,431711,439057,439076&SEX=TOTAL"
2021,430430,"Catllar, el",Y068,68 anys,TOTAL,POP,50.0,,"https://api.idescat.cat/taules/v2/censph/10/5975/mun/data?lang=ca&YEAR=2021&MUN=430120,430430,430477,430509,430957,430976,431009,431037,431093,431114,431227,431264,431310,431359,431444,431482,431536,431649,431665,431711,439057,439076&SEX=TOTAL"
2021,430430,"Catllar, el",Y069,69 anys,TOTAL,POP,29,,"https://api.idescat.cat/taules/v2/censph/10/5975/mun/data?lang=ca&YEAR=2021&MUN=430120,430430,430477,430509,430957,430976,431009,431037,431093,431114,431227,431264,431310,431359,431444,431482,431536,431649,431665,431711,439057,439076&SEX=TOTAL"
2021,430430,"Catllar, el",Y070,70 anys,TOTAL,POP,52,,"https://api.idescat.cat/taules/v2/censph/10/5975/mun/data?lang=ca&YEAR=2021&MUN=430120,430430,430477,430509,430957,430976,431009,431037,431093,431114,431227,431264,431310,431359,431444,431482,431536,431649,431665,431711,439057,439076&SEX=TOTAL"
2021,430430,"Catllar, el",Y071,71 anys,TOTAL,POP,28,,"https://api.idescat.cat/taules/v2/censph/10/5975/mun/data?lang=ca&YEAR=2021&MUN=430120,430430,430477,430509,430957,430976,431009,431037,431093,431114,431227,431264,431310,431359,431444,431482,431536,431649,431665,431711,439057,439076&SEX=TOTAL"
2021,430430,"Catllar, el",Y072,72 anys,TOTAL,POP,53,,"https://api.idescat.cat/taules/v2/censph/10/5975/mun/data?lang=ca&YEAR=2021&MUN=430120,430430,430477,430509,430957,430976,431009,431037,431093,431114,431227,431264,431310,431359,431444,431482,431536,431649,431665,431711,439057,439076&SEX=TOTAL"
2021,430430,"Catllar, el",Y073,73 anys,TOTAL,POP,30.0,,"https://api.idescat.cat/taules/v2/censph/10/5975/mun/data?lang=ca&YEAR=2021&MUN=430120,430430,430477,430509,430957,430976,431009,431037,431093,431114,431227,431264,431310,431359,431444,431482,431536,431649,431665,431711,439057,439076&SEX=TOTAL"
2021,430430,"Catllar, el",Y074,74 anys,TOTAL,POP,32,,"https://api.idescat.cat/taules/v2/censph/10/5975/mun/data?lang=ca&YEAR=2021&MUN=430120,430430,430477,430509,430957,430976,431009,431037,431093,431114,431227,431264,431310,431359,431444,431482,431536,431649,431665,431711,439057,439076&SEX=TOTAL"
2021,430430,"Catllar, el",Y075,75 anys,TOTAL,POP,29,,"https://api.idescat.cat/taules/v2/censph/10/5975/mun/data?lang=ca&YEAR=2021&MUN=430120,430430,430477,430509,430957,430976,431009,431037,431093,431114,431227,431264,431310,431359,431444,431482,431536,431649,431665,431711,439057,439076&SEX=TOTAL"
2021,430430,"Catllar, el",Y076,76 anys,TOTAL,POP,25,,"https://api.idescat.cat/taules/v2/censph/10/5975/mun/data?lang=ca&YEAR=2021&MUN=430120,430430,430477,430509,430957,430976,431009,431037,431093,431114,431227,431264,431310,431359,431444,431482,431536,431649,431665,431711,439057,439076&SEX=TOTAL"
2021,430430,"Catllar, el",Y077,77 anys,TOTAL,POP,21,,"https://api.idescat.cat/taules/v2/censph/10/5975/mun/data?lang=ca&YEAR=2021&MUN=430120,430430,430477,430509,430957,430976,431009,431037,431093,431114,431227,431264,431310,431359,431444,431482,431536,431649,431665,431711,439057,439076&SEX=TOTAL"
2021,430430,"Catllar, el",Y078,78 anys,TOTAL,POP,21,,"https://api.idescat.cat/taules/v2/censph/10/5975/mun/data?lang=ca&YEAR=2021&MUN=430120,430430,430477,430509,430957,430976,431009,431037,431093,431114,431227,431264,431310,431359,431444,431482,431536,431649,431665,431711,439057,439076&SEX=TOTAL"
2021,430430,"Catllar, el",Y079,79 anys,TOTAL,POP,18,,"https://api.idescat.cat/taules/v2/censph/10/5975/mun/data?lang=ca&YEAR=2021&MUN=430120,430430,430477,430509,430957,430976,431009,431037,431093,431114,431227,431264,431310,431359,431444,431482,431536,431649,431665,431711,439057,439076&SEX=TOTAL"
2021,430430,"Catllar, el",Y080,80 anys,TOTAL,POP,22,,"https://api.idescat.cat/taules/v2/censph/10/5975/mun/data?lang=ca&YEAR=2021&MUN=430120,430430,430477,430509,430957,430976,431009,431037,431093,431114,431227,431264,431310,431359,431444,431482,431536,431649,431665,431711,439057,439076&SEX=TOTAL"
2021,430430,"Catllar, el",Y081,81 anys,TOTAL,POP,12,,"https://api.idescat.cat/taules/v2/censph/10/5975/mun/data?lang=ca&YEAR=2021&MUN=430120,430430,430477,430509,430957,430976,431009,431037,431093,431114,431227,431264,431310,431359,431444,431482,431536,431649,431665,431711,439057,439076&SEX=TOTAL"
2021,430430,"Catllar, el",Y082,82 anys,TOTAL,POP,17,,"https://api.idescat.cat/taules/v2/censph/10/5975/mun/data?lang=ca&YEAR=2021&MUN=430120,430430,430477,430509,430957,430976,431009,431037,431093,431114,431227,431264,431310,431359,431444,431482,431536,431649,431665,431711,439057,439076&SEX=TOTAL"
2021,430430,"Catllar, el",Y083,83 anys,TOTAL,POP,16,,"https://api.idescat.cat/taules/v2/censph/10/5975/mun/data?lang=ca&YEAR=2021&MUN=430120,430430,430477,430509,430957,430976,431009,431037,431093,431114,431227,431264,431310,431359,431444,431482,431536,431649,431665,431711,439057,439076&SEX=TOTAL"
2021,430430,"Catllar, el",Y084,84 anys,TOTAL,POP,14,,"https://api.idescat.cat/taules/v2/censph/10/5975/mun/data?lang=ca&YEAR=2021&MUN=430120,430430,430477,430509,430957,430976,431009,431037,431093,431114,431227,431264,431310,431359,431444,431482,431536,431649,431665,431711,439057,439076&SEX=TOTAL"
2021,430430,"Catllar, el",Y085,85 anys,TOTAL,POP,10.0,,"https://api.idescat.cat/taules/v2/censph/10/5975/mun/data?lang=ca&YEAR=2021&MUN=430120,430430,430477,430509,430957,430976,431009,431037,431093,431114,431227,431264,431310,431359,431444,431482,431536,431649,431665,431711,439057,439076&SEX=TOTAL"
2021,430430,"Catllar, el",Y086,86 anys,TOTAL,POP,7,,"https://api.idescat.cat/taules/v2/censph/10/5975/mun/data?lang=ca&YEAR=2021&MUN=430120,430430,430477,430509,430957,430976,431009,431037,431093,431114,431227,431264,431310,431359,431444,431482,431536,431649,431665,431711,439057,439076&SEX=TOTAL"
2021,430430,"Catllar, el",Y087,87 anys,TOTAL,POP,20.0,,"https://api.idescat.cat/taules/v2/censph/10/5975/mun/data?lang=ca&YEAR=2021&MUN=430120,430430,430477,430509,430957,430976,431009,431037,431093,431114,431227,431264,431310,431359,431444,431482,431536,431649,431665,431711,439057,439076&SEX=TOTAL"
2021,430430,"Catllar, el",Y088,88 anys,TOTAL,POP,9,,"https://api.idescat.cat/taules/v2/censph/10/5975/mun/data?lang=ca&YEAR=2021&MUN=430120,430430,430477,430509,430957,430976,431009,431037,431093,431114,431227,431264,431310,431359,431444,431482,431536,431649,431665,431711,439057,439076&SEX=TOTAL"
2021,430430,"Catllar, el",Y089,89 anys,TOTAL,POP,8,,"https://api.idescat.cat/taules/v2/censph/10/5975/mun/data?lang=ca&YEAR=2021&MUN=430120,430430,430477,430509,430957,430976,431009,431037,431093,431114,431227,431264,431310,431359,431444,431482,431536,431649,431665,431711,439057,439076&SEX=TOTAL"
2021,430430,"Catllar, el",Y090,90 anys,TOTAL,POP,7,,"https://api.idescat.cat/taules/v2/censph/10/5975/mun/data?lang=ca&YEAR=2021&MUN=430120,430430,430477,430509,430957,430976,431009,431037,431093,431114,431227,431264,431310,431359,431444,431482,431536,431649,431665,431711,439057,439076&SEX=TOTAL"
2021,430430,"Catllar, el",Y091,91 anys,TOTAL,POP,4,,"https://api.idescat.cat/taules/v2/censph/10/5975/mun/data?lang=ca&YEAR=2021&MUN=430120,430430,430477,430509,430957,430976,431009,431037,431093,431114,431227,431264,431310,431359,431444,431482,431536,431649,431665,431711,439057,439076&SEX=TOTAL"
2021,430430,"Catllar, el",Y092,92 anys,TOTAL,POP,6,,"https://api.idescat.cat/taules/v2/censph/10/5975/mun/data?lang=ca&YEAR=2021&MUN=430120,430430,430477,430509,430957,430976,431009,431037,431093,431114,431227,431264,431310,431359,431444,431482,431536,431649,431665,431711,439057,439076&SEX=TOTAL"
2021,430430,"Catllar, el",Y093,93 anys,TOTAL,POP,1,,"https://api.idescat.cat/taules/v2/censph/10/5975/mun/data?lang=ca&YEAR=2021&MUN=430120,430430,430477,430509,430957,430976,431009,431037,431093,431114,431227,431264,431310,431359,431444,431482,431536,431649,431665,431711,439057,439076&SEX=TOTAL"
2021,430430,"Catllar, el",Y094,94 anys,TOTAL,POP,4,,"https://api.idescat.cat/taules/v2/censph/10/5975/mun/data?lang=ca&YEAR=2021&MUN=430120,430430,430477,430509,430957,430976,431009,431037,431093,431114,431227,431264,431310,431359,431444,431482,431536,431649,431665,431711,439057,439076&SEX=TOTAL"
2021,430430,"Catllar, el",Y095,95 anys,TOTAL,POP,4,,"https://api.idescat.cat/taules/v2/censph/10/5975/mun/data?lang=ca&YEAR=2021&MUN=430120,430430,430477,430509,430957,430976,431009,431037,431093,431114,431227,431264,431310,431359,431444,431482,431536,431649,431665,431711,439057,439076&SEX=TOTAL"
2021,430430,"Catllar, el",Y096,96 anys,TOTAL,POP,2,,"https://api.idescat.cat/taules/v2/censph/10/5975/mun/data?lang=ca&YEAR=2021&MUN=430120,430430,430477,430509,430957,430976,431009,431037,431093,431114,431227,431264,431310,431359,431444,431482,431536,431649,431665,431711,439057,439076&SEX=TOTAL"
2021,430430,"Catllar, el",Y097,97 anys,TOTAL,POP,0,,"https://api.idescat.cat/taules/v2/censph/10/5975/mun/data?lang=ca&YEAR=2021&MUN=430120,430430,430477,430509,430957,430976,431009,431037,431093,431114,431227,431264,431310,431359,431444,431482,431536,431649,431665,431711,439057,439076&SEX=TOTAL"
2021,430430,"Catllar, el",Y098,98 anys,TOTAL,POP,1,,"https://api.idescat.cat/taules/v2/censph/10/5975/mun/data?lang=ca&YEAR=2021&MUN=430120,430430,430477,430509,430957,430976,431009,431037,431093,431114,431227,431264,431310,431359,431444,431482,431536,431649,431665,431711,439057,439076&SEX=TOTAL"
2021,430430,"Catllar, el",Y099,99 anys,TOTAL,POP,1,,"https://api.idescat.cat/taules/v2/censph/10/5975/mun/data?lang=ca&YEAR=2021&MUN=430120,430430,430477,430509,430957,430976,431009,431037,431093,431114,431227,431264,431310,431359,431444,431482,431536,431649,431665,431711,439057,439076&SEX=TOTAL"
2021,430430,"Catllar, el",Y_GE100,100 anys o més,TOTAL,POP,1,,"https://api.idescat.cat/taules/v2/censph/10/5975/mun/data?lang=ca&YEAR=2021&MUN=430120,430430,430477,430509,430957,430976,431009,431037,431093,431114,431227,431264,431310,431359,431444,431482,431536,431649,431665,431711,439057,439076&SEX=TOTAL"
2021,430430,"Catllar, el",TOTAL,total,TOTAL,POP,4749,,"https://api.idescat.cat/taules/v2/censph/10/5975/mun/data?lang=ca&YEAR=2021&MUN=430120,430430,430477,430509,430957,430976,431009,431037,431093,431114,431227,431264,431310,431359,431444,431482,431536,431649,431665,431711,439057,439076&SEX=TOTAL"
2021,430477,Constantí,Y000,0 anys,TOTAL,POP,78,,"https://api.idescat.cat/taules/v2/censph/10/5975/mun/data?lang=ca&YEAR=2021&MUN=430120,430430,430477,430509,430957,430976,431009,431037,431093,431114,431227,431264,431310,431359,431444,431482,431536,431649,431665,431711,439057,439076&SEX=TOTAL"
2021,430477,Constantí,Y001,1 any,TOTAL,POP,67,,"https://api.idescat.cat/taules/v2/censph/10/5975/mun/data?lang=ca&YEAR=2021&MUN=430120,430430,430477,430509,430957,430976,431009,431037,431093,431114,431227,431264,431310,431359,431444,431482,431536,431649,431665,431711,439057,439076&SEX=TOTAL"
2021,430477,Constantí,Y002,2 anys,TOTAL,POP,61,,"https://api.idescat.cat/taules/v2/censph/10/5975/mun/data?lang=ca&YEAR=2021&MUN=430120,430430,430477,430509,430957,430976,431009,431037,431093,431114,431227,431264,431310,431359,431444,431482,431536,431649,431665,431711,439057,439076&SEX=TOTAL"
2021,430477,Constantí,Y003,3 anys,TOTAL,POP,74,,"https://api.idescat.cat/taules/v2/censph/10/5975/mun/data?lang=ca&YEAR=2021&MUN=430120,430430,430477,430509,430957,430976,431009,431037,431093,431114,431227,431264,431310,431359,431444,431482,431536,431649,431665,431711,439057,439076&SEX=TOTAL"
2021,430477,Constantí,Y004,4 anys,TOTAL,POP,81,,"https://api.idescat.cat/taules/v2/censph/10/5975/mun/data?lang=ca&YEAR=2021&MUN=430120,430430,430477,430509,430957,430976,431009,431037,431093,431114,431227,431264,431310,431359,431444,431482,431536,431649,431665,431711,439057,439076&SEX=TOTAL"
2021,430477,Constantí,Y005,5 anys,TOTAL,POP,100.0,,"https://api.idescat.cat/taules/v2/censph/10/5975/mun/data?lang=ca&YEAR=2021&MUN=430120,430430,430477,430509,430957,430976,431009,431037,431093,431114,431227,431264,431310,431359,431444,431482,431536,431649,431665,431711,439057,439076&SEX=TOTAL"
2021,430477,Constantí,Y006,6 anys,TOTAL,POP,72,,"https://api.idescat.cat/taules/v2/censph/10/5975/mun/data?lang=ca&YEAR=2021&MUN=430120,430430,430477,430509,430957,430976,431009,431037,431093,431114,431227,431264,431310,431359,431444,431482,431536,431649,431665,431711,439057,439076&SEX=TOTAL"
2021,430477,Constantí,Y007,7 anys,TOTAL,POP,94,,"https://api.idescat.cat/taules/v2/censph/10/5975/mun/data?lang=ca&YEAR=2021&MUN=430120,430430,430477,430509,430957,430976,431009,431037,431093,431114,431227,431264,431310,431359,431444,431482,431536,431649,431665,431711,439057,439076&SEX=TOTAL"
2021,430477,Constantí,Y008,8 anys,TOTAL,POP,90.0,,"https://api.idescat.cat/taules/v2/censph/10/5975/mun/data?lang=ca&YEAR=2021&MUN=430120,430430,430477,430509,430957,430976,431009,431037,431093,431114,431227,431264,431310,431359,431444,431482,431536,431649,431665,431711,439057,439076&SEX=TOTAL"
2021,430477,Constantí,Y009,9 anys,TOTAL,POP,78,,"https://api.idescat.cat/taules/v2/censph/10/5975/mun/data?lang=ca&YEAR=2021&MUN=430120,430430,430477,430509,430957,430976,431009,431037,431093,431114,431227,431264,431310,431359,431444,431482,431536,431649,431665,431711,439057,439076&SEX=TOTAL"
2021,430477,Constantí,Y010,10 anys,TOTAL,POP,97,,"https://api.idescat.cat/taules/v2/censph/10/5975/mun/data?lang=ca&YEAR=2021&MUN=430120,430430,430477,430509,430957,430976,431009,431037,431093,431114,431227,431264,431310,431359,431444,431482,431536,431649,431665,431711,439057,439076&SEX=TOTAL"
2021,430477,Constantí,Y011,11 anys,TOTAL,POP,86,,"https://api.idescat.cat/taules/v2/censph/10/5975/mun/data?lang=ca&YEAR=2021&MUN=430120,430430,430477,430509,430957,430976,431009,431037,431093,431114,431227,431264,431310,431359,431444,431482,431536,431649,431665,431711,439057,439076&SEX=TOTAL"
2021,430477,Constantí,Y012,12 anys,TOTAL,POP,97,,"https://api.idescat.cat/taules/v2/censph/10/5975/mun/data?lang=ca&YEAR=2021&MUN=430120,430430,430477,430509,430957,430976,431009,431037,431093,431114,431227,431264,431310,431359,431444,431482,431536,431649,431665,431711,439057,439076&SEX=TOTAL"
2021,430477,Constantí,Y013,13 anys,TOTAL,POP,114,,"https://api.idescat.cat/taules/v2/censph/10/5975/mun/data?lang=ca&YEAR=2021&MUN=430120,430430,430477,430509,430957,430976,431009,431037,431093,431114,431227,431264,431310,431359,431444,431482,431536,431649,431665,431711,439057,439076&SEX=TOTAL"
2021,430477,Constantí,Y014,14 anys,TOTAL,POP,82,,"https://api.idescat.cat/taules/v2/censph/10/5975/mun/data?lang=ca&YEAR=2021&MUN=430120,430430,430477,430509,430957,430976,431009,431037,431093,431114,431227,431264,431310,431359,431444,431482,431536,431649,431665,431711,439057,439076&SEX=TOTAL"
2021,430477,Constantí,Y015,15 anys,TOTAL,POP,88,,"https://api.idescat.cat/taules/v2/censph/10/5975/mun/data?lang=ca&YEAR=2021&MUN=430120,430430,430477,430509,430957,430976,431009,431037,431093,431114,431227,431264,431310,431359,431444,431482,431536,431649,431665,431711,439057,439076&SEX=TOTAL"
2021,430477,Constantí,Y016,16 anys,TOTAL,POP,75,,"https://api.idescat.cat/taules/v2/censph/10/5975/mun/data?lang=ca&YEAR=2021&MUN=430120,430430,430477,430509,430957,430976,431009,431037,431093,431114,431227,431264,431310,431359,431444,431482,431536,431649,431665,431711,439057,439076&SEX=TOTAL"
2021,430477,Constantí,Y017,17 anys,TOTAL,POP,72,,"https://api.idescat.cat/taules/v2/censph/10/5975/mun/data?lang=ca&YEAR=2021&MUN=430120,430430,430477,430509,430957,430976,431009,431037,431093,431114,431227,431264,431310,431359,431444,431482,431536,431649,431665,431711,439057,439076&SEX=TOTAL"
2021,430477,Constantí,Y018,18 anys,TOTAL,POP,77,,"https://api.idescat.cat/taules/v2/censph/10/5975/mun/data?lang=ca&YEAR=2021&MUN=430120,430430,430477,430509,430957,430976,431009,431037,431093,431114,431227,431264,431310,431359,431444,431482,431536,431649,431665,431711,439057,439076&SEX=TOTAL"
2021,430477,Constantí,Y019,19 anys,TOTAL,POP,74,,"https://api.idescat.cat/taules/v2/censph/10/5975/mun/data?lang=ca&YEAR=2021&MUN=430120,430430,430477,430509,430957,430976,431009,431037,431093,431114,431227,431264,431310,431359,431444,431482,431536,431649,431665,431711,439057,439076&SEX=TOTAL"
2021,430477,Constantí,Y020,20 anys,TOTAL,POP,75,,"https://api.idescat.cat/taules/v2/censph/10/5975/mun/data?lang=ca&YEAR=2021&MUN=430120,430430,430477,430509,430957,430976,431009,431037,431093,431114,431227,431264,431310,431359,431444,431482,431536,431649,431665,431711,439057,439076&SEX=TOTAL"
2021,430477,Constantí,Y021,21 anys,TOTAL,POP,70.0,,"https://api.idescat.cat/taules/v2/censph/10/5975/mun/data?lang=ca&YEAR=2021&MUN=430120,430430,430477,430509,430957,430976,431009,431037,431093,431114,431227,431264,431310,431359,431444,431482,431536,431649,431665,431711,439057,439076&SEX=TOTAL"
2021,430477,Constantí,Y022,22 anys,TOTAL,POP,74,,"https://api.idescat.cat/taules/v2/censph/10/5975/mun/data?lang=ca&YEAR=2021&MUN=430120,430430,430477,430509,430957,430976,431009,431037,431093,431114,431227,431264,431310,431359,431444,431482,431536,431649,431665,431711,439057,439076&SEX=TOTAL"
2021,430477,Constantí,Y023,23 anys,TOTAL,POP,65,,"https://api.idescat.cat/taules/v2/censph/10/5975/mun/data?lang=ca&YEAR=2021&MUN=430120,430430,430477,430509,430957,430976,431009,431037,431093,431114,431227,431264,431310,431359,431444,431482,431536,431649,431665,431711,439057,439076&SEX=TOTAL"
2021,430477,Constantí,Y024,24 anys,TOTAL,POP,78,,"https://api.idescat.cat/taules/v2/censph/10/5975/mun/data?lang=ca&YEAR=2021&MUN=430120,430430,430477,430509,430957,430976,431009,431037,431093,431114,431227,431264,431310,431359,431444,431482,431536,431649,431665,431711,439057,439076&SEX=TOTAL"
2021,430477,Constantí,Y025,25 anys,TOTAL,POP,67,,"https://api.idescat.cat/taules/v2/censph/10/5975/mun/data?lang=ca&YEAR=2021&MUN=430120,430430,430477,430509,430957,430976,431009,431037,431093,431114,431227,431264,431310,431359,431444,431482,431536,431649,431665,431711,439057,439076&SEX=TOTAL"
2021,430477,Constantí,Y026,26 anys,TOTAL,POP,70.0,,"https://api.idescat.cat/taules/v2/censph/10/5975/mun/data?lang=ca&YEAR=2021&MUN=430120,430430,430477,430509,430957,430976,431009,431037,431093,431114,431227,431264,431310,431359,431444,431482,431536,431649,431665,431711,439057,439076&SEX=TOTAL"
2021,430477,Constantí,Y027,27 anys,TOTAL,POP,73,,"https://api.idescat.cat/taules/v2/censph/10/5975/mun/data?lang=ca&YEAR=2021&MUN=430120,430430,430477,430509,430957,430976,431009,431037,431093,431114,431227,431264,431310,431359,431444,431482,431536,431649,431665,431711,439057,439076&SEX=TOTAL"
2021,430477,Constantí,Y028,28 anys,TOTAL,POP,88,,"https://api.idescat.cat/taules/v2/censph/10/5975/mun/data?lang=ca&YEAR=2021&MUN=430120,430430,430477,430509,430957,430976,431009,431037,431093,431114,431227,431264,431310,431359,431444,431482,431536,431649,431665,431711,439057,439076&SEX=TOTAL"
2021,430477,Constantí,Y029,29 anys,TOTAL,POP,82,,"https://api.idescat.cat/taules/v2/censph/10/5975/mun/data?lang=ca&YEAR=2021&MUN=430120,430430,430477,430509,430957,430976,431009,431037,431093,431114,431227,431264,431310,431359,431444,431482,431536,431649,431665,431711,439057,439076&SEX=TOTAL"
2021,430477,Constantí,Y030,30 anys,TOTAL,POP,81,,"https://api.idescat.cat/taules/v2/censph/10/5975/mun/data?lang=ca&YEAR=2021&MUN=430120,430430,430477,430509,430957,430976,431009,431037,431093,431114,431227,431264,431310,431359,431444,431482,431536,431649,431665,431711,439057,439076&SEX=TOTAL"
2021,430477,Constantí,Y031,31 anys,TOTAL,POP,83,,"https://api.idescat.cat/taules/v2/censph/10/5975/mun/data?lang=ca&YEAR=2021&MUN=430120,430430,430477,430509,430957,430976,431009,431037,431093,431114,431227,431264,431310,431359,431444,431482,431536,431649,431665,431711,439057,439076&SEX=TOTAL"
2021,430477,Constantí,Y032,32 anys,TOTAL,POP,70.0,,"https://api.idescat.cat/taules/v2/censph/10/5975/mun/data?lang=ca&YEAR=2021&MUN=430120,430430,430477,430509,430957,430976,431009,431037,431093,431114,431227,431264,431310,431359,431444,431482,431536,431649,431665,431711,439057,439076&SEX=TOTAL"
2021,430477,Constantí,Y033,33 anys,TOTAL,POP,82,,"https://api.idescat.cat/taules/v2/censph/10/5975/mun/data?lang=ca&YEAR=2021&MUN=430120,430430,430477,430509,430957,430976,431009,431037,431093,431114,431227,431264,431310,431359,431444,431482,431536,431649,431665,431711,439057,439076&SEX=TOTAL"
2021,430477,Constantí,Y034,34 anys,TOTAL,POP,95,,"https://api.idescat.cat/taules/v2/censph/10/5975/mun/data?lang=ca&YEAR=2021&MUN=430120,430430,430477,430509,430957,430976,431009,431037,431093,431114,431227,431264,431310,431359,431444,431482,431536,431649,431665,431711,439057,439076&SEX=TOTAL"
2021,430477,Constantí,Y035,35 anys,TOTAL,POP,87,,"https://api.idescat.cat/taules/v2/censph/10/5975/mun/data?lang=ca&YEAR=2021&MUN=430120,430430,430477,430509,430957,430976,431009,431037,431093,431114,431227,431264,431310,431359,431444,431482,431536,431649,431665,431711,439057,439076&SEX=TOTAL"
2021,430477,Constantí,Y036,36 anys,TOTAL,POP,115,,"https://api.idescat.cat/taules/v2/censph/10/5975/mun/data?lang=ca&YEAR=2021&MUN=430120,430430,430477,430509,430957,430976,431009,431037,431093,431114,431227,431264,431310,431359,431444,431482,431536,431649,431665,431711,439057,439076&SEX=TOTAL"
2021,430477,Constantí,Y037,37 anys,TOTAL,POP,74,,"https://api.idescat.cat/taules/v2/censph/10/5975/mun/data?lang=ca&YEAR=2021&MUN=430120,430430,430477,430509,430957,430976,431009,431037,431093,431114,431227,431264,431310,431359,431444,431482,431536,431649,431665,431711,439057,439076&SEX=TOTAL"
2021,430477,Constantí,Y038,38 anys,TOTAL,POP,102,,"https://api.idescat.cat/taules/v2/censph/10/5975/mun/data?lang=ca&YEAR=2021&MUN=430120,430430,430477,430509,430957,430976,431009,431037,431093,431114,431227,431264,431310,431359,431444,431482,431536,431649,431665,431711,439057,439076&SEX=TOTAL"
2021,430477,Constantí,Y039,39 anys,TOTAL,POP,103,,"https://api.idescat.cat/taules/v2/censph/10/5975/mun/data?lang=ca&YEAR=2021&MUN=430120,430430,430477,430509,430957,430976,431009,431037,431093,431114,431227,431264,431310,431359,431444,431482,431536,431649,431665,431711,439057,439076&SEX=TOTAL"
2021,430477,Constantí,Y040,40 anys,TOTAL,POP,121,,"https://api.idescat.cat/taules/v2/censph/10/5975/mun/data?lang=ca&YEAR=2021&MUN=430120,430430,430477,430509,430957,430976,431009,431037,431093,431114,431227,431264,431310,431359,431444,431482,431536,431649,431665,431711,439057,439076&SEX=TOTAL"
2021,430477,Constantí,Y041,41 anys,TOTAL,POP,112,,"https://api.idescat.cat/taules/v2/censph/10/5975/mun/data?lang=ca&YEAR=2021&MUN=430120,430430,430477,430509,430957,430976,431009,431037,431093,431114,431227,431264,431310,431359,431444,431482,431536,431649,431665,431711,439057,439076&SEX=TOTAL"
2021,430477,Constantí,Y042,42 anys,TOTAL,POP,125,,"https://api.idescat.cat/taules/v2/censph/10/5975/mun/data?lang=ca&YEAR=2021&MUN=430120,430430,430477,430509,430957,430976,431009,431037,431093,431114,431227,431264,431310,431359,431444,431482,431536,431649,431665,431711,439057,439076&SEX=TOTAL"
2021,430477,Constantí,Y043,43 anys,TOTAL,POP,131,,"https://api.idescat.cat/taules/v2/censph/10/5975/mun/data?lang=ca&YEAR=2021&MUN=430120,430430,430477,430509,430957,430976,431009,431037,431093,431114,431227,431264,431310,431359,431444,431482,431536,431649,431665,431711,439057,439076&SEX=TOTAL"
2021,430477,Constantí,Y044,44 anys,TOTAL,POP,127,,"https://api.idescat.cat/taules/v2/censph/10/5975/mun/data?lang=ca&YEAR=2021&MUN=430120,430430,430477,430509,430957,430976,431009,431037,431093,431114,431227,431264,431310,431359,431444,431482,431536,431649,431665,431711,439057,439076&SEX=TOTAL"
2021,430477,Constantí,Y045,45 anys,TOTAL,POP,113,,"https://api.idescat.cat/taules/v2/censph/10/5975/mun/data?lang=ca&YEAR=2021&MUN=430120,430430,430477,430509,430957,430976,431009,431037,431093,431114,431227,431264,431310,431359,431444,431482,431536,431649,431665,431711,439057,439076&SEX=TOTAL"
2021,430477,Constantí,Y046,46 anys,TOTAL,POP,132,,"https://api.idescat.cat/taules/v2/censph/10/5975/mun/data?lang=ca&YEAR=2021&MUN=430120,430430,430477,430509,430957,430976,431009,431037,431093,431114,431227,431264,431310,431359,431444,431482,431536,431649,431665,431711,439057,439076&SEX=TOTAL"
2021,430477,Constantí,Y047,47 anys,TOTAL,POP,131,,"https://api.idescat.cat/taules/v2/censph/10/5975/mun/data?lang=ca&YEAR=2021&MUN=430120,430430,430477,430509,430957,430976,431009,431037,431093,431114,431227,431264,431310,431359,431444,431482,431536,431649,431665,431711,439057,439076&SEX=TOTAL"
2021,430477,Constantí,Y048,48 anys,TOTAL,POP,108,,"https://api.idescat.cat/taules/v2/censph/10/5975/mun/data?lang=ca&YEAR=2021&MUN=430120,430430,430477,430509,430957,430976,431009,431037,431093,431114,431227,431264,431310,431359,431444,431482,431536,431649,431665,431711,439057,439076&SEX=TOTAL"
2021,430477,Constantí,Y049,49 anys,TOTAL,POP,124,,"https://api.idescat.cat/taules/v2/censph/10/5975/mun/data?lang=ca&YEAR=2021&MUN=430120,430430,430477,430509,430957,430976,431009,431037,431093,431114,431227,431264,431310,431359,431444,431482,431536,431649,431665,431711,439057,439076&SEX=TOTAL"
2021,430477,Constantí,Y050,50 anys,TOTAL,POP,107,,"https://api.idescat.cat/taules/v2/censph/10/5975/mun/data?lang=ca&YEAR=2021&MUN=430120,430430,430477,430509,430957,430976,431009,431037,431093,431114,431227,431264,431310,431359,431444,431482,431536,431649,431665,431711,439057,439076&SEX=TOTAL"
2021,430477,Constantí,Y051,51 anys,TOTAL,POP,109,,"https://api.idescat.cat/taules/v2/censph/10/5975/mun/data?lang=ca&YEAR=2021&MUN=430120,430430,430477,430509,430957,430976,431009,431037,431093,431114,431227,431264,431310,431359,431444,431482,431536,431649,431665,431711,439057,439076&SEX=TOTAL"
2021,430477,Constantí,Y052,52 anys,TOTAL,POP,80.0,,"https://api.idescat.cat/taules/v2/censph/10/5975/mun/data?lang=ca&YEAR=2021&MUN=430120,430430,430477,430509,430957,430976,431009,431037,431093,431114,431227,431264,431310,431359,431444,431482,431536,431649,431665,431711,439057,439076&SEX=TOTAL"
2021,430477,Constantí,Y053,53 anys,TOTAL,POP,99,,"https://api.idescat.cat/taules/v2/censph/10/5975/mun/data?lang=ca&YEAR=2021&MUN=430120,430430,430477,430509,430957,430976,431009,431037,431093,431114,431227,431264,431310,431359,431444,431482,431536,431649,431665,431711,439057,439076&SEX=TOTAL"
2021,430477,Constantí,Y054,54 anys,TOTAL,POP,95,,"https://api.idescat.cat/taules/v2/censph/10/5975/mun/data?lang=ca&YEAR=2021&MUN=430120,430430,430477,430509,430957,430976,431009,431037,431093,431114,431227,431264,431310,431359,431444,431482,431536,431649,431665,431711,439057,439076&SEX=TOTAL"
2021,430477,Constantí,Y055,55 anys,TOTAL,POP,94,,"https://api.idescat.cat/taules/v2/censph/10/5975/mun/data?lang=ca&YEAR=2021&MUN=430120,430430,430477,430509,430957,430976,431009,431037,431093,431114,431227,431264,431310,431359,431444,431482,431536,431649,431665,431711,439057,439076&SEX=TOTAL"
2021,430477,Constantí,Y056,56 anys,TOTAL,POP,87,,"https://api.idescat.cat/taules/v2/censph/10/5975/mun/data?lang=ca&YEAR=2021&MUN=430120,430430,430477,430509,430957,430976,431009,431037,431093,431114,431227,431264,431310,431359,431444,431482,431536,431649,431665,431711,439057,439076&SEX=TOTAL"
2021,430477,Constantí,Y057,57 anys,TOTAL,POP,78,,"https://api.idescat.cat/taules/v2/censph/10/5975/mun/data?lang=ca&YEAR=2021&MUN=430120,430430,430477,430509,430957,430976,431009,431037,431093,431114,431227,431264,431310,431359,431444,431482,431536,431649,431665,431711,439057,439076&SEX=TOTAL"
2021,430477,Constantí,Y058,58 anys,TOTAL,POP,80.0,,"https://api.idescat.cat/taules/v2/censph/10/5975/mun/data?lang=ca&YEAR=2021&MUN=430120,430430,430477,430509,430957,430976,431009,431037,431093,431114,431227,431264,431310,431359,431444,431482,431536,431649,431665,431711,439057,439076&SEX=TOTAL"
2021,430477,Constantí,Y059,59 anys,TOTAL,POP,84,,"https://api.idescat.cat/taules/v2/censph/10/5975/mun/data?lang=ca&YEAR=2021&MUN=430120,430430,430477,430509,430957,430976,431009,431037,431093,431114,431227,431264,431310,431359,431444,431482,431536,431649,431665,431711,439057,439076&SEX=TOTAL"
2021,430477,Constantí,Y060,60 anys,TOTAL,POP,67,,"https://api.idescat.cat/taules/v2/censph/10/5975/mun/data?lang=ca&YEAR=2021&MUN=430120,430430,430477,430509,430957,430976,431009,431037,431093,431114,431227,431264,431310,431359,431444,431482,431536,431649,431665,431711,439057,439076&SEX=TOTAL"
2021,430477,Constantí,Y061,61 anys,TOTAL,POP,61,,"https://api.idescat.cat/taules/v2/censph/10/5975/mun/data?lang=ca&YEAR=2021&MUN=430120,430430,430477,430509,430957,430976,431009,431037,431093,431114,431227,431264,431310,431359,431444,431482,431536,431649,431665,431711,439057,439076&SEX=TOTAL"
2021,430477,Constantí,Y062,62 anys,TOTAL,POP,78,,"https://api.idescat.cat/taules/v2/censph/10/5975/mun/data?lang=ca&YEAR=2021&MUN=430120,430430,430477,430509,430957,430976,431009,431037,431093,431114,431227,431264,431310,431359,431444,431482,431536,431649,431665,431711,439057,439076&SEX=TOTAL"
2021,430477,Constantí,Y063,63 anys,TOTAL,POP,65,,"https://api.idescat.cat/taules/v2/censph/10/5975/mun/data?lang=ca&YEAR=2021&MUN=430120,430430,430477,430509,430957,430976,431009,431037,431093,431114,431227,431264,431310,431359,431444,431482,431536,431649,431665,431711,439057,439076&SEX=TOTAL"
2021,430477,Constantí,Y064,64 anys,TOTAL,POP,54,,"https://api.idescat.cat/taules/v2/censph/10/5975/mun/data?lang=ca&YEAR=2021&MUN=430120,430430,430477,430509,430957,430976,431009,431037,431093,431114,431227,431264,431310,431359,431444,431482,431536,431649,431665,431711,439057,439076&SEX=TOTAL"
2021,430477,Constantí,Y065,65 anys,TOTAL,POP,73,,"https://api.idescat.cat/taules/v2/censph/10/5975/mun/data?lang=ca&YEAR=2021&MUN=430120,430430,430477,430509,430957,430976,431009,431037,431093,431114,431227,431264,431310,431359,431444,431482,431536,431649,431665,431711,439057,439076&SEX=TOTAL"
2021,430477,Constantí,Y066,66 anys,TOTAL,POP,64,,"https://api.idescat.cat/taules/v2/censph/10/5975/mun/data?lang=ca&YEAR=2021&MUN=430120,430430,430477,430509,430957,430976,431009,431037,431093,431114,431227,431264,431310,431359,431444,431482,431536,431649,431665,431711,439057,439076&SEX=TOTAL"
2021,430477,Constantí,Y067,67 anys,TOTAL,POP,59,,"https://api.idescat.cat/taules/v2/censph/10/5975/mun/data?lang=ca&YEAR=2021&MUN=430120,430430,430477,430509,430957,430976,431009,431037,431093,431114,431227,431264,431310,431359,431444,431482,431536,431649,431665,431711,439057,439076&SEX=TOTAL"
2021,430477,Constantí,Y068,68 anys,TOTAL,POP,73,,"https://api.idescat.cat/taules/v2/censph/10/5975/mun/data?lang=ca&YEAR=2021&MUN=430120,430430,430477,430509,430957,430976,431009,431037,431093,431114,431227,431264,431310,431359,431444,431482,431536,431649,431665,431711,439057,439076&SEX=TOTAL"
2021,430477,Constantí,Y069,69 anys,TOTAL,POP,59,,"https://api.idescat.cat/taules/v2/censph/10/5975/mun/data?lang=ca&YEAR=2021&MUN=430120,430430,430477,430509,430957,430976,431009,431037,431093,431114,431227,431264,431310,431359,431444,431482,431536,431649,431665,431711,439057,439076&SEX=TOTAL"
2021,430477,Constantí,Y070,70 anys,TOTAL,POP,56,,"https://api.idescat.cat/taules/v2/censph/10/5975/mun/data?lang=ca&YEAR=2021&MUN=430120,430430,430477,430509,430957,430976,431009,431037,431093,431114,431227,431264,431310,431359,431444,431482,431536,431649,431665,431711,439057,439076&SEX=TOTAL"
2021,430477,Constantí,Y071,71 anys,TOTAL,POP,46,,"https://api.idescat.cat/taules/v2/censph/10/5975/mun/data?lang=ca&YEAR=2021&MUN=430120,430430,430477,430509,430957,430976,431009,431037,431093,431114,431227,431264,431310,431359,431444,431482,431536,431649,431665,431711,439057,439076&SEX=TOTAL"
2021,430477,Constantí,Y072,72 anys,TOTAL,POP,54,,"https://api.idescat.cat/taules/v2/censph/10/5975/mun/data?lang=ca&YEAR=2021&MUN=430120,430430,430477,430509,430957,430976,431009,431037,431093,431114,431227,431264,431310,431359,431444,431482,431536,431649,431665,431711,439057,439076&SEX=TOTAL"
2021,430477,Constantí,Y073,73 anys,TOTAL,POP,53,,"https://api.idescat.cat/taules/v2/censph/10/5975/mun/data?lang=ca&YEAR=2021&MUN=430120,430430,430477,430509,430957,430976,431009,431037,431093,431114,431227,431264,431310,431359,431444,431482,431536,431649,431665,431711,439057,439076&SEX=TOTAL"
2021,430477,Constantí,Y074,74 anys,TOTAL,POP,40.0,,"https://api.idescat.cat/taules/v2/censph/10/5975/mun/data?lang=ca&YEAR=2021&MUN=430120,430430,430477,430509,430957,430976,431009,431037,431093,431114,431227,431264,431310,431359,431444,431482,431536,431649,431665,431711,439057,439076&SEX=TOTAL"
2021,430477,Constantí,Y075,75 anys,TOTAL,POP,37,,"https://api.idescat.cat/taules/v2/censph/10/5975/mun/data?lang=ca&YEAR=2021&MUN=430120,430430,430477,430509,430957,430976,431009,431037,431093,431114,431227,431264,431310,431359,431444,431482,431536,431649,431665,431711,439057,439076&SEX=TOTAL"
2021,430477,Constantí,Y076,76 anys,TOTAL,POP,38,,"https://api.idescat.cat/taules/v2/censph/10/5975/mun/data?lang=ca&YEAR=2021&MUN=430120,430430,430477,430509,430957,430976,431009,431037,431093,431114,431227,431264,431310,431359,431444,431482,431536,431649,431665,431711,439057,439076&SEX=TOTAL"
2021,430477,Constantí,Y077,77 anys,TOTAL,POP,32,,"https://api.idescat.cat/taules/v2/censph/10/5975/mun/data?lang=ca&YEAR=2021&MUN=430120,430430,430477,430509,430957,430976,431009,431037,431093,431114,431227,431264,431310,431359,431444,431482,431536,431649,431665,431711,439057,439076&SEX=TOTAL"
2021,430477,Constantí,Y078,78 anys,TOTAL,POP,33,,"https://api.idescat.cat/taules/v2/censph/10/5975/mun/data?lang=ca&YEAR=2021&MUN=430120,430430,430477,430509,430957,430976,431009,431037,431093,431114,431227,431264,431310,431359,431444,431482,431536,431649,431665,431711,439057,439076&SEX=TOTAL"
2021,430477,Constantí,Y079,79 anys,TOTAL,POP,34,,"https://api.idescat.cat/taules/v2/censph/10/5975/mun/data?lang=ca&YEAR=2021&MUN=430120,430430,430477,430509,430957,430976,431009,431037,431093,431114,431227,431264,431310,431359,431444,431482,431536,431649,431665,431711,439057,439076&SEX=TOTAL"
2021,430477,Constantí,Y080,80 anys,TOTAL,POP,27,,"https://api.idescat.cat/taules/v2/censph/10/5975/mun/data?lang=ca&YEAR=2021&MUN=430120,430430,430477,430509,430957,430976,431009,431037,431093,431114,431227,431264,431310,431359,431444,431482,431536,431649,431665,431711,439057,439076&SEX=TOTAL"
2021,430477,Constantí,Y081,81 anys,TOTAL,POP,29,,"https://api.idescat.cat/taules/v2/censph/10/5975/mun/data?lang=ca&YEAR=2021&MUN=430120,430430,430477,430509,430957,430976,431009,431037,431093,431114,431227,431264,431310,431359,431444,431482,431536,431649,431665,431711,439057,439076&SEX=TOTAL"
2021,430477,Constantí,Y082,82 anys,TOTAL,POP,19,,"https://api.idescat.cat/taules/v2/censph/10/5975/mun/data?lang=ca&YEAR=2021&MUN=430120,430430,430477,430509,430957,430976,431009,431037,431093,431114,431227,431264,431310,431359,431444,431482,431536,431649,431665,431711,439057,439076&SEX=TOTAL"
2021,430477,Constantí,Y083,83 anys,TOTAL,POP,30.0,,"https://api.idescat.cat/taules/v2/censph/10/5975/mun/data?lang=ca&YEAR=2021&MUN=430120,430430,430477,430509,430957,430976,431009,431037,431093,431114,431227,431264,431310,431359,431444,431482,431536,431649,431665,431711,439057,439076&SEX=TOTAL"
2021,430477,Constantí,Y084,84 anys,TOTAL,POP,29,,"https://api.idescat.cat/taules/v2/censph/10/5975/mun/data?lang=ca&YEAR=2021&MUN=430120,430430,430477,430509,430957,430976,431009,431037,431093,431114,431227,431264,431310,431359,431444,431482,431536,431649,431665,431711,439057,439076&SEX=TOTAL"
2021,430477,Constantí,Y085,85 anys,TOTAL,POP,20.0,,"https://api.idescat.cat/taules/v2/censph/10/5975/mun/data?lang=ca&YEAR=2021&MUN=430120,430430,430477,430509,430957,430976,431009,431037,431093,431114,431227,431264,431310,431359,431444,431482,431536,431649,431665,431711,439057,439076&SEX=TOTAL"
2021,430477,Constantí,Y086,86 anys,TOTAL,POP,18,,"https://api.idescat.cat/taules/v2/censph/10/5975/mun/data?lang=ca&YEAR=2021&MUN=430120,430430,430477,430509,430957,430976,431009,431037,431093,431114,431227,431264,431310,431359,431444,431482,431536,431649,431665,431711,439057,439076&SEX=TOTAL"
2021,430477,Constantí,Y087,87 anys,TOTAL,POP,17,,"https://api.idescat.cat/taules/v2/censph/10/5975/mun/data?lang=ca&YEAR=2021&MUN=430120,430430,430477,430509,430957,430976,431009,431037,431093,431114,431227,431264,431310,431359,431444,431482,431536,431649,431665,431711,439057,439076&SEX=TOTAL"
2021,430477,Constantí,Y088,88 anys,TOTAL,POP,13,,"https://api.idescat.cat/taules/v2/censph/10/5975/mun/data?lang=ca&YEAR=2021&MUN=430120,430430,430477,430509,430957,430976,431009,431037,431093,431114,431227,431264,431310,431359,431444,431482,431536,431649,431665,431711,439057,439076&SEX=TOTAL"
2021,430477,Constantí,Y089,89 anys,TOTAL,POP,11,,"https://api.idescat.cat/taules/v2/censph/10/5975/mun/data?lang=ca&YEAR=2021&MUN=430120,430430,430477,430509,430957,430976,431009,431037,431093,431114,431227,431264,431310,431359,431444,431482,431536,431649,431665,431711,439057,439076&SEX=TOTAL"
2021,430477,Constantí,Y090,90 anys,TOTAL,POP,13,,"https://api.idescat.cat/taules/v2/censph/10/5975/mun/data?lang=ca&YEAR=2021&MUN=430120,430430,430477,430509,430957,430976,431009,431037,431093,431114,431227,431264,431310,431359,431444,431482,431536,431649,431665,431711,439057,439076&SEX=TOTAL"
2021,430477,Constantí,Y091,91 anys,TOTAL,POP,8,,"https://api.idescat.cat/taules/v2/censph/10/5975/mun/data?lang=ca&YEAR=2021&MUN=430120,430430,430477,430509,430957,430976,431009,431037,431093,431114,431227,431264,431310,431359,431444,431482,431536,431649,431665,431711,439057,439076&SEX=TOTAL"
2021,430477,Constantí,Y092,92 anys,TOTAL,POP,6,,"https://api.idescat.cat/taules/v2/censph/10/5975/mun/data?lang=ca&YEAR=2021&MUN=430120,430430,430477,430509,430957,430976,431009,431037,431093,431114,431227,431264,431310,431359,431444,431482,431536,431649,431665,431711,439057,439076&SEX=TOTAL"
2021,430477,Constantí,Y093,93 anys,TOTAL,POP,8,,"https://api.idescat.cat/taules/v2/censph/10/5975/mun/data?lang=ca&YEAR=2021&MUN=430120,430430,430477,430509,430957,430976,431009,431037,431093,431114,431227,431264,431310,431359,431444,431482,431536,431649,431665,431711,439057,439076&SEX=TOTAL"
2021,430477,Constantí,Y094,94 anys,TOTAL,POP,3,,"https://api.idescat.cat/taules/v2/censph/10/5975/mun/data?lang=ca&YEAR=2021&MUN=430120,430430,430477,430509,430957,430976,431009,431037,431093,431114,431227,431264,431310,431359,431444,431482,431536,431649,431665,431711,439057,439076&SEX=TOTAL"
2021,430477,Constantí,Y095,95 anys,TOTAL,POP,0,,"https://api.idescat.cat/taules/v2/censph/10/5975/mun/data?lang=ca&YEAR=2021&MUN=430120,430430,430477,430509,430957,430976,431009,431037,431093,431114,431227,431264,431310,431359,431444,431482,431536,431649,431665,431711,439057,439076&SEX=TOTAL"
2021,430477,Constantí,Y096,96 anys,TOTAL,POP,3,,"https://api.idescat.cat/taules/v2/censph/10/5975/mun/data?lang=ca&YEAR=2021&MUN=430120,430430,430477,430509,430957,430976,431009,431037,431093,431114,431227,431264,431310,431359,431444,431482,431536,431649,431665,431711,439057,439076&SEX=TOTAL"
2021,430477,Constantí,Y097,97 anys,TOTAL,POP,0,,"https://api.idescat.cat/taules/v2/censph/10/5975/mun/data?lang=ca&YEAR=2021&MUN=430120,430430,430477,430509,430957,430976,431009,431037,431093,431114,431227,431264,431310,431359,431444,431482,431536,431649,431665,431711,439057,439076&SEX=TOTAL"
2021,430477,Constantí,Y098,98 anys,TOTAL,POP,1,,"https://api.idescat.cat/taules/v2/censph/10/5975/mun/data?lang=ca&YEAR=2021&MUN=430120,430430,430477,430509,430957,430976,431009,431037,431093,431114,431227,431264,431310,431359,431444,431482,431536,431649,431665,431711,439057,439076&SEX=TOTAL"
2021,430477,Constantí,Y099,99 anys,TOTAL,POP,2,,"https://api.idescat.cat/taules/v2/censph/10/5975/mun/data?lang=ca&YEAR=2021&MUN=430120,430430,430477,430509,430957,430976,431009,431037,431093,431114,431227,431264,431310,431359,431444,431482,431536,431649,431665,431711,439057,439076&SEX=TOTAL"
2021,430477,Constantí,Y_GE100,100 anys o més,TOTAL,POP,0,,"https://api.idescat.cat/taules/v2/censph/10/5975/mun/data?lang=ca&YEAR=2021&MUN=430120,430430,430477,430509,430957,430976,431009,431037,431093,431114,431227,431264,431310,431359,431444,431482,431536,431649,431665,431711,439057,439076&SEX=TOTAL"
2021,430477,Constantí,TOTAL,total,TOTAL,POP,6761,,"https://api.idescat.cat/taules/v2/censph/10/5975/mun/data?lang=ca&YEAR=2021&MUN=430120,430430,430477,430509,430957,430976,431009,431037,431093,431114,431227,431264,431310,431359,431444,431482,431536,431649,431665,431711,439057,439076&SEX=TOTAL"
2021,430509,Creixell,Y000,0 anys,TOTAL,POP,32,,"https://api.idescat.cat/taules/v2/censph/10/5975/mun/data?lang=ca&YEAR=2021&MUN=430120,430430,430477,430509,430957,430976,431009,431037,431093,431114,431227,431264,431310,431359,431444,431482,431536,431649,431665,431711,439057,439076&SEX=TOTAL"
2021,430509,Creixell,Y001,1 any,TOTAL,POP,31,,"https://api.idescat.cat/taules/v2/censph/10/5975/mun/data?lang=ca&YEAR=2021&MUN=430120,430430,430477,430509,430957,430976,431009,431037,431093,431114,431227,431264,431310,431359,431444,431482,431536,431649,431665,431711,439057,439076&SEX=TOTAL"
2021,430509,Creixell,Y002,2 anys,TOTAL,POP,41,,"https://api.idescat.cat/taules/v2/censph/10/5975/mun/data?lang=ca&YEAR=2021&MUN=430120,430430,430477,430509,430957,430976,431009,431037,431093,431114,431227,431264,431310,431359,431444,431482,431536,431649,431665,431711,439057,439076&SEX=TOTAL"
2021,430509,Creixell,Y003,3 anys,TOTAL,POP,39,,"https://api.idescat.cat/taules/v2/censph/10/5975/mun/data?lang=ca&YEAR=2021&MUN=430120,430430,430477,430509,430957,430976,431009,431037,431093,431114,431227,431264,431310,431359,431444,431482,431536,431649,431665,431711,439057,439076&SEX=TOTAL"
2021,430509,Creixell,Y004,4 anys,TOTAL,POP,40.0,,"https://api.idescat.cat/taules/v2/censph/10/5975/mun/data?lang=ca&YEAR=2021&MUN=430120,430430,430477,430509,430957,430976,431009,431037,431093,431114,431227,431264,431310,431359,431444,431482,431536,431649,431665,431711,439057,439076&SEX=TOTAL"
2021,430509,Creixell,Y005,5 anys,TOTAL,POP,39,,"https://api.idescat.cat/taules/v2/censph/10/5975/mun/data?lang=ca&YEAR=2021&MUN=430120,430430,430477,430509,430957,430976,431009,431037,431093,431114,431227,431264,431310,431359,431444,431482,431536,431649,431665,431711,439057,439076&SEX=TOTAL"
2021,430509,Creixell,Y006,6 anys,TOTAL,POP,32,,"https://api.idescat.cat/taules/v2/censph/10/5975/mun/data?lang=ca&YEAR=2021&MUN=430120,430430,430477,430509,430957,430976,431009,431037,431093,431114,431227,431264,431310,431359,431444,431482,431536,431649,431665,431711,439057,439076&SEX=TOTAL"
2021,430509,Creixell,Y007,7 anys,TOTAL,POP,39,,"https://api.idescat.cat/taules/v2/censph/10/5975/mun/data?lang=ca&YEAR=2021&MUN=430120,430430,430477,430509,430957,430976,431009,431037,431093,431114,431227,431264,431310,431359,431444,431482,431536,431649,431665,431711,439057,439076&SEX=TOTAL"
2021,430509,Creixell,Y008,8 anys,TOTAL,POP,42,,"https://api.idescat.cat/taules/v2/censph/10/5975/mun/data?lang=ca&YEAR=2021&MUN=430120,430430,430477,430509,430957,430976,431009,431037,431093,431114,431227,431264,431310,431359,431444,431482,431536,431649,431665,431711,439057,439076&SEX=TOTAL"
2021,430509,Creixell,Y009,9 anys,TOTAL,POP,32,,"https://api.idescat.cat/taules/v2/censph/10/5975/mun/data?lang=ca&YEAR=2021&MUN=430120,430430,430477,430509,430957,430976,431009,431037,431093,431114,431227,431264,431310,431359,431444,431482,431536,431649,431665,431711,439057,439076&SEX=TOTAL"
2021,430509,Creixell,Y010,10 anys,TOTAL,POP,36,,"https://api.idescat.cat/taules/v2/censph/10/5975/mun/data?lang=ca&YEAR=2021&MUN=430120,430430,430477,430509,430957,430976,431009,431037,431093,431114,431227,431264,431310,431359,431444,431482,431536,431649,431665,431711,439057,439076&SEX=TOTAL"
2021,430509,Creixell,Y011,11 anys,TOTAL,POP,46,,"https://api.idescat.cat/taules/v2/censph/10/5975/mun/data?lang=ca&YEAR=2021&MUN=430120,430430,430477,430509,430957,430976,431009,431037,431093,431114,431227,431264,431310,431359,431444,431482,431536,431649,431665,431711,439057,439076&SEX=TOTAL"
2021,430509,Creixell,Y012,12 anys,TOTAL,POP,48,,"https://api.idescat.cat/taules/v2/censph/10/5975/mun/data?lang=ca&YEAR=2021&MUN=430120,430430,430477,430509,430957,430976,431009,431037,431093,431114,431227,431264,431310,431359,431444,431482,431536,431649,431665,431711,439057,439076&SEX=TOTAL"
2021,430509,Creixell,Y013,13 anys,TOTAL,POP,24,,"https://api.idescat.cat/taules/v2/censph/10/5975/mun/data?lang=ca&YEAR=2021&MUN=430120,430430,430477,430509,430957,430976,431009,431037,431093,431114,431227,431264,431310,431359,431444,431482,431536,431649,431665,431711,439057,439076&SEX=TOTAL"
2021,430509,Creixell,Y014,14 anys,TOTAL,POP,43,,"https://api.idescat.cat/taules/v2/censph/10/5975/mun/data?lang=ca&YEAR=2021&MUN=430120,430430,430477,430509,430957,430976,431009,431037,431093,431114,431227,431264,431310,431359,431444,431482,431536,431649,431665,431711,439057,439076&SEX=TOTAL"
2021,430509,Creixell,Y015,15 anys,TOTAL,POP,32,,"https://api.idescat.cat/taules/v2/censph/10/5975/mun/data?lang=ca&YEAR=2021&MUN=430120,430430,430477,430509,430957,430976,431009,431037,431093,431114,431227,431264,431310,431359,431444,431482,431536,431649,431665,431711,439057,439076&SEX=TOTAL"
2021,430509,Creixell,Y016,16 anys,TOTAL,POP,31,,"https://api.idescat.cat/taules/v2/censph/10/5975/mun/data?lang=ca&YEAR=2021&MUN=430120,430430,430477,430509,430957,430976,431009,431037,431093,431114,431227,431264,431310,431359,431444,431482,431536,431649,431665,431711,439057,439076&SEX=TOTAL"
2021,430509,Creixell,Y017,17 anys,TOTAL,POP,39,,"https://api.idescat.cat/taules/v2/censph/10/5975/mun/data?lang=ca&YEAR=2021&MUN=430120,430430,430477,430509,430957,430976,431009,431037,431093,431114,431227,431264,431310,431359,431444,431482,431536,431649,431665,431711,439057,439076&SEX=TOTAL"
2021,430509,Creixell,Y018,18 anys,TOTAL,POP,28,,"https://api.idescat.cat/taules/v2/censph/10/5975/mun/data?lang=ca&YEAR=2021&MUN=430120,430430,430477,430509,430957,430976,431009,431037,431093,431114,431227,431264,431310,431359,431444,431482,431536,431649,431665,431711,439057,439076&SEX=TOTAL"
2021,430509,Creixell,Y019,19 anys,TOTAL,POP,32,,"https://api.idescat.cat/taules/v2/censph/10/5975/mun/data?lang=ca&YEAR=2021&MUN=430120,430430,430477,430509,430957,430976,431009,431037,431093,431114,431227,431264,431310,431359,431444,431482,431536,431649,431665,431711,439057,439076&SEX=TOTAL"
2021,430509,Creixell,Y020,20 anys,TOTAL,POP,41,,"https://api.idescat.cat/taules/v2/censph/10/5975/mun/data?lang=ca&YEAR=2021&MUN=430120,430430,430477,430509,430957,430976,431009,431037,431093,431114,431227,431264,431310,431359,431444,431482,431536,431649,431665,431711,439057,439076&SEX=TOTAL"
2021,430509,Creixell,Y021,21 anys,TOTAL,POP,29,,"https://api.idescat.cat/taules/v2/censph/10/5975/mun/data?lang=ca&YEAR=2021&MUN=430120,430430,430477,430509,430957,430976,431009,431037,431093,431114,431227,431264,431310,431359,431444,431482,431536,431649,431665,431711,439057,439076&SEX=TOTAL"
2021,430509,Creixell,Y022,22 anys,TOTAL,POP,41,,"https://api.idescat.cat/taules/v2/censph/10/5975/mun/data?lang=ca&YEAR=2021&MUN=430120,430430,430477,430509,430957,430976,431009,431037,431093,431114,431227,431264,431310,431359,431444,431482,431536,431649,431665,431711,439057,439076&SEX=TOTAL"
2021,430509,Creixell,Y023,23 anys,TOTAL,POP,37,,"https://api.idescat.cat/taules/v2/censph/10/5975/mun/data?lang=ca&YEAR=2021&MUN=430120,430430,430477,430509,430957,430976,431009,431037,431093,431114,431227,431264,431310,431359,431444,431482,431536,431649,431665,431711,439057,439076&SEX=TOTAL"
2021,430509,Creixell,Y024,24 anys,TOTAL,POP,28,,"https://api.idescat.cat/taules/v2/censph/10/5975/mun/data?lang=ca&YEAR=2021&MUN=430120,430430,430477,430509,430957,430976,431009,431037,431093,431114,431227,431264,431310,431359,431444,431482,431536,431649,431665,431711,439057,439076&SEX=TOTAL"
2021,430509,Creixell,Y025,25 anys,TOTAL,POP,34,,"https://api.idescat.cat/taules/v2/censph/10/5975/mun/data?lang=ca&YEAR=2021&MUN=430120,430430,430477,430509,430957,430976,431009,431037,431093,431114,431227,431264,431310,431359,431444,431482,431536,431649,431665,431711,439057,439076&SEX=TOTAL"
2021,430509,Creixell,Y026,26 anys,TOTAL,POP,34,,"https://api.idescat.cat/taules/v2/censph/10/5975/mun/data?lang=ca&YEAR=2021&MUN=430120,430430,430477,430509,430957,430976,431009,431037,431093,431114,431227,431264,431310,431359,431444,431482,431536,431649,431665,431711,439057,439076&SEX=TOTAL"
2021,430509,Creixell,Y027,27 anys,TOTAL,POP,31,,"https://api.idescat.cat/taules/v2/censph/10/5975/mun/data?lang=ca&YEAR=2021&MUN=430120,430430,430477,430509,430957,430976,431009,431037,431093,431114,431227,431264,431310,431359,431444,431482,431536,431649,431665,431711,439057,439076&SEX=TOTAL"
2021,430509,Creixell,Y028,28 anys,TOTAL,POP,37,,"https://api.idescat.cat/taules/v2/censph/10/5975/mun/data?lang=ca&YEAR=2021&MUN=430120,430430,430477,430509,430957,430976,431009,431037,431093,431114,431227,431264,431310,431359,431444,431482,431536,431649,431665,431711,439057,439076&SEX=TOTAL"
2021,430509,Creixell,Y029,29 anys,TOTAL,POP,42,,"https://api.idescat.cat/taules/v2/censph/10/5975/mun/data?lang=ca&YEAR=2021&MUN=430120,430430,430477,430509,430957,430976,431009,431037,431093,431114,431227,431264,431310,431359,431444,431482,431536,431649,431665,431711,439057,439076&SEX=TOTAL"
2021,430509,Creixell,Y030,30 anys,TOTAL,POP,40.0,,"https://api.idescat.cat/taules/v2/censph/10/5975/mun/data?lang=ca&YEAR=2021&MUN=430120,430430,430477,430509,430957,430976,431009,431037,431093,431114,431227,431264,431310,431359,431444,431482,431536,431649,431665,431711,439057,439076&SEX=TOTAL"
2021,430509,Creixell,Y031,31 anys,TOTAL,POP,43,,"https://api.idescat.cat/taules/v2/censph/10/5975/mun/data?lang=ca&YEAR=2021&MUN=430120,430430,430477,430509,430957,430976,431009,431037,431093,431114,431227,431264,431310,431359,431444,431482,431536,431649,431665,431711,439057,439076&SEX=TOTAL"
2021,430509,Creixell,Y032,32 anys,TOTAL,POP,34,,"https://api.idescat.cat/taules/v2/censph/10/5975/mun/data?lang=ca&YEAR=2021&MUN=430120,430430,430477,430509,430957,430976,431009,431037,431093,431114,431227,431264,431310,431359,431444,431482,431536,431649,431665,431711,439057,439076&SEX=TOTAL"
2021,430509,Creixell,Y033,33 anys,TOTAL,POP,53,,"https://api.idescat.cat/taules/v2/censph/10/5975/mun/data?lang=ca&YEAR=2021&MUN=430120,430430,430477,430509,430957,430976,431009,431037,431093,431114,431227,431264,431310,431359,431444,431482,431536,431649,431665,431711,439057,439076&SEX=TOTAL"
2021,430509,Creixell,Y034,34 anys,TOTAL,POP,44,,"https://api.idescat.cat/taules/v2/censph/10/5975/mun/data?lang=ca&YEAR=2021&MUN=430120,430430,430477,430509,430957,430976,431009,431037,431093,431114,431227,431264,431310,431359,431444,431482,431536,431649,431665,431711,439057,439076&SEX=TOTAL"
2021,430509,Creixell,Y035,35 anys,TOTAL,POP,45,,"https://api.idescat.cat/taules/v2/censph/10/5975/mun/data?lang=ca&YEAR=2021&MUN=430120,430430,430477,430509,430957,430976,431009,431037,431093,431114,431227,431264,431310,431359,431444,431482,431536,431649,431665,431711,439057,439076&SEX=TOTAL"
2021,430509,Creixell,Y036,36 anys,TOTAL,POP,41,,"https://api.idescat.cat/taules/v2/censph/10/5975/mun/data?lang=ca&YEAR=2021&MUN=430120,430430,430477,430509,430957,430976,431009,431037,431093,431114,431227,431264,431310,431359,431444,431482,431536,431649,431665,431711,439057,439076&SEX=TOTAL"
2021,430509,Creixell,Y037,37 anys,TOTAL,POP,41,,"https://api.idescat.cat/taules/v2/censph/10/5975/mun/data?lang=ca&YEAR=2021&MUN=430120,430430,430477,430509,430957,430976,431009,431037,431093,431114,431227,431264,431310,431359,431444,431482,431536,431649,431665,431711,439057,439076&SEX=TOTAL"
2021,430509,Creixell,Y038,38 anys,TOTAL,POP,60.0,,"https://api.idescat.cat/taules/v2/censph/10/5975/mun/data?lang=ca&YEAR=2021&MUN=430120,430430,430477,430509,430957,430976,431009,431037,431093,431114,431227,431264,431310,431359,431444,431482,431536,431649,431665,431711,439057,439076&SEX=TOTAL"
2021,430509,Creixell,Y039,39 anys,TOTAL,POP,65,,"https://api.idescat.cat/taules/v2/censph/10/5975/mun/data?lang=ca&YEAR=2021&MUN=430120,430430,430477,430509,430957,430976,431009,431037,431093,431114,431227,431264,431310,431359,431444,431482,431536,431649,431665,431711,439057,439076&SEX=TOTAL"
2021,430509,Creixell,Y040,40 anys,TOTAL,POP,64,,"https://api.idescat.cat/taules/v2/censph/10/5975/mun/data?lang=ca&YEAR=2021&MUN=430120,430430,430477,430509,430957,430976,431009,431037,431093,431114,431227,431264,431310,431359,431444,431482,431536,431649,431665,431711,439057,439076&SEX=TOTAL"
2021,430509,Creixell,Y041,41 anys,TOTAL,POP,61,,"https://api.idescat.cat/taules/v2/censph/10/5975/mun/data?lang=ca&YEAR=2021&MUN=430120,430430,430477,430509,430957,430976,431009,431037,431093,431114,431227,431264,431310,431359,431444,431482,431536,431649,431665,431711,439057,439076&SEX=TOTAL"
2021,430509,Creixell,Y042,42 anys,TOTAL,POP,58,,"https://api.idescat.cat/taules/v2/censph/10/5975/mun/data?lang=ca&YEAR=2021&MUN=430120,430430,430477,430509,430957,430976,431009,431037,431093,431114,431227,431264,431310,431359,431444,431482,431536,431649,431665,431711,439057,439076&SEX=TOTAL"
2021,430509,Creixell,Y043,43 anys,TOTAL,POP,64,,"https://api.idescat.cat/taules/v2/censph/10/5975/mun/data?lang=ca&YEAR=2021&MUN=430120,430430,430477,430509,430957,430976,431009,431037,431093,431114,431227,431264,431310,431359,431444,431482,431536,431649,431665,431711,439057,439076&SEX=TOTAL"
2021,430509,Creixell,Y044,44 anys,TOTAL,POP,79,,"https://api.idescat.cat/taules/v2/censph/10/5975/mun/data?lang=ca&YEAR=2021&MUN=430120,430430,430477,430509,430957,430976,431009,431037,431093,431114,431227,431264,431310,431359,431444,431482,431536,431649,431665,431711,439057,439076&SEX=TOTAL"
2021,430509,Creixell,Y045,45 anys,TOTAL,POP,58,,"https://api.idescat.cat/taules/v2/censph/10/5975/mun/data?lang=ca&YEAR=2021&MUN=430120,430430,430477,430509,430957,430976,431009,431037,431093,431114,431227,431264,431310,431359,431444,431482,431536,431649,431665,431711,439057,439076&SEX=TOTAL"
2021,430509,Creixell,Y046,46 anys,TOTAL,POP,60.0,,"https://api.idescat.cat/taules/v2/censph/10/5975/mun/data?lang=ca&YEAR=2021&MUN=430120,430430,430477,430509,430957,430976,431009,431037,431093,431114,431227,431264,431310,431359,431444,431482,431536,431649,431665,431711,439057,439076&SEX=TOTAL"
2021,430509,Creixell,Y047,47 anys,TOTAL,POP,62,,"https://api.idescat.cat/taules/v2/censph/10/5975/mun/data?lang=ca&YEAR=2021&MUN=430120,430430,430477,430509,430957,430976,431009,431037,431093,431114,431227,431264,431310,431359,431444,431482,431536,431649,431665,431711,439057,439076&SEX=TOTAL"
2021,430509,Creixell,Y048,48 anys,TOTAL,POP,51,,"https://api.idescat.cat/taules/v2/censph/10/5975/mun/data?lang=ca&YEAR=2021&MUN=430120,430430,430477,430509,430957,430976,431009,431037,431093,431114,431227,431264,431310,431359,431444,431482,431536,431649,431665,431711,439057,439076&SEX=TOTAL"
2021,430509,Creixell,Y049,49 anys,TOTAL,POP,66,,"https://api.idescat.cat/taules/v2/censph/10/5975/mun/data?lang=ca&YEAR=2021&MUN=430120,430430,430477,430509,430957,430976,431009,431037,431093,431114,431227,431264,431310,431359,431444,431482,431536,431649,431665,431711,439057,439076&SEX=TOTAL"
2021,430509,Creixell,Y050,50 anys,TOTAL,POP,58,,"https://api.idescat.cat/taules/v2/censph/10/5975/mun/data?lang=ca&YEAR=2021&MUN=430120,430430,430477,430509,430957,430976,431009,431037,431093,431114,431227,431264,431310,431359,431444,431482,431536,431649,431665,431711,439057,439076&SEX=TOTAL"
2021,430509,Creixell,Y051,51 anys,TOTAL,POP,55,,"https://api.idescat.cat/taules/v2/censph/10/5975/mun/data?lang=ca&YEAR=2021&MUN=430120,430430,430477,430509,430957,430976,431009,431037,431093,431114,431227,431264,431310,431359,431444,431482,431536,431649,431665,431711,439057,439076&SEX=TOTAL"
2021,430509,Creixell,Y052,52 anys,TOTAL,POP,61,,"https://api.idescat.cat/taules/v2/censph/10/5975/mun/data?lang=ca&YEAR=2021&MUN=430120,430430,430477,430509,430957,430976,431009,431037,431093,431114,431227,431264,431310,431359,431444,431482,431536,431649,431665,431711,439057,439076&SEX=TOTAL"
2021,430509,Creixell,Y053,53 anys,TOTAL,POP,52,,"https://api.idescat.cat/taules/v2/censph/10/5975/mun/data?lang=ca&YEAR=2021&MUN=430120,430430,430477,430509,430957,430976,431009,431037,431093,431114,431227,431264,431310,431359,431444,431482,431536,431649,431665,431711,439057,439076&SEX=TOTAL"
2021,430509,Creixell,Y054,54 anys,TOTAL,POP,49,,"https://api.idescat.cat/taules/v2/censph/10/5975/mun/data?lang=ca&YEAR=2021&MUN=430120,430430,430477,430509,430957,430976,431009,431037,431093,431114,431227,431264,431310,431359,431444,431482,431536,431649,431665,431711,439057,439076&SEX=TOTAL"
2021,430509,Creixell,Y055,55 anys,TOTAL,POP,56,,"https://api.idescat.cat/taules/v2/censph/10/5975/mun/data?lang=ca&YEAR=2021&MUN=430120,430430,430477,430509,430957,430976,431009,431037,431093,431114,431227,431264,431310,431359,431444,431482,431536,431649,431665,431711,439057,439076&SEX=TOTAL"
2021,430509,Creixell,Y056,56 anys,TOTAL,POP,52,,"https://api.idescat.cat/taules/v2/censph/10/5975/mun/data?lang=ca&YEAR=2021&MUN=430120,430430,430477,430509,430957,430976,431009,431037,431093,431114,431227,431264,431310,431359,431444,431482,431536,431649,431665,431711,439057,439076&SEX=TOTAL"
2021,430509,Creixell,Y057,57 anys,TOTAL,POP,49,,"https://api.idescat.cat/taules/v2/censph/10/5975/mun/data?lang=ca&YEAR=2021&MUN=430120,430430,430477,430509,430957,430976,431009,431037,431093,431114,431227,431264,431310,431359,431444,431482,431536,431649,431665,431711,439057,439076&SEX=TOTAL"
2021,430509,Creixell,Y058,58 anys,TOTAL,POP,45,,"https://api.idescat.cat/taules/v2/censph/10/5975/mun/data?lang=ca&YEAR=2021&MUN=430120,430430,430477,430509,430957,430976,431009,431037,431093,431114,431227,431264,431310,431359,431444,431482,431536,431649,431665,431711,439057,439076&SEX=TOTAL"
2021,430509,Creixell,Y059,59 anys,TOTAL,POP,58,,"https://api.idescat.cat/taules/v2/censph/10/5975/mun/data?lang=ca&YEAR=2021&MUN=430120,430430,430477,430509,430957,430976,431009,431037,431093,431114,431227,431264,431310,431359,431444,431482,431536,431649,431665,431711,439057,439076&SEX=TOTAL"
2021,430509,Creixell,Y060,60 anys,TOTAL,POP,60.0,,"https://api.idescat.cat/taules/v2/censph/10/5975/mun/data?lang=ca&YEAR=2021&MUN=430120,430430,430477,430509,430957,430976,431009,431037,431093,431114,431227,431264,431310,431359,431444,431482,431536,431649,431665,431711,439057,439076&SEX=TOTAL"
2021,430509,Creixell,Y061,61 anys,TOTAL,POP,47,,"https://api.idescat.cat/taules/v2/censph/10/5975/mun/data?lang=ca&YEAR=2021&MUN=430120,430430,430477,430509,430957,430976,431009,431037,431093,431114,431227,431264,431310,431359,431444,431482,431536,431649,431665,431711,439057,439076&SEX=TOTAL"
2021,430509,Creixell,Y062,62 anys,TOTAL,POP,63,,"https://api.idescat.cat/taules/v2/censph/10/5975/mun/data?lang=ca&YEAR=2021&MUN=430120,430430,430477,430509,430957,430976,431009,431037,431093,431114,431227,431264,431310,431359,431444,431482,431536,431649,431665,431711,439057,439076&SEX=TOTAL"
2021,430509,Creixell,Y063,63 anys,TOTAL,POP,63,,"https://api.idescat.cat/taules/v2/censph/10/5975/mun/data?lang=ca&YEAR=2021&MUN=430120,430430,430477,430509,430957,430976,431009,431037,431093,431114,431227,431264,431310,431359,431444,431482,431536,431649,431665,431711,439057,439076&SEX=TOTAL"
2021,430509,Creixell,Y064,64 anys,TOTAL,POP,57,,"https://api.idescat.cat/taules/v2/censph/10/5975/mun/data?lang=ca&YEAR=2021&MUN=430120,430430,430477,430509,430957,430976,431009,431037,431093,431114,431227,431264,431310,431359,431444,431482,431536,431649,431665,431711,439057,439076&SEX=TOTAL"
2021,430509,Creixell,Y065,65 anys,TOTAL,POP,55,,"https://api.idescat.cat/taules/v2/censph/10/5975/mun/data?lang=ca&YEAR=2021&MUN=430120,430430,430477,430509,430957,430976,431009,431037,431093,431114,431227,431264,431310,431359,431444,431482,431536,431649,431665,431711,439057,439076&SEX=TOTAL"
2021,430509,Creixell,Y066,66 anys,TOTAL,POP,36,,"https://api.idescat.cat/taules/v2/censph/10/5975/mun/data?lang=ca&YEAR=2021&MUN=430120,430430,430477,430509,430957,430976,431009,431037,431093,431114,431227,431264,431310,431359,431444,431482,431536,431649,431665,431711,439057,439076&SEX=TOTAL"
2021,430509,Creixell,Y067,67 anys,TOTAL,POP,61,,"https://api.idescat.cat/taules/v2/censph/10/5975/mun/data?lang=ca&YEAR=2021&MUN=430120,430430,430477,430509,430957,430976,431009,431037,431093,431114,431227,431264,431310,431359,431444,431482,431536,431649,431665,431711,439057,439076&SEX=TOTAL"
2021,430509,Creixell,Y068,68 anys,TOTAL,POP,45,,"https://api.idescat.cat/taules/v2/censph/10/5975/mun/data?lang=ca&YEAR=2021&MUN=430120,430430,430477,430509,430957,430976,431009,431037,431093,431114,431227,431264,431310,431359,431444,431482,431536,431649,431665,431711,439057,439076&SEX=TOTAL"
2021,430509,Creixell,Y069,69 anys,TOTAL,POP,50.0,,"https://api.idescat.cat/taules/v2/censph/10/5975/mun/data?lang=ca&YEAR=2021&MUN=430120,430430,430477,430509,430957,430976,431009,431037,431093,431114,431227,431264,431310,431359,431444,431482,431536,431649,431665,431711,439057,439076&SEX=TOTAL"
2021,430509,Creixell,Y070,70 anys,TOTAL,POP,48,,"https://api.idescat.cat/taules/v2/censph/10/5975/mun/data?lang=ca&YEAR=2021&MUN=430120,430430,430477,430509,430957,430976,431009,431037,431093,431114,431227,431264,431310,431359,431444,431482,431536,431649,431665,431711,439057,439076&SEX=TOTAL"
2021,430509,Creixell,Y071,71 anys,TOTAL,POP,51,,"https://api.idescat.cat/taules/v2/censph/10/5975/mun/data?lang=ca&YEAR=2021&MUN=430120,430430,430477,430509,430957,430976,431009,431037,431093,431114,431227,431264,431310,431359,431444,431482,431536,431649,431665,431711,439057,439076&SEX=TOTAL"
2021,430509,Creixell,Y072,72 anys,TOTAL,POP,69,,"https://api.idescat.cat/taules/v2/censph/10/5975/mun/data?lang=ca&YEAR=2021&MUN=430120,430430,430477,430509,430957,430976,431009,431037,431093,431114,431227,431264,431310,431359,431444,431482,431536,431649,431665,431711,439057,439076&SEX=TOTAL"
2021,430509,Creixell,Y073,73 anys,TOTAL,POP,38,,"https://api.idescat.cat/taules/v2/censph/10/5975/mun/data?lang=ca&YEAR=2021&MUN=430120,430430,430477,430509,430957,430976,431009,431037,431093,431114,431227,431264,431310,431359,431444,431482,431536,431649,431665,431711,439057,439076&SEX=TOTAL"
2021,430509,Creixell,Y074,74 anys,TOTAL,POP,42,,"https://api.idescat.cat/taules/v2/censph/10/5975/mun/data?lang=ca&YEAR=2021&MUN=430120,430430,430477,430509,430957,430976,431009,431037,431093,431114,431227,431264,431310,431359,431444,431482,431536,431649,431665,431711,439057,439076&SEX=TOTAL"
2021,430509,Creixell,Y075,75 anys,TOTAL,POP,50.0,,"https://api.idescat.cat/taules/v2/censph/10/5975/mun/data?lang=ca&YEAR=2021&MUN=430120,430430,430477,430509,430957,430976,431009,431037,431093,431114,431227,431264,431310,431359,431444,431482,431536,431649,431665,431711,439057,439076&SEX=TOTAL"
2021,430509,Creixell,Y076,76 anys,TOTAL,POP,36,,"https://api.idescat.cat/taules/v2/censph/10/5975/mun/data?lang=ca&YEAR=2021&MUN=430120,430430,430477,430509,430957,430976,431009,431037,431093,431114,431227,431264,431310,431359,431444,431482,431536,431649,431665,431711,439057,439076&SEX=TOTAL"
2021,430509,Creixell,Y077,77 anys,TOTAL,POP,31,,"https://api.idescat.cat/taules/v2/censph/10/5975/mun/data?lang=ca&YEAR=2021&MUN=430120,430430,430477,430509,430957,430976,431009,431037,431093,431114,431227,431264,431310,431359,431444,431482,431536,431649,431665,431711,439057,439076&SEX=TOTAL"
2021,430509,Creixell,Y078,78 anys,TOTAL,POP,25,,"https://api.idescat.cat/taules/v2/censph/10/5975/mun/data?lang=ca&YEAR=2021&MUN=430120,430430,430477,430509,430957,430976,431009,431037,431093,431114,431227,431264,431310,431359,431444,431482,431536,431649,431665,431711,439057,439076&SEX=TOTAL"
2021,430509,Creixell,Y079,79 anys,TOTAL,POP,25,,"https://api.idescat.cat/taules/v2/censph/10/5975/mun/data?lang=ca&YEAR=2021&MUN=430120,430430,430477,430509,430957,430976,431009,431037,431093,431114,431227,431264,431310,431359,431444,431482,431536,431649,431665,431711,439057,439076&SEX=TOTAL"
2021,430509,Creixell,Y080,80 anys,TOTAL,POP,33,,"https://api.idescat.cat/taules/v2/censph/10/5975/mun/data?lang=ca&YEAR=2021&MUN=430120,430430,430477,430509,430957,430976,431009,431037,431093,431114,431227,431264,431310,431359,431444,431482,431536,431649,431665,431711,439057,439076&SEX=TOTAL"
2021,430509,Creixell,Y081,81 anys,TOTAL,POP,20.0,,"https://api.idescat.cat/taules/v2/censph/10/5975/mun/data?lang=ca&YEAR=2021&MUN=430120,430430,430477,430509,430957,430976,431009,431037,431093,431114,431227,431264,431310,431359,431444,431482,431536,431649,431665,431711,439057,439076&SEX=TOTAL"
2021,430509,Creixell,Y082,82 anys,TOTAL,POP,18,,"https://api.idescat.cat/taules/v2/censph/10/5975/mun/data?lang=ca&YEAR=2021&MUN=430120,430430,430477,430509,430957,430976,431009,431037,431093,431114,431227,431264,431310,431359,431444,431482,431536,431649,431665,431711,439057,439076&SEX=TOTAL"
2021,430509,Creixell,Y083,83 anys,TOTAL,POP,29,,"https://api.idescat.cat/taules/v2/censph/10/5975/mun/data?lang=ca&YEAR=2021&MUN=430120,430430,430477,430509,430957,430976,431009,431037,431093,431114,431227,431264,431310,431359,431444,431482,431536,431649,431665,431711,439057,439076&SEX=TOTAL"
2021,430509,Creixell,Y084,84 anys,TOTAL,POP,24,,"https://api.idescat.cat/taules/v2/censph/10/5975/mun/data?lang=ca&YEAR=2021&MUN=430120,430430,430477,430509,430957,430976,431009,431037,431093,431114,431227,431264,431310,431359,431444,431482,431536,431649,431665,431711,439057,439076&SEX=TOTAL"
2021,430509,Creixell,Y085,85 anys,TOTAL,POP,14,,"https://api.idescat.cat/taules/v2/censph/10/5975/mun/data?lang=ca&YEAR=2021&MUN=430120,430430,430477,430509,430957,430976,431009,431037,431093,431114,431227,431264,431310,431359,431444,431482,431536,431649,431665,431711,439057,439076&SEX=TOTAL"
2021,430509,Creixell,Y086,86 anys,TOTAL,POP,16,,"https://api.idescat.cat/taules/v2/censph/10/5975/mun/data?lang=ca&YEAR=2021&MUN=430120,430430,430477,430509,430957,430976,431009,431037,431093,431114,431227,431264,431310,431359,431444,431482,431536,431649,431665,431711,439057,439076&SEX=TOTAL"
2021,430509,Creixell,Y087,87 anys,TOTAL,POP,18,,"https://api.idescat.cat/taules/v2/censph/10/5975/mun/data?lang=ca&YEAR=2021&MUN=430120,430430,430477,430509,430957,430976,431009,431037,431093,431114,431227,431264,431310,431359,431444,431482,431536,431649,431665,431711,439057,439076&SEX=TOTAL"
2021,430509,Creixell,Y088,88 anys,TOTAL,POP,16,,"https://api.idescat.cat/taules/v2/censph/10/5975/mun/data?lang=ca&YEAR=2021&MUN=430120,430430,430477,430509,430957,430976,431009,431037,431093,431114,431227,431264,431310,431359,431444,431482,431536,431649,431665,431711,439057,439076&SEX=TOTAL"
2021,430509,Creixell,Y089,89 anys,TOTAL,POP,16,,"https://api.idescat.cat/taules/v2/censph/10/5975/mun/data?lang=ca&YEAR=2021&MUN=430120,430430,430477,430509,430957,430976,431009,431037,431093,431114,431227,431264,431310,431359,431444,431482,431536,431649,431665,431711,439057,439076&SEX=TOTAL"
2021,430509,Creixell,Y090,90 anys,TOTAL,POP,9,,"https://api.idescat.cat/taules/v2/censph/10/5975/mun/data?lang=ca&YEAR=2021&MUN=430120,430430,430477,430509,430957,430976,431009,431037,431093,431114,431227,431264,431310,431359,431444,431482,431536,431649,431665,431711,439057,439076&SEX=TOTAL"
2021,430509,Creixell,Y091,91 anys,TOTAL,POP,14,,"https://api.idescat.cat/taules/v2/censph/10/5975/mun/data?lang=ca&YEAR=2021&MUN=430120,430430,430477,430509,430957,430976,431009,431037,431093,431114,431227,431264,431310,431359,431444,431482,431536,431649,431665,431711,439057,439076&SEX=TOTAL"
2021,430509,Creixell,Y092,92 anys,TOTAL,POP,7,,"https://api.idescat.cat/taules/v2/censph/10/5975/mun/data?lang=ca&YEAR=2021&MUN=430120,430430,430477,430509,430957,430976,431009,431037,431093,431114,431227,431264,431310,431359,431444,431482,431536,431649,431665,431711,439057,439076&SEX=TOTAL"
2021,430509,Creixell,Y093,93 anys,TOTAL,POP,2,,"https://api.idescat.cat/taules/v2/censph/10/5975/mun/data?lang=ca&YEAR=2021&MUN=430120,430430,430477,430509,430957,430976,431009,431037,431093,431114,431227,431264,431310,431359,431444,431482,431536,431649,431665,431711,439057,439076&SEX=TOTAL"
2021,430509,Creixell,Y094,94 anys,TOTAL,POP,1,,"https://api.idescat.cat/taules/v2/censph/10/5975/mun/data?lang=ca&YEAR=2021&MUN=430120,430430,430477,430509,430957,430976,431009,431037,431093,431114,431227,431264,431310,431359,431444,431482,431536,431649,431665,431711,439057,439076&SEX=TOTAL"
2021,430509,Creixell,Y095,95 anys,TOTAL,POP,2,,"https://api.idescat.cat/taules/v2/censph/10/5975/mun/data?lang=ca&YEAR=2021&MUN=430120,430430,430477,430509,430957,430976,431009,431037,431093,431114,431227,431264,431310,431359,431444,431482,431536,431649,431665,431711,439057,439076&SEX=TOTAL"
2021,430509,Creixell,Y096,96 anys,TOTAL,POP,3,,"https://api.idescat.cat/taules/v2/censph/10/5975/mun/data?lang=ca&YEAR=2021&MUN=430120,430430,430477,430509,430957,430976,431009,431037,431093,431114,431227,431264,431310,431359,431444,431482,431536,431649,431665,431711,439057,439076&SEX=TOTAL"
2021,430509,Creixell,Y097,97 anys,TOTAL,POP,0,,"https://api.idescat.cat/taules/v2/censph/10/5975/mun/data?lang=ca&YEAR=2021&MUN=430120,430430,430477,430509,430957,430976,431009,431037,431093,431114,431227,431264,431310,431359,431444,431482,431536,431649,431665,431711,439057,439076&SEX=TOTAL"
2021,430509,Creixell,Y098,98 anys,TOTAL,POP,1,,"https://api.idescat.cat/taules/v2/censph/10/5975/mun/data?lang=ca&YEAR=2021&MUN=430120,430430,430477,430509,430957,430976,431009,431037,431093,431114,431227,431264,431310,431359,431444,431482,431536,431649,431665,431711,439057,439076&SEX=TOTAL"
2021,430509,Creixell,Y099,99 anys,TOTAL,POP,1,,"https://api.idescat.cat/taules/v2/censph/10/5975/mun/data?lang=ca&YEAR=2021&MUN=430120,430430,430477,430509,430957,430976,431009,431037,431093,431114,431227,431264,431310,431359,431444,431482,431536,431649,431665,431711,439057,439076&SEX=TOTAL"
2021,430509,Creixell,Y_GE100,100 anys o més,TOTAL,POP,1,,"https://api.idescat.cat/taules/v2/censph/10/5975/mun/data?lang=ca&YEAR=2021&MUN=430120,430430,430477,430509,430957,430976,431009,431037,431093,431114,431227,431264,431310,431359,431444,431482,431536,431649,431665,431711,439057,439076&SEX=TOTAL"
2021,430509,Creixell,TOTAL,total,TOTAL,POP,3901,,"https://api.idescat.cat/taules/v2/censph/10/5975/mun/data?lang=ca&YEAR=2021&MUN=430120,430430,430477,430509,430957,430976,431009,431037,431093,431114,431227,431264,431310,431359,431444,431482,431536,431649,431665,431711,439057,439076&SEX=TOTAL"
2021,430957,"Morell, el",Y000,0 anys,TOTAL,POP,25,,"https://api.idescat.cat/taules/v2/censph/10/5975/mun/data?lang=ca&YEAR=2021&MUN=430120,430430,430477,430509,430957,430976,431009,431037,431093,431114,431227,431264,431310,431359,431444,431482,431536,431649,431665,431711,439057,439076&SEX=TOTAL"
2021,430957,"Morell, el",Y001,1 any,TOTAL,POP,38,,"https://api.idescat.cat/taules/v2/censph/10/5975/mun/data?lang=ca&YEAR=2021&MUN=430120,430430,430477,430509,430957,430976,431009,431037,431093,431114,431227,431264,431310,431359,431444,431482,431536,431649,431665,431711,439057,439076&SEX=TOTAL"
2021,430957,"Morell, el",Y002,2 anys,TOTAL,POP,37,,"https://api.idescat.cat/taules/v2/censph/10/5975/mun/data?lang=ca&YEAR=2021&MUN=430120,430430,430477,430509,430957,430976,431009,431037,431093,431114,431227,431264,431310,431359,431444,431482,431536,431649,431665,431711,439057,439076&SEX=TOTAL"
2021,430957,"Morell, el",Y003,3 anys,TOTAL,POP,27,,"https://api.idescat.cat/taules/v2/censph/10/5975/mun/data?lang=ca&YEAR=2021&MUN=430120,430430,430477,430509,430957,430976,431009,431037,431093,431114,431227,431264,431310,431359,431444,431482,431536,431649,431665,431711,439057,439076&SEX=TOTAL"
2021,430957,"Morell, el",Y004,4 anys,TOTAL,POP,39,,"https://api.idescat.cat/taules/v2/censph/10/5975/mun/data?lang=ca&YEAR=2021&MUN=430120,430430,430477,430509,430957,430976,431009,431037,431093,431114,431227,431264,431310,431359,431444,431482,431536,431649,431665,431711,439057,439076&SEX=TOTAL"
2021,430957,"Morell, el",Y005,5 anys,TOTAL,POP,53,,"https://api.idescat.cat/taules/v2/censph/10/5975/mun/data?lang=ca&YEAR=2021&MUN=430120,430430,430477,430509,430957,430976,431009,431037,431093,431114,431227,431264,431310,431359,431444,431482,431536,431649,431665,431711,439057,439076&SEX=TOTAL"
2021,430957,"Morell, el",Y006,6 anys,TOTAL,POP,51,,"https://api.idescat.cat/taules/v2/censph/10/5975/mun/data?lang=ca&YEAR=2021&MUN=430120,430430,430477,430509,430957,430976,431009,431037,431093,431114,431227,431264,431310,431359,431444,431482,431536,431649,431665,431711,439057,439076&SEX=TOTAL"
2021,430957,"Morell, el",Y007,7 anys,TOTAL,POP,41,,"https://api.idescat.cat/taules/v2/censph/10/5975/mun/data?lang=ca&YEAR=2021&MUN=430120,430430,430477,430509,430957,430976,431009,431037,431093,431114,431227,431264,431310,431359,431444,431482,431536,431649,431665,431711,439057,439076&SEX=TOTAL"
2021,430957,"Morell, el",Y008,8 anys,TOTAL,POP,55,,"https://api.idescat.cat/taules/v2/censph/10/5975/mun/data?lang=ca&YEAR=2021&MUN=430120,430430,430477,430509,430957,430976,431009,431037,431093,431114,431227,431264,431310,431359,431444,431482,431536,431649,431665,431711,439057,439076&SEX=TOTAL"
2021,430957,"Morell, el",Y009,9 anys,TOTAL,POP,44,,"https://api.idescat.cat/taules/v2/censph/10/5975/mun/data?lang=ca&YEAR=2021&MUN=430120,430430,430477,430509,430957,430976,431009,431037,431093,431114,431227,431264,431310,431359,431444,431482,431536,431649,431665,431711,439057,439076&SEX=TOTAL"
2021,430957,"Morell, el",Y010,10 anys,TOTAL,POP,46,,"https://api.idescat.cat/taules/v2/censph/10/5975/mun/data?lang=ca&YEAR=2021&MUN=430120,430430,430477,430509,430957,430976,431009,431037,431093,431114,431227,431264,431310,431359,431444,431482,431536,431649,431665,431711,439057,439076&SEX=TOTAL"
2021,430957,"Morell, el",Y011,11 anys,TOTAL,POP,41,,"https://api.idescat.cat/taules/v2/censph/10/5975/mun/data?lang=ca&YEAR=2021&MUN=430120,430430,430477,430509,430957,430976,431009,431037,431093,431114,431227,431264,431310,431359,431444,431482,431536,431649,431665,431711,439057,439076&SEX=TOTAL"
2021,430957,"Morell, el",Y012,12 anys,TOTAL,POP,55,,"https://api.idescat.cat/taules/v2/censph/10/5975/mun/data?lang=ca&YEAR=2021&MUN=430120,430430,430477,430509,430957,430976,431009,431037,431093,431114,431227,431264,431310,431359,431444,431482,431536,431649,431665,431711,439057,439076&SEX=TOTAL"
2021,430957,"Morell, el",Y013,13 anys,TOTAL,POP,45,,"https://api.idescat.cat/taules/v2/censph/10/5975/mun/data?lang=ca&YEAR=2021&MUN=430120,430430,430477,430509,430957,430976,431009,431037,431093,431114,431227,431264,431310,431359,431444,431482,431536,431649,431665,431711,439057,439076&SEX=TOTAL"
2021,430957,"Morell, el",Y014,14 anys,TOTAL,POP,44,,"https://api.idescat.cat/taules/v2/censph/10/5975/mun/data?lang=ca&YEAR=2021&MUN=430120,430430,430477,430509,430957,430976,431009,431037,431093,431114,431227,431264,431310,431359,431444,431482,431536,431649,431665,431711,439057,439076&SEX=TOTAL"
2021,430957,"Morell, el",Y015,15 anys,TOTAL,POP,40.0,,"https://api.idescat.cat/taules/v2/censph/10/5975/mun/data?lang=ca&YEAR=2021&MUN=430120,430430,430477,430509,430957,430976,431009,431037,431093,431114,431227,431264,431310,431359,431444,431482,431536,431649,431665,431711,439057,439076&SEX=TOTAL"
2021,430957,"Morell, el",Y016,16 anys,TOTAL,POP,35,,"https://api.idescat.cat/taules/v2/censph/10/5975/mun/data?lang=ca&YEAR=2021&MUN=430120,430430,430477,430509,430957,430976,431009,431037,431093,431114,431227,431264,431310,431359,431444,431482,431536,431649,431665,431711,439057,439076&SEX=TOTAL"
2021,430957,"Morell, el",Y017,17 anys,TOTAL,POP,49,,"https://api.idescat.cat/taules/v2/censph/10/5975/mun/data?lang=ca&YEAR=2021&MUN=430120,430430,430477,430509,430957,430976,431009,431037,431093,431114,431227,431264,431310,431359,431444,431482,431536,431649,431665,431711,439057,439076&SEX=TOTAL"
2021,430957,"Morell, el",Y018,18 anys,TOTAL,POP,36,,"https://api.idescat.cat/taules/v2/censph/10/5975/mun/data?lang=ca&YEAR=2021&MUN=430120,430430,430477,430509,430957,430976,431009,431037,431093,431114,431227,431264,431310,431359,431444,431482,431536,431649,431665,431711,439057,439076&SEX=TOTAL"
2021,430957,"Morell, el",Y019,19 anys,TOTAL,POP,39,,"https://api.idescat.cat/taules/v2/censph/10/5975/mun/data?lang=ca&YEAR=2021&MUN=430120,430430,430477,430509,430957,430976,431009,431037,431093,431114,431227,431264,431310,431359,431444,431482,431536,431649,431665,431711,439057,439076&SEX=TOTAL"
2021,430957,"Morell, el",Y020,20 anys,TOTAL,POP,36,,"https://api.idescat.cat/taules/v2/censph/10/5975/mun/data?lang=ca&YEAR=2021&MUN=430120,430430,430477,430509,430957,430976,431009,431037,431093,431114,431227,431264,431310,431359,431444,431482,431536,431649,431665,431711,439057,439076&SEX=TOTAL"
2021,430957,"Morell, el",Y021,21 anys,TOTAL,POP,36,,"https://api.idescat.cat/taules/v2/censph/10/5975/mun/data?lang=ca&YEAR=2021&MUN=430120,430430,430477,430509,430957,430976,431009,431037,431093,431114,431227,431264,431310,431359,431444,431482,431536,431649,431665,431711,439057,439076&SEX=TOTAL"
2021,430957,"Morell, el",Y022,22 anys,TOTAL,POP,43,,"https://api.idescat.cat/taules/v2/censph/10/5975/mun/data?lang=ca&YEAR=2021&MUN=430120,430430,430477,430509,430957,430976,431009,431037,431093,431114,431227,431264,431310,431359,431444,431482,431536,431649,431665,431711,439057,439076&SEX=TOTAL"
2021,430957,"Morell, el",Y023,23 anys,TOTAL,POP,31,,"https://api.idescat.cat/taules/v2/censph/10/5975/mun/data?lang=ca&YEAR=2021&MUN=430120,430430,430477,430509,430957,430976,431009,431037,431093,431114,431227,431264,431310,431359,431444,431482,431536,431649,431665,431711,439057,439076&SEX=TOTAL"
2021,430957,"Morell, el",Y024,24 anys,TOTAL,POP,27,,"https://api.idescat.cat/taules/v2/censph/10/5975/mun/data?lang=ca&YEAR=2021&MUN=430120,430430,430477,430509,430957,430976,431009,431037,431093,431114,431227,431264,431310,431359,431444,431482,431536,431649,431665,431711,439057,439076&SEX=TOTAL"
2021,430957,"Morell, el",Y025,25 anys,TOTAL,POP,35,,"https://api.idescat.cat/taules/v2/censph/10/5975/mun/data?lang=ca&YEAR=2021&MUN=430120,430430,430477,430509,430957,430976,431009,431037,431093,431114,431227,431264,431310,431359,431444,431482,431536,431649,431665,431711,439057,439076&SEX=TOTAL"
2021,430957,"Morell, el",Y026,26 anys,TOTAL,POP,37,,"https://api.idescat.cat/taules/v2/censph/10/5975/mun/data?lang=ca&YEAR=2021&MUN=430120,430430,430477,430509,430957,430976,431009,431037,431093,431114,431227,431264,431310,431359,431444,431482,431536,431649,431665,431711,439057,439076&SEX=TOTAL"
2021,430957,"Morell, el",Y027,27 anys,TOTAL,POP,47,,"https://api.idescat.cat/taules/v2/censph/10/5975/mun/data?lang=ca&YEAR=2021&MUN=430120,430430,430477,430509,430957,430976,431009,431037,431093,431114,431227,431264,431310,431359,431444,431482,431536,431649,431665,431711,439057,439076&SEX=TOTAL"
2021,430957,"Morell, el",Y028,28 anys,TOTAL,POP,47,,"https://api.idescat.cat/taules/v2/censph/10/5975/mun/data?lang=ca&YEAR=2021&MUN=430120,430430,430477,430509,430957,430976,431009,431037,431093,431114,431227,431264,431310,431359,431444,431482,431536,431649,431665,431711,439057,439076&SEX=TOTAL"
2021,430957,"Morell, el",Y029,29 anys,TOTAL,POP,37,,"https://api.idescat.cat/taules/v2/censph/10/5975/mun/data?lang=ca&YEAR=2021&MUN=430120,430430,430477,430509,430957,430976,431009,431037,431093,431114,431227,431264,431310,431359,431444,431482,431536,431649,431665,431711,439057,439076&SEX=TOTAL"
2021,430957,"Morell, el",Y030,30 anys,TOTAL,POP,49,,"https://api.idescat.cat/taules/v2/censph/10/5975/mun/data?lang=ca&YEAR=2021&MUN=430120,430430,430477,430509,430957,430976,431009,431037,431093,431114,431227,431264,431310,431359,431444,431482,431536,431649,431665,431711,439057,439076&SEX=TOTAL"
2021,430957,"Morell, el",Y031,31 anys,TOTAL,POP,46,,"https://api.idescat.cat/taules/v2/censph/10/5975/mun/data?lang=ca&YEAR=2021&MUN=430120,430430,430477,430509,430957,430976,431009,431037,431093,431114,431227,431264,431310,431359,431444,431482,431536,431649,431665,431711,439057,439076&SEX=TOTAL"
2021,430957,"Morell, el",Y032,32 anys,TOTAL,POP,61,,"https://api.idescat.cat/taules/v2/censph/10/5975/mun/data?lang=ca&YEAR=2021&MUN=430120,430430,430477,430509,430957,430976,431009,431037,431093,431114,431227,431264,431310,431359,431444,431482,431536,431649,431665,431711,439057,439076&SEX=TOTAL"
2021,430957,"Morell, el",Y033,33 anys,TOTAL,POP,41,,"https://api.idescat.cat/taules/v2/censph/10/5975/mun/data?lang=ca&YEAR=2021&MUN=430120,430430,430477,430509,430957,430976,431009,431037,431093,431114,431227,431264,431310,431359,431444,431482,431536,431649,431665,431711,439057,439076&SEX=TOTAL"
2021,430957,"Morell, el",Y034,34 anys,TOTAL,POP,62,,"https://api.idescat.cat/taules/v2/censph/10/5975/mun/data?lang=ca&YEAR=2021&MUN=430120,430430,430477,430509,430957,430976,431009,431037,431093,431114,431227,431264,431310,431359,431444,431482,431536,431649,431665,431711,439057,439076&SEX=TOTAL"
2021,430957,"Morell, el",Y035,35 anys,TOTAL,POP,54,,"https://api.idescat.cat/taules/v2/censph/10/5975/mun/data?lang=ca&YEAR=2021&MUN=430120,430430,430477,430509,430957,430976,431009,431037,431093,431114,431227,431264,431310,431359,431444,431482,431536,431649,431665,431711,439057,439076&SEX=TOTAL"
2021,430957,"Morell, el",Y036,36 anys,TOTAL,POP,70.0,,"https://api.idescat.cat/taules/v2/censph/10/5975/mun/data?lang=ca&YEAR=2021&MUN=430120,430430,430477,430509,430957,430976,431009,431037,431093,431114,431227,431264,431310,431359,431444,431482,431536,431649,431665,431711,439057,439076&SEX=TOTAL"
2021,430957,"Morell, el",Y037,37 anys,TOTAL,POP,69,,"https://api.idescat.cat/taules/v2/censph/10/5975/mun/data?lang=ca&YEAR=2021&MUN=430120,430430,430477,430509,430957,430976,431009,431037,431093,431114,431227,431264,431310,431359,431444,431482,431536,431649,431665,431711,439057,439076&SEX=TOTAL"
2021,430957,"Morell, el",Y038,38 anys,TOTAL,POP,73,,"https://api.idescat.cat/taules/v2/censph/10/5975/mun/data?lang=ca&YEAR=2021&MUN=430120,430430,430477,430509,430957,430976,431009,431037,431093,431114,431227,431264,431310,431359,431444,431482,431536,431649,431665,431711,439057,439076&SEX=TOTAL"
2021,430957,"Morell, el",Y039,39 anys,TOTAL,POP,57,,"https://api.idescat.cat/taules/v2/censph/10/5975/mun/data?lang=ca&YEAR=2021&MUN=430120,430430,430477,430509,430957,430976,431009,431037,431093,431114,431227,431264,431310,431359,431444,431482,431536,431649,431665,431711,439057,439076&SEX=TOTAL"
2021,430957,"Morell, el",Y040,40 anys,TOTAL,POP,75,,"https://api.idescat.cat/taules/v2/censph/10/5975/mun/data?lang=ca&YEAR=2021&MUN=430120,430430,430477,430509,430957,430976,431009,431037,431093,431114,431227,431264,431310,431359,431444,431482,431536,431649,431665,431711,439057,439076&SEX=TOTAL"
2021,430957,"Morell, el",Y041,41 anys,TOTAL,POP,86,,"https://api.idescat.cat/taules/v2/censph/10/5975/mun/data?lang=ca&YEAR=2021&MUN=430120,430430,430477,430509,430957,430976,431009,431037,431093,431114,431227,431264,431310,431359,431444,431482,431536,431649,431665,431711,439057,439076&SEX=TOTAL"
2021,430957,"Morell, el",Y042,42 anys,TOTAL,POP,93,,"https://api.idescat.cat/taules/v2/censph/10/5975/mun/data?lang=ca&YEAR=2021&MUN=430120,430430,430477,430509,430957,430976,431009,431037,431093,431114,431227,431264,431310,431359,431444,431482,431536,431649,431665,431711,439057,439076&SEX=TOTAL"
2021,430957,"Morell, el",Y043,43 anys,TOTAL,POP,74,,"https://api.idescat.cat/taules/v2/censph/10/5975/mun/data?lang=ca&YEAR=2021&MUN=430120,430430,430477,430509,430957,430976,431009,431037,431093,431114,431227,431264,431310,431359,431444,431482,431536,431649,431665,431711,439057,439076&SEX=TOTAL"
2021,430957,"Morell, el",Y044,44 anys,TOTAL,POP,70.0,,"https://api.idescat.cat/taules/v2/censph/10/5975/mun/data?lang=ca&YEAR=2021&MUN=430120,430430,430477,430509,430957,430976,431009,431037,431093,431114,431227,431264,431310,431359,431444,431482,431536,431649,431665,431711,439057,439076&SEX=TOTAL"
2021,430957,"Morell, el",Y045,45 anys,TOTAL,POP,74,,"https://api.idescat.cat/taules/v2/censph/10/5975/mun/data?lang=ca&YEAR=2021&MUN=430120,430430,430477,430509,430957,430976,431009,431037,431093,431114,431227,431264,431310,431359,431444,431482,431536,431649,431665,431711,439057,439076&SEX=TOTAL"
2021,430957,"Morell, el",Y046,46 anys,TOTAL,POP,66,,"https://api.idescat.cat/taules/v2/censph/10/5975/mun/data?lang=ca&YEAR=2021&MUN=430120,430430,430477,430509,430957,430976,431009,431037,431093,431114,431227,431264,431310,431359,431444,431482,431536,431649,431665,431711,439057,439076&SEX=TOTAL"
2021,430957,"Morell, el",Y047,47 anys,TOTAL,POP,65,,"https://api.idescat.cat/taules/v2/censph/10/5975/mun/data?lang=ca&YEAR=2021&MUN=430120,430430,430477,430509,430957,430976,431009,431037,431093,431114,431227,431264,431310,431359,431444,431482,431536,431649,431665,431711,439057,439076&SEX=TOTAL"
2021,430957,"Morell, el",Y048,48 anys,TOTAL,POP,74,,"https://api.idescat.cat/taules/v2/censph/10/5975/mun/data?lang=ca&YEAR=2021&MUN=430120,430430,430477,430509,430957,430976,431009,431037,431093,431114,431227,431264,431310,431359,431444,431482,431536,431649,431665,431711,439057,439076&SEX=TOTAL"
2021,430957,"Morell, el",Y049,49 anys,TOTAL,POP,54,,"https://api.idescat.cat/taules/v2/censph/10/5975/mun/data?lang=ca&YEAR=2021&MUN=430120,430430,430477,430509,430957,430976,431009,431037,431093,431114,431227,431264,431310,431359,431444,431482,431536,431649,431665,431711,439057,439076&SEX=TOTAL"
2021,430957,"Morell, el",Y050,50 anys,TOTAL,POP,54,,"https://api.idescat.cat/taules/v2/censph/10/5975/mun/data?lang=ca&YEAR=2021&MUN=430120,430430,430477,430509,430957,430976,431009,431037,431093,431114,431227,431264,431310,431359,431444,431482,431536,431649,431665,431711,439057,439076&SEX=TOTAL"
2021,430957,"Morell, el",Y051,51 anys,TOTAL,POP,57,,"https://api.idescat.cat/taules/v2/censph/10/5975/mun/data?lang=ca&YEAR=2021&MUN=430120,430430,430477,430509,430957,430976,431009,431037,431093,431114,431227,431264,431310,431359,431444,431482,431536,431649,431665,431711,439057,439076&SEX=TOTAL"
2021,430957,"Morell, el",Y052,52 anys,TOTAL,POP,56,,"https://api.idescat.cat/taules/v2/censph/10/5975/mun/data?lang=ca&YEAR=2021&MUN=430120,430430,430477,430509,430957,430976,431009,431037,431093,431114,431227,431264,431310,431359,431444,431482,431536,431649,431665,431711,439057,439076&SEX=TOTAL"
2021,430957,"Morell, el",Y053,53 anys,TOTAL,POP,43,,"https://api.idescat.cat/taules/v2/censph/10/5975/mun/data?lang=ca&YEAR=2021&MUN=430120,430430,430477,430509,430957,430976,431009,431037,431093,431114,431227,431264,431310,431359,431444,431482,431536,431649,431665,431711,439057,439076&SEX=TOTAL"
2021,430957,"Morell, el",Y054,54 anys,TOTAL,POP,52,,"https://api.idescat.cat/taules/v2/censph/10/5975/mun/data?lang=ca&YEAR=2021&MUN=430120,430430,430477,430509,430957,430976,431009,431037,431093,431114,431227,431264,431310,431359,431444,431482,431536,431649,431665,431711,439057,439076&SEX=TOTAL"
2021,430957,"Morell, el",Y055,55 anys,TOTAL,POP,51,,"https://api.idescat.cat/taules/v2/censph/10/5975/mun/data?lang=ca&YEAR=2021&MUN=430120,430430,430477,430509,430957,430976,431009,431037,431093,431114,431227,431264,431310,431359,431444,431482,431536,431649,431665,431711,439057,439076&SEX=TOTAL"
2021,430957,"Morell, el",Y056,56 anys,TOTAL,POP,55,,"https://api.idescat.cat/taules/v2/censph/10/5975/mun/data?lang=ca&YEAR=2021&MUN=430120,430430,430477,430509,430957,430976,431009,431037,431093,431114,431227,431264,431310,431359,431444,431482,431536,431649,431665,431711,439057,439076&SEX=TOTAL"
2021,430957,"Morell, el",Y057,57 anys,TOTAL,POP,43,,"https://api.idescat.cat/taules/v2/censph/10/5975/mun/data?lang=ca&YEAR=2021&MUN=430120,430430,430477,430509,430957,430976,431009,431037,431093,431114,431227,431264,431310,431359,431444,431482,431536,431649,431665,431711,439057,439076&SEX=TOTAL"
2021,430957,"Morell, el",Y058,58 anys,TOTAL,POP,50.0,,"https://api.idescat.cat/taules/v2/censph/10/5975/mun/data?lang=ca&YEAR=2021&MUN=430120,430430,430477,430509,430957,430976,431009,431037,431093,431114,431227,431264,431310,431359,431444,431482,431536,431649,431665,431711,439057,439076&SEX=TOTAL"
2021,430957,"Morell, el",Y059,59 anys,TOTAL,POP,41,,"https://api.idescat.cat/taules/v2/censph/10/5975/mun/data?lang=ca&YEAR=2021&MUN=430120,430430,430477,430509,430957,430976,431009,431037,431093,431114,431227,431264,431310,431359,431444,431482,431536,431649,431665,431711,439057,439076&SEX=TOTAL"
2021,430957,"Morell, el",Y060,60 anys,TOTAL,POP,57,,"https://api.idescat.cat/taules/v2/censph/10/5975/mun/data?lang=ca&YEAR=2021&MUN=430120,430430,430477,430509,430957,430976,431009,431037,431093,431114,431227,431264,431310,431359,431444,431482,431536,431649,431665,431711,439057,439076&SEX=TOTAL"
2021,430957,"Morell, el",Y061,61 anys,TOTAL,POP,38,,"https://api.idescat.cat/taules/v2/censph/10/5975/mun/data?lang=ca&YEAR=2021&MUN=430120,430430,430477,430509,430957,430976,431009,431037,431093,431114,431227,431264,431310,431359,431444,431482,431536,431649,431665,431711,439057,439076&SEX=TOTAL"
2021,430957,"Morell, el",Y062,62 anys,TOTAL,POP,36,,"https://api.idescat.cat/taules/v2/censph/10/5975/mun/data?lang=ca&YEAR=2021&MUN=430120,430430,430477,430509,430957,430976,431009,431037,431093,431114,431227,431264,431310,431359,431444,431482,431536,431649,431665,431711,439057,439076&SEX=TOTAL"
2021,430957,"Morell, el",Y063,63 anys,TOTAL,POP,36,,"https://api.idescat.cat/taules/v2/censph/10/5975/mun/data?lang=ca&YEAR=2021&MUN=430120,430430,430477,430509,430957,430976,431009,431037,431093,431114,431227,431264,431310,431359,431444,431482,431536,431649,431665,431711,439057,439076&SEX=TOTAL"
2021,430957,"Morell, el",Y064,64 anys,TOTAL,POP,36,,"https://api.idescat.cat/taules/v2/censph/10/5975/mun/data?lang=ca&YEAR=2021&MUN=430120,430430,430477,430509,430957,430976,431009,431037,431093,431114,431227,431264,431310,431359,431444,431482,431536,431649,431665,431711,439057,439076&SEX=TOTAL"
2021,430957,"Morell, el",Y065,65 anys,TOTAL,POP,37,,"https://api.idescat.cat/taules/v2/censph/10/5975/mun/data?lang=ca&YEAR=2021&MUN=430120,430430,430477,430509,430957,430976,431009,431037,431093,431114,431227,431264,431310,431359,431444,431482,431536,431649,431665,431711,439057,439076&SEX=TOTAL"
2021,430957,"Morell, el",Y066,66 anys,TOTAL,POP,22,,"https://api.idescat.cat/taules/v2/censph/10/5975/mun/data?lang=ca&YEAR=2021&MUN=430120,430430,430477,430509,430957,430976,431009,431037,431093,431114,431227,431264,431310,431359,431444,431482,431536,431649,431665,431711,439057,439076&SEX=TOTAL"
2021,430957,"Morell, el",Y067,67 anys,TOTAL,POP,21,,"https://api.idescat.cat/taules/v2/censph/10/5975/mun/data?lang=ca&YEAR=2021&MUN=430120,430430,430477,430509,430957,430976,431009,431037,431093,431114,431227,431264,431310,431359,431444,431482,431536,431649,431665,431711,439057,439076&SEX=TOTAL"
2021,430957,"Morell, el",Y068,68 anys,TOTAL,POP,38,,"https://api.idescat.cat/taules/v2/censph/10/5975/mun/data?lang=ca&YEAR=2021&MUN=430120,430430,430477,430509,430957,430976,431009,431037,431093,431114,431227,431264,431310,431359,431444,431482,431536,431649,431665,431711,439057,439076&SEX=TOTAL"
2021,430957,"Morell, el",Y069,69 anys,TOTAL,POP,19,,"https://api.idescat.cat/taules/v2/censph/10/5975/mun/data?lang=ca&YEAR=2021&MUN=430120,430430,430477,430509,430957,430976,431009,431037,431093,431114,431227,431264,431310,431359,431444,431482,431536,431649,431665,431711,439057,439076&SEX=TOTAL"
2021,430957,"Morell, el",Y070,70 anys,TOTAL,POP,30.0,,"https://api.idescat.cat/taules/v2/censph/10/5975/mun/data?lang=ca&YEAR=2021&MUN=430120,430430,430477,430509,430957,430976,431009,431037,431093,431114,431227,431264,431310,431359,431444,431482,431536,431649,431665,431711,439057,439076&SEX=TOTAL"
2021,430957,"Morell, el",Y071,71 anys,TOTAL,POP,16,,"https://api.idescat.cat/taules/v2/censph/10/5975/mun/data?lang=ca&YEAR=2021&MUN=430120,430430,430477,430509,430957,430976,431009,431037,431093,431114,431227,431264,431310,431359,431444,431482,431536,431649,431665,431711,439057,439076&SEX=TOTAL"
2021,430957,"Morell, el",Y072,72 anys,TOTAL,POP,19,,"https://api.idescat.cat/taules/v2/censph/10/5975/mun/data?lang=ca&YEAR=2021&MUN=430120,430430,430477,430509,430957,430976,431009,431037,431093,431114,431227,431264,431310,431359,431444,431482,431536,431649,431665,431711,439057,439076&SEX=TOTAL"
2021,430957,"Morell, el",Y073,73 anys,TOTAL,POP,37,,"https://api.idescat.cat/taules/v2/censph/10/5975/mun/data?lang=ca&YEAR=2021&MUN=430120,430430,430477,430509,430957,430976,431009,431037,431093,431114,431227,431264,431310,431359,431444,431482,431536,431649,431665,431711,439057,439076&SEX=TOTAL"
2021,430957,"Morell, el",Y074,74 anys,TOTAL,POP,22,,"https://api.idescat.cat/taules/v2/censph/10/5975/mun/data?lang=ca&YEAR=2021&MUN=430120,430430,430477,430509,430957,430976,431009,431037,431093,431114,431227,431264,431310,431359,431444,431482,431536,431649,431665,431711,439057,439076&SEX=TOTAL"
2021,430957,"Morell, el",Y075,75 anys,TOTAL,POP,28,,"https://api.idescat.cat/taules/v2/censph/10/5975/mun/data?lang=ca&YEAR=2021&MUN=430120,430430,430477,430509,430957,430976,431009,431037,431093,431114,431227,431264,431310,431359,431444,431482,431536,431649,431665,431711,439057,439076&SEX=TOTAL"
2021,430957,"Morell, el",Y076,76 anys,TOTAL,POP,18,,"https://api.idescat.cat/taules/v2/censph/10/5975/mun/data?lang=ca&YEAR=2021&MUN=430120,430430,430477,430509,430957,430976,431009,431037,431093,431114,431227,431264,431310,431359,431444,431482,431536,431649,431665,431711,439057,439076&SEX=TOTAL"
2021,430957,"Morell, el",Y077,77 anys,TOTAL,POP,25,,"https://api.idescat.cat/taules/v2/censph/10/5975/mun/data?lang=ca&YEAR=2021&MUN=430120,430430,430477,430509,430957,430976,431009,431037,431093,431114,431227,431264,431310,431359,431444,431482,431536,431649,431665,431711,439057,439076&SEX=TOTAL"
2021,430957,"Morell, el",Y078,78 anys,TOTAL,POP,12,,"https://api.idescat.cat/taules/v2/censph/10/5975/mun/data?lang=ca&YEAR=2021&MUN=430120,430430,430477,430509,430957,430976,431009,431037,431093,431114,431227,431264,431310,431359,431444,431482,431536,431649,431665,431711,439057,439076&SEX=TOTAL"
2021,430957,"Morell, el",Y079,79 anys,TOTAL,POP,13,,"https://api.idescat.cat/taules/v2/censph/10/5975/mun/data?lang=ca&YEAR=2021&MUN=430120,430430,430477,430509,430957,430976,431009,431037,431093,431114,431227,431264,431310,431359,431444,431482,431536,431649,431665,431711,439057,439076&SEX=TOTAL"
2021,430957,"Morell, el",Y080,80 anys,TOTAL,POP,25,,"https://api.idescat.cat/taules/v2/censph/10/5975/mun/data?lang=ca&YEAR=2021&MUN=430120,430430,430477,430509,430957,430976,431009,431037,431093,431114,431227,431264,431310,431359,431444,431482,431536,431649,431665,431711,439057,439076&SEX=TOTAL"
2021,430957,"Morell, el",Y081,81 anys,TOTAL,POP,7,,"https://api.idescat.cat/taules/v2/censph/10/5975/mun/data?lang=ca&YEAR=2021&MUN=430120,430430,430477,430509,430957,430976,431009,431037,431093,431114,431227,431264,431310,431359,431444,431482,431536,431649,431665,431711,439057,439076&SEX=TOTAL"
2021,430957,"Morell, el",Y082,82 anys,TOTAL,POP,8,,"https://api.idescat.cat/taules/v2/censph/10/5975/mun/data?lang=ca&YEAR=2021&MUN=430120,430430,430477,430509,430957,430976,431009,431037,431093,431114,431227,431264,431310,431359,431444,431482,431536,431649,431665,431711,439057,439076&SEX=TOTAL"
2021,430957,"Morell, el",Y083,83 anys,TOTAL,POP,10.0,,"https://api.idescat.cat/taules/v2/censph/10/5975/mun/data?lang=ca&YEAR=2021&MUN=430120,430430,430477,430509,430957,430976,431009,431037,431093,431114,431227,431264,431310,431359,431444,431482,431536,431649,431665,431711,439057,439076&SEX=TOTAL"
2021,430957,"Morell, el",Y084,84 anys,TOTAL,POP,15,,"https://api.idescat.cat/taules/v2/censph/10/5975/mun/data?lang=ca&YEAR=2021&MUN=430120,430430,430477,430509,430957,430976,431009,431037,431093,431114,431227,431264,431310,431359,431444,431482,431536,431649,431665,431711,439057,439076&SEX=TOTAL"
2021,430957,"Morell, el",Y085,85 anys,TOTAL,POP,15,,"https://api.idescat.cat/taules/v2/censph/10/5975/mun/data?lang=ca&YEAR=2021&MUN=430120,430430,430477,430509,430957,430976,431009,431037,431093,431114,431227,431264,431310,431359,431444,431482,431536,431649,431665,431711,439057,439076&SEX=TOTAL"
2021,430957,"Morell, el",Y086,86 anys,TOTAL,POP,6,,"https://api.idescat.cat/taules/v2/censph/10/5975/mun/data?lang=ca&YEAR=2021&MUN=430120,430430,430477,430509,430957,430976,431009,431037,431093,431114,431227,431264,431310,431359,431444,431482,431536,431649,431665,431711,439057,439076&SEX=TOTAL"
2021,430957,"Morell, el",Y087,87 anys,TOTAL,POP,10.0,,"https://api.idescat.cat/taules/v2/censph/10/5975/mun/data?lang=ca&YEAR=2021&MUN=430120,430430,430477,430509,430957,430976,431009,431037,431093,431114,431227,431264,431310,431359,431444,431482,431536,431649,431665,431711,439057,439076&SEX=TOTAL"
2021,430957,"Morell, el",Y088,88 anys,TOTAL,POP,12,,"https://api.idescat.cat/taules/v2/censph/10/5975/mun/data?lang=ca&YEAR=2021&MUN=430120,430430,430477,430509,430957,430976,431009,431037,431093,431114,431227,431264,431310,431359,431444,431482,431536,431649,431665,431711,439057,439076&SEX=TOTAL"
2021,430957,"Morell, el",Y089,89 anys,TOTAL,POP,4,,"https://api.idescat.cat/taules/v2/censph/10/5975/mun/data?lang=ca&YEAR=2021&MUN=430120,430430,430477,430509,430957,430976,431009,431037,431093,431114,431227,431264,431310,431359,431444,431482,431536,431649,431665,431711,439057,439076&SEX=TOTAL"
2021,430957,"Morell, el",Y090,90 anys,TOTAL,POP,6,,"https://api.idescat.cat/taules/v2/censph/10/5975/mun/data?lang=ca&YEAR=2021&MUN=430120,430430,430477,430509,430957,430976,431009,431037,431093,431114,431227,431264,431310,431359,431444,431482,431536,431649,431665,431711,439057,439076&SEX=TOTAL"
2021,430957,"Morell, el",Y091,91 anys,TOTAL,POP,8,,"https://api.idescat.cat/taules/v2/censph/10/5975/mun/data?lang=ca&YEAR=2021&MUN=430120,430430,430477,430509,430957,430976,431009,431037,431093,431114,431227,431264,431310,431359,431444,431482,431536,431649,431665,431711,439057,439076&SEX=TOTAL"
2021,430957,"Morell, el",Y092,92 anys,TOTAL,POP,3,,"https://api.idescat.cat/taules/v2/censph/10/5975/mun/data?lang=ca&YEAR=2021&MUN=430120,430430,430477,430509,430957,430976,431009,431037,431093,431114,431227,431264,431310,431359,431444,431482,431536,431649,431665,431711,439057,439076&SEX=TOTAL"
2021,430957,"Morell, el",Y093,93 anys,TOTAL,POP,0,,"https://api.idescat.cat/taules/v2/censph/10/5975/mun/data?lang=ca&YEAR=2021&MUN=430120,430430,430477,430509,430957,430976,431009,431037,431093,431114,431227,431264,431310,431359,431444,431482,431536,431649,431665,431711,439057,439076&SEX=TOTAL"
2021,430957,"Morell, el",Y094,94 anys,TOTAL,POP,2,,"https://api.idescat.cat/taules/v2/censph/10/5975/mun/data?lang=ca&YEAR=2021&MUN=430120,430430,430477,430509,430957,430976,431009,431037,431093,431114,431227,431264,431310,431359,431444,431482,431536,431649,431665,431711,439057,439076&SEX=TOTAL"
2021,430957,"Morell, el",Y095,95 anys,TOTAL,POP,1,,"https://api.idescat.cat/taules/v2/censph/10/5975/mun/data?lang=ca&YEAR=2021&MUN=430120,430430,430477,430509,430957,430976,431009,431037,431093,431114,431227,431264,431310,431359,431444,431482,431536,431649,431665,431711,439057,439076&SEX=TOTAL"
2021,430957,"Morell, el",Y096,96 anys,TOTAL,POP,1,,"https://api.idescat.cat/taules/v2/censph/10/5975/mun/data?lang=ca&YEAR=2021&MUN=430120,430430,430477,430509,430957,430976,431009,431037,431093,431114,431227,431264,431310,431359,431444,431482,431536,431649,431665,431711,439057,439076&SEX=TOTAL"
2021,430957,"Morell, el",Y097,97 anys,TOTAL,POP,0,,"https://api.idescat.cat/taules/v2/censph/10/5975/mun/data?lang=ca&YEAR=2021&MUN=430120,430430,430477,430509,430957,430976,431009,431037,431093,431114,431227,431264,431310,431359,431444,431482,431536,431649,431665,431711,439057,439076&SEX=TOTAL"
2021,430957,"Morell, el",Y098,98 anys,TOTAL,POP,2,,"https://api.idescat.cat/taules/v2/censph/10/5975/mun/data?lang=ca&YEAR=2021&MUN=430120,430430,430477,430509,430957,430976,431009,431037,431093,431114,431227,431264,431310,431359,431444,431482,431536,431649,431665,431711,439057,439076&SEX=TOTAL"
2021,430957,"Morell, el",Y099,99 anys,TOTAL,POP,1,,"https://api.idescat.cat/taules/v2/censph/10/5975/mun/data?lang=ca&YEAR=2021&MUN=430120,430430,430477,430509,430957,430976,431009,431037,431093,431114,431227,431264,431310,431359,431444,431482,431536,431649,431665,431711,439057,439076&SEX=TOTAL"
2021,430957,"Morell, el",Y_GE100,100 anys o més,TOTAL,POP,0,,"https://api.idescat.cat/taules/v2/censph/10/5975/mun/data?lang=ca&YEAR=2021&MUN=430120,430430,430477,430509,430957,430976,431009,431037,431093,431114,431227,431264,431310,431359,431444,431482,431536,431649,431665,431711,439057,439076&SEX=TOTAL"
2021,430957,"Morell, el",TOTAL,total,TOTAL,POP,3727,,"https://api.idescat.cat/taules/v2/censph/10/5975/mun/data?lang=ca&YEAR=2021&MUN=430120,430430,430477,430509,430957,430976,431009,431037,431093,431114,431227,431264,431310,431359,431444,431482,431536,431649,431665,431711,439057,439076&SEX=TOTAL"
2021,430976,"Nou de Gaià, la",Y000,0 anys,TOTAL,POP,2,,"https://api.idescat.cat/taules/v2/censph/10/5975/mun/data?lang=ca&YEAR=2021&MUN=430120,430430,430477,430509,430957,430976,431009,431037,431093,431114,431227,431264,431310,431359,431444,431482,431536,431649,431665,431711,439057,439076&SEX=TOTAL"
2021,430976,"Nou de Gaià, la",Y001,1 any,TOTAL,POP,3,,"https://api.idescat.cat/taules/v2/censph/10/5975/mun/data?lang=ca&YEAR=2021&MUN=430120,430430,430477,430509,430957,430976,431009,431037,431093,431114,431227,431264,431310,431359,431444,431482,431536,431649,431665,431711,439057,439076&SEX=TOTAL"
2021,430976,"Nou de Gaià, la",Y002,2 anys,TOTAL,POP,9,,"https://api.idescat.cat/taules/v2/censph/10/5975/mun/data?lang=ca&YEAR=2021&MUN=430120,430430,430477,430509,430957,430976,431009,431037,431093,431114,431227,431264,431310,431359,431444,431482,431536,431649,431665,431711,439057,439076&SEX=TOTAL"
2021,430976,"Nou de Gaià, la",Y003,3 anys,TOTAL,POP,6,,"https://api.idescat.cat/taules/v2/censph/10/5975/mun/data?lang=ca&YEAR=2021&MUN=430120,430430,430477,430509,430957,430976,431009,431037,431093,431114,431227,431264,431310,431359,431444,431482,431536,431649,431665,431711,439057,439076&SEX=TOTAL"
2021,430976,"Nou de Gaià, la",Y004,4 anys,TOTAL,POP,9,,"https://api.idescat.cat/taules/v2/censph/10/5975/mun/data?lang=ca&YEAR=2021&MUN=430120,430430,430477,430509,430957,430976,431009,431037,431093,431114,431227,431264,431310,431359,431444,431482,431536,431649,431665,431711,439057,439076&SEX=TOTAL"
2021,430976,"Nou de Gaià, la",Y005,5 anys,TOTAL,POP,10.0,,"https://api.idescat.cat/taules/v2/censph/10/5975/mun/data?lang=ca&YEAR=2021&MUN=430120,430430,430477,430509,430957,430976,431009,431037,431093,431114,431227,431264,431310,431359,431444,431482,431536,431649,431665,431711,439057,439076&SEX=TOTAL"
2021,430976,"Nou de Gaià, la",Y006,6 anys,TOTAL,POP,11,,"https://api.idescat.cat/taules/v2/censph/10/5975/mun/data?lang=ca&YEAR=2021&MUN=430120,430430,430477,430509,430957,430976,431009,431037,431093,431114,431227,431264,431310,431359,431444,431482,431536,431649,431665,431711,439057,439076&SEX=TOTAL"
2021,430976,"Nou de Gaià, la",Y007,7 anys,TOTAL,POP,7,,"https://api.idescat.cat/taules/v2/censph/10/5975/mun/data?lang=ca&YEAR=2021&MUN=430120,430430,430477,430509,430957,430976,431009,431037,431093,431114,431227,431264,431310,431359,431444,431482,431536,431649,431665,431711,439057,439076&SEX=TOTAL"
2021,430976,"Nou de Gaià, la",Y008,8 anys,TOTAL,POP,8,,"https://api.idescat.cat/taules/v2/censph/10/5975/mun/data?lang=ca&YEAR=2021&MUN=430120,430430,430477,430509,430957,430976,431009,431037,431093,431114,431227,431264,431310,431359,431444,431482,431536,431649,431665,431711,439057,439076&SEX=TOTAL"
2021,430976,"Nou de Gaià, la",Y009,9 anys,TOTAL,POP,14,,"https://api.idescat.cat/taules/v2/censph/10/5975/mun/data?lang=ca&YEAR=2021&MUN=430120,430430,430477,430509,430957,430976,431009,431037,431093,431114,431227,431264,431310,431359,431444,431482,431536,431649,431665,431711,439057,439076&SEX=TOTAL"
2021,430976,"Nou de Gaià, la",Y010,10 anys,TOTAL,POP,8,,"https://api.idescat.cat/taules/v2/censph/10/5975/mun/data?lang=ca&YEAR=2021&MUN=430120,430430,430477,430509,430957,430976,431009,431037,431093,431114,431227,431264,431310,431359,431444,431482,431536,431649,431665,431711,439057,439076&SEX=TOTAL"
2021,430976,"Nou de Gaià, la",Y011,11 anys,TOTAL,POP,9,,"https://api.idescat.cat/taules/v2/censph/10/5975/mun/data?lang=ca&YEAR=2021&MUN=430120,430430,430477,430509,430957,430976,431009,431037,431093,431114,431227,431264,431310,431359,431444,431482,431536,431649,431665,431711,439057,439076&SEX=TOTAL"
2021,430976,"Nou de Gaià, la",Y012,12 anys,TOTAL,POP,8,,"https://api.idescat.cat/taules/v2/censph/10/5975/mun/data?lang=ca&YEAR=2021&MUN=430120,430430,430477,430509,430957,430976,431009,431037,431093,431114,431227,431264,431310,431359,431444,431482,431536,431649,431665,431711,439057,439076&SEX=TOTAL"
2021,430976,"Nou de Gaià, la",Y013,13 anys,TOTAL,POP,14,,"https://api.idescat.cat/taules/v2/censph/10/5975/mun/data?lang=ca&YEAR=2021&MUN=430120,430430,430477,430509,430957,430976,431009,431037,431093,431114,431227,431264,431310,431359,431444,431482,431536,431649,431665,431711,439057,439076&SEX=TOTAL"
2021,430976,"Nou de Gaià, la",Y014,14 anys,TOTAL,POP,8,,"https://api.idescat.cat/taules/v2/censph/10/5975/mun/data?lang=ca&YEAR=2021&MUN=430120,430430,430477,430509,430957,430976,431009,431037,431093,431114,431227,431264,431310,431359,431444,431482,431536,431649,431665,431711,439057,439076&SEX=TOTAL"
2021,430976,"Nou de Gaià, la",Y015,15 anys,TOTAL,POP,11,,"https://api.idescat.cat/taules/v2/censph/10/5975/mun/data?lang=ca&YEAR=2021&MUN=430120,430430,430477,430509,430957,430976,431009,431037,431093,431114,431227,431264,431310,431359,431444,431482,431536,431649,431665,431711,439057,439076&SEX=TOTAL"
2021,430976,"Nou de Gaià, la",Y016,16 anys,TOTAL,POP,11,,"https://api.idescat.cat/taules/v2/censph/10/5975/mun/data?lang=ca&YEAR=2021&MUN=430120,430430,430477,430509,430957,430976,431009,431037,431093,431114,431227,431264,431310,431359,431444,431482,431536,431649,431665,431711,439057,439076&SEX=TOTAL"
2021,430976,"Nou de Gaià, la",Y017,17 anys,TOTAL,POP,7,,"https://api.idescat.cat/taules/v2/censph/10/5975/mun/data?lang=ca&YEAR=2021&MUN=430120,430430,430477,430509,430957,430976,431009,431037,431093,431114,431227,431264,431310,431359,431444,431482,431536,431649,431665,431711,439057,439076&SEX=TOTAL"
2021,430976,"Nou de Gaià, la",Y018,18 anys,TOTAL,POP,8,,"https://api.idescat.cat/taules/v2/censph/10/5975/mun/data?lang=ca&YEAR=2021&MUN=430120,430430,430477,430509,430957,430976,431009,431037,431093,431114,431227,431264,431310,431359,431444,431482,431536,431649,431665,431711,439057,439076&SEX=TOTAL"
2021,430976,"Nou de Gaià, la",Y019,19 anys,TOTAL,POP,13,,"https://api.idescat.cat/taules/v2/censph/10/5975/mun/data?lang=ca&YEAR=2021&MUN=430120,430430,430477,430509,430957,430976,431009,431037,431093,431114,431227,431264,431310,431359,431444,431482,431536,431649,431665,431711,439057,439076&SEX=TOTAL"
2021,430976,"Nou de Gaià, la",Y020,20 anys,TOTAL,POP,9,,"https://api.idescat.cat/taules/v2/censph/10/5975/mun/data?lang=ca&YEAR=2021&MUN=430120,430430,430477,430509,430957,430976,431009,431037,431093,431114,431227,431264,431310,431359,431444,431482,431536,431649,431665,431711,439057,439076&SEX=TOTAL"
2021,430976,"Nou de Gaià, la",Y021,21 anys,TOTAL,POP,4,,"https://api.idescat.cat/taules/v2/censph/10/5975/mun/data?lang=ca&YEAR=2021&MUN=430120,430430,430477,430509,430957,430976,431009,431037,431093,431114,431227,431264,431310,431359,431444,431482,431536,431649,431665,431711,439057,439076&SEX=TOTAL"
2021,430976,"Nou de Gaià, la",Y022,22 anys,TOTAL,POP,5,,"https://api.idescat.cat/taules/v2/censph/10/5975/mun/data?lang=ca&YEAR=2021&MUN=430120,430430,430477,430509,430957,430976,431009,431037,431093,431114,431227,431264,431310,431359,431444,431482,431536,431649,431665,431711,439057,439076&SEX=TOTAL"
2021,430976,"Nou de Gaià, la",Y023,23 anys,TOTAL,POP,6,,"https://api.idescat.cat/taules/v2/censph/10/5975/mun/data?lang=ca&YEAR=2021&MUN=430120,430430,430477,430509,430957,430976,431009,431037,431093,431114,431227,431264,431310,431359,431444,431482,431536,431649,431665,431711,439057,439076&SEX=TOTAL"
2021,430976,"Nou de Gaià, la",Y024,24 anys,TOTAL,POP,0,,"https://api.idescat.cat/taules/v2/censph/10/5975/mun/data?lang=ca&YEAR=2021&MUN=430120,430430,430477,430509,430957,430976,431009,431037,431093,431114,431227,431264,431310,431359,431444,431482,431536,431649,431665,431711,439057,439076&SEX=TOTAL"
2021,430976,"Nou de Gaià, la",Y025,25 anys,TOTAL,POP,4,,"https://api.idescat.cat/taules/v2/censph/10/5975/mun/data?lang=ca&YEAR=2021&MUN=430120,430430,430477,430509,430957,430976,431009,431037,431093,431114,431227,431264,431310,431359,431444,431482,431536,431649,431665,431711,439057,439076&SEX=TOTAL"
2021,430976,"Nou de Gaià, la",Y026,26 anys,TOTAL,POP,5,,"https://api.idescat.cat/taules/v2/censph/10/5975/mun/data?lang=ca&YEAR=2021&MUN=430120,430430,430477,430509,430957,430976,431009,431037,431093,431114,431227,431264,431310,431359,431444,431482,431536,431649,431665,431711,439057,439076&SEX=TOTAL"
2021,430976,"Nou de Gaià, la",Y027,27 anys,TOTAL,POP,5,,"https://api.idescat.cat/taules/v2/censph/10/5975/mun/data?lang=ca&YEAR=2021&MUN=430120,430430,430477,430509,430957,430976,431009,431037,431093,431114,431227,431264,431310,431359,431444,431482,431536,431649,431665,431711,439057,439076&SEX=TOTAL"
2021,430976,"Nou de Gaià, la",Y028,28 anys,TOTAL,POP,6,,"https://api.idescat.cat/taules/v2/censph/10/5975/mun/data?lang=ca&YEAR=2021&MUN=430120,430430,430477,430509,430957,430976,431009,431037,431093,431114,431227,431264,431310,431359,431444,431482,431536,431649,431665,431711,439057,439076&SEX=TOTAL"
2021,430976,"Nou de Gaià, la",Y029,29 anys,TOTAL,POP,3,,"https://api.idescat.cat/taules/v2/censph/10/5975/mun/data?lang=ca&YEAR=2021&MUN=430120,430430,430477,430509,430957,430976,431009,431037,431093,431114,431227,431264,431310,431359,431444,431482,431536,431649,431665,431711,439057,439076&SEX=TOTAL"
2021,430976,"Nou de Gaià, la",Y030,30 anys,TOTAL,POP,7,,"https://api.idescat.cat/taules/v2/censph/10/5975/mun/data?lang=ca&YEAR=2021&MUN=430120,430430,430477,430509,430957,430976,431009,431037,431093,431114,431227,431264,431310,431359,431444,431482,431536,431649,431665,431711,439057,439076&SEX=TOTAL"
2021,430976,"Nou de Gaià, la",Y031,31 anys,TOTAL,POP,3,,"https://api.idescat.cat/taules/v2/censph/10/5975/mun/data?lang=ca&YEAR=2021&MUN=430120,430430,430477,430509,430957,430976,431009,431037,431093,431114,431227,431264,431310,431359,431444,431482,431536,431649,431665,431711,439057,439076&SEX=TOTAL"
2021,430976,"Nou de Gaià, la",Y032,32 anys,TOTAL,POP,7,,"https://api.idescat.cat/taules/v2/censph/10/5975/mun/data?lang=ca&YEAR=2021&MUN=430120,430430,430477,430509,430957,430976,431009,431037,431093,431114,431227,431264,431310,431359,431444,431482,431536,431649,431665,431711,439057,439076&SEX=TOTAL"
2021,430976,"Nou de Gaià, la",Y033,33 anys,TOTAL,POP,4,,"https://api.idescat.cat/taules/v2/censph/10/5975/mun/data?lang=ca&YEAR=2021&MUN=430120,430430,430477,430509,430957,430976,431009,431037,431093,431114,431227,431264,431310,431359,431444,431482,431536,431649,431665,431711,439057,439076&SEX=TOTAL"
2021,430976,"Nou de Gaià, la",Y034,34 anys,TOTAL,POP,6,,"https://api.idescat.cat/taules/v2/censph/10/5975/mun/data?lang=ca&YEAR=2021&MUN=430120,430430,430477,430509,430957,430976,431009,431037,431093,431114,431227,431264,431310,431359,431444,431482,431536,431649,431665,431711,439057,439076&SEX=TOTAL"
2021,430976,"Nou de Gaià, la",Y035,35 anys,TOTAL,POP,7,,"https://api.idescat.cat/taules/v2/censph/10/5975/mun/data?lang=ca&YEAR=2021&MUN=430120,430430,430477,430509,430957,430976,431009,431037,431093,431114,431227,431264,431310,431359,431444,431482,431536,431649,431665,431711,439057,439076&SEX=TOTAL"
2021,430976,"Nou de Gaià, la",Y036,36 anys,TOTAL,POP,4,,"https://api.idescat.cat/taules/v2/censph/10/5975/mun/data?lang=ca&YEAR=2021&MUN=430120,430430,430477,430509,430957,430976,431009,431037,431093,431114,431227,431264,431310,431359,431444,431482,431536,431649,431665,431711,439057,439076&SEX=TOTAL"
2021,430976,"Nou de Gaià, la",Y037,37 anys,TOTAL,POP,14,,"https://api.idescat.cat/taules/v2/censph/10/5975/mun/data?lang=ca&YEAR=2021&MUN=430120,430430,430477,430509,430957,430976,431009,431037,431093,431114,431227,431264,431310,431359,431444,431482,431536,431649,431665,431711,439057,439076&SEX=TOTAL"
2021,430976,"Nou de Gaià, la",Y038,38 anys,TOTAL,POP,9,,"https://api.idescat.cat/taules/v2/censph/10/5975/mun/data?lang=ca&YEAR=2021&MUN=430120,430430,430477,430509,430957,430976,431009,431037,431093,431114,431227,431264,431310,431359,431444,431482,431536,431649,431665,431711,439057,439076&SEX=TOTAL"
2021,430976,"Nou de Gaià, la",Y039,39 anys,TOTAL,POP,7,,"https://api.idescat.cat/taules/v2/censph/10/5975/mun/data?lang=ca&YEAR=2021&MUN=430120,430430,430477,430509,430957,430976,431009,431037,431093,431114,431227,431264,431310,431359,431444,431482,431536,431649,431665,431711,439057,439076&SEX=TOTAL"
2021,430976,"Nou de Gaià, la",Y040,40 anys,TOTAL,POP,11,,"https://api.idescat.cat/taules/v2/censph/10/5975/mun/data?lang=ca&YEAR=2021&MUN=430120,430430,430477,430509,430957,430976,431009,431037,431093,431114,431227,431264,431310,431359,431444,431482,431536,431649,431665,431711,439057,439076&SEX=TOTAL"
2021,430976,"Nou de Gaià, la",Y041,41 anys,TOTAL,POP,4,,"https://api.idescat.cat/taules/v2/censph/10/5975/mun/data?lang=ca&YEAR=2021&MUN=430120,430430,430477,430509,430957,430976,431009,431037,431093,431114,431227,431264,431310,431359,431444,431482,431536,431649,431665,431711,439057,439076&SEX=TOTAL"
2021,430976,"Nou de Gaià, la",Y042,42 anys,TOTAL,POP,10.0,,"https://api.idescat.cat/taules/v2/censph/10/5975/mun/data?lang=ca&YEAR=2021&MUN=430120,430430,430477,430509,430957,430976,431009,431037,431093,431114,431227,431264,431310,431359,431444,431482,431536,431649,431665,431711,439057,439076&SEX=TOTAL"
2021,430976,"Nou de Gaià, la",Y043,43 anys,TOTAL,POP,15,,"https://api.idescat.cat/taules/v2/censph/10/5975/mun/data?lang=ca&YEAR=2021&MUN=430120,430430,430477,430509,430957,430976,431009,431037,431093,431114,431227,431264,431310,431359,431444,431482,431536,431649,431665,431711,439057,439076&SEX=TOTAL"
2021,430976,"Nou de Gaià, la",Y044,44 anys,TOTAL,POP,11,,"https://api.idescat.cat/taules/v2/censph/10/5975/mun/data?lang=ca&YEAR=2021&MUN=430120,430430,430477,430509,430957,430976,431009,431037,431093,431114,431227,431264,431310,431359,431444,431482,431536,431649,431665,431711,439057,439076&SEX=TOTAL"
2021,430976,"Nou de Gaià, la",Y045,45 anys,TOTAL,POP,9,,"https://api.idescat.cat/taules/v2/censph/10/5975/mun/data?lang=ca&YEAR=2021&MUN=430120,430430,430477,430509,430957,430976,431009,431037,431093,431114,431227,431264,431310,431359,431444,431482,431536,431649,431665,431711,439057,439076&SEX=TOTAL"
2021,430976,"Nou de Gaià, la",Y046,46 anys,TOTAL,POP,10.0,,"https://api.idescat.cat/taules/v2/censph/10/5975/mun/data?lang=ca&YEAR=2021&MUN=430120,430430,430477,430509,430957,430976,431009,431037,431093,431114,431227,431264,431310,431359,431444,431482,431536,431649,431665,431711,439057,439076&SEX=TOTAL"
2021,430976,"Nou de Gaià, la",Y047,47 anys,TOTAL,POP,9,,"https://api.idescat.cat/taules/v2/censph/10/5975/mun/data?lang=ca&YEAR=2021&MUN=430120,430430,430477,430509,430957,430976,431009,431037,431093,431114,431227,431264,431310,431359,431444,431482,431536,431649,431665,431711,439057,439076&SEX=TOTAL"
2021,430976,"Nou de Gaià, la",Y048,48 anys,TOTAL,POP,21,,"https://api.idescat.cat/taules/v2/censph/10/5975/mun/data?lang=ca&YEAR=2021&MUN=430120,430430,430477,430509,430957,430976,431009,431037,431093,431114,431227,431264,431310,431359,431444,431482,431536,431649,431665,431711,439057,439076&SEX=TOTAL"
2021,430976,"Nou de Gaià, la",Y049,49 anys,TOTAL,POP,14,,"https://api.idescat.cat/taules/v2/censph/10/5975/mun/data?lang=ca&YEAR=2021&MUN=430120,430430,430477,430509,430957,430976,431009,431037,431093,431114,431227,431264,431310,431359,431444,431482,431536,431649,431665,431711,439057,439076&SEX=TOTAL"
2021,430976,"Nou de Gaià, la",Y050,50 anys,TOTAL,POP,10.0,,"https://api.idescat.cat/taules/v2/censph/10/5975/mun/data?lang=ca&YEAR=2021&MUN=430120,430430,430477,430509,430957,430976,431009,431037,431093,431114,431227,431264,431310,431359,431444,431482,431536,431649,431665,431711,439057,439076&SEX=TOTAL"
2021,430976,"Nou de Gaià, la",Y051,51 anys,TOTAL,POP,12,,"https://api.idescat.cat/taules/v2/censph/10/5975/mun/data?lang=ca&YEAR=2021&MUN=430120,430430,430477,430509,430957,430976,431009,431037,431093,431114,431227,431264,431310,431359,431444,431482,431536,431649,431665,431711,439057,439076&SEX=TOTAL"
2021,430976,"Nou de Gaià, la",Y052,52 anys,TOTAL,POP,9,,"https://api.idescat.cat/taules/v2/censph/10/5975/mun/data?lang=ca&YEAR=2021&MUN=430120,430430,430477,430509,430957,430976,431009,431037,431093,431114,431227,431264,431310,431359,431444,431482,431536,431649,431665,431711,439057,439076&SEX=TOTAL"
2021,430976,"Nou de Gaià, la",Y053,53 anys,TOTAL,POP,7,,"https://api.idescat.cat/taules/v2/censph/10/5975/mun/data?lang=ca&YEAR=2021&MUN=430120,430430,430477,430509,430957,430976,431009,431037,431093,431114,431227,431264,431310,431359,431444,431482,431536,431649,431665,431711,439057,439076&SEX=TOTAL"
2021,430976,"Nou de Gaià, la",Y054,54 anys,TOTAL,POP,11,,"https://api.idescat.cat/taules/v2/censph/10/5975/mun/data?lang=ca&YEAR=2021&MUN=430120,430430,430477,430509,430957,430976,431009,431037,431093,431114,431227,431264,431310,431359,431444,431482,431536,431649,431665,431711,439057,439076&SEX=TOTAL"
2021,430976,"Nou de Gaià, la",Y055,55 anys,TOTAL,POP,4,,"https://api.idescat.cat/taules/v2/censph/10/5975/mun/data?lang=ca&YEAR=2021&MUN=430120,430430,430477,430509,430957,430976,431009,431037,431093,431114,431227,431264,431310,431359,431444,431482,431536,431649,431665,431711,439057,439076&SEX=TOTAL"
2021,430976,"Nou de Gaià, la",Y056,56 anys,TOTAL,POP,5,,"https://api.idescat.cat/taules/v2/censph/10/5975/mun/data?lang=ca&YEAR=2021&MUN=430120,430430,430477,430509,430957,430976,431009,431037,431093,431114,431227,431264,431310,431359,431444,431482,431536,431649,431665,431711,439057,439076&SEX=TOTAL"
2021,430976,"Nou de Gaià, la",Y057,57 anys,TOTAL,POP,8,,"https://api.idescat.cat/taules/v2/censph/10/5975/mun/data?lang=ca&YEAR=2021&MUN=430120,430430,430477,430509,430957,430976,431009,431037,431093,431114,431227,431264,431310,431359,431444,431482,431536,431649,431665,431711,439057,439076&SEX=TOTAL"
2021,430976,"Nou de Gaià, la",Y058,58 anys,TOTAL,POP,9,,"https://api.idescat.cat/taules/v2/censph/10/5975/mun/data?lang=ca&YEAR=2021&MUN=430120,430430,430477,430509,430957,430976,431009,431037,431093,431114,431227,431264,431310,431359,431444,431482,431536,431649,431665,431711,439057,439076&SEX=TOTAL"
2021,430976,"Nou de Gaià, la",Y059,59 anys,TOTAL,POP,6,,"https://api.idescat.cat/taules/v2/censph/10/5975/mun/data?lang=ca&YEAR=2021&MUN=430120,430430,430477,430509,430957,430976,431009,431037,431093,431114,431227,431264,431310,431359,431444,431482,431536,431649,431665,431711,439057,439076&SEX=TOTAL"
2021,430976,"Nou de Gaià, la",Y060,60 anys,TOTAL,POP,10.0,,"https://api.idescat.cat/taules/v2/censph/10/5975/mun/data?lang=ca&YEAR=2021&MUN=430120,430430,430477,430509,430957,430976,431009,431037,431093,431114,431227,431264,431310,431359,431444,431482,431536,431649,431665,431711,439057,439076&SEX=TOTAL"
2021,430976,"Nou de Gaià, la",Y061,61 anys,TOTAL,POP,5,,"https://api.idescat.cat/taules/v2/censph/10/5975/mun/data?lang=ca&YEAR=2021&MUN=430120,430430,430477,430509,430957,430976,431009,431037,431093,431114,431227,431264,431310,431359,431444,431482,431536,431649,431665,431711,439057,439076&SEX=TOTAL"
2021,430976,"Nou de Gaià, la",Y062,62 anys,TOTAL,POP,3,,"https://api.idescat.cat/taules/v2/censph/10/5975/mun/data?lang=ca&YEAR=2021&MUN=430120,430430,430477,430509,430957,430976,431009,431037,431093,431114,431227,431264,431310,431359,431444,431482,431536,431649,431665,431711,439057,439076&SEX=TOTAL"
2021,430976,"Nou de Gaià, la",Y063,63 anys,TOTAL,POP,6,,"https://api.idescat.cat/taules/v2/censph/10/5975/mun/data?lang=ca&YEAR=2021&MUN=430120,430430,430477,430509,430957,430976,431009,431037,431093,431114,431227,431264,431310,431359,431444,431482,431536,431649,431665,431711,439057,439076&SEX=TOTAL"
2021,430976,"Nou de Gaià, la",Y064,64 anys,TOTAL,POP,4,,"https://api.idescat.cat/taules/v2/censph/10/5975/mun/data?lang=ca&YEAR=2021&MUN=430120,430430,430477,430509,430957,430976,431009,431037,431093,431114,431227,431264,431310,431359,431444,431482,431536,431649,431665,431711,439057,439076&SEX=TOTAL"
2021,430976,"Nou de Gaià, la",Y065,65 anys,TOTAL,POP,3,,"https://api.idescat.cat/taules/v2/censph/10/5975/mun/data?lang=ca&YEAR=2021&MUN=430120,430430,430477,430509,430957,430976,431009,431037,431093,431114,431227,431264,431310,431359,431444,431482,431536,431649,431665,431711,439057,439076&SEX=TOTAL"
2021,430976,"Nou de Gaià, la",Y066,66 anys,TOTAL,POP,2,,"https://api.idescat.cat/taules/v2/censph/10/5975/mun/data?lang=ca&YEAR=2021&MUN=430120,430430,430477,430509,430957,430976,431009,431037,431093,431114,431227,431264,431310,431359,431444,431482,431536,431649,431665,431711,439057,439076&SEX=TOTAL"
2021,430976,"Nou de Gaià, la",Y067,67 anys,TOTAL,POP,4,,"https://api.idescat.cat/taules/v2/censph/10/5975/mun/data?lang=ca&YEAR=2021&MUN=430120,430430,430477,430509,430957,430976,431009,431037,431093,431114,431227,431264,431310,431359,431444,431482,431536,431649,431665,431711,439057,439076&SEX=TOTAL"
2021,430976,"Nou de Gaià, la",Y068,68 anys,TOTAL,POP,4,,"https://api.idescat.cat/taules/v2/censph/10/5975/mun/data?lang=ca&YEAR=2021&MUN=430120,430430,430477,430509,430957,430976,431009,431037,431093,431114,431227,431264,431310,431359,431444,431482,431536,431649,431665,431711,439057,439076&SEX=TOTAL"
2021,430976,"Nou de Gaià, la",Y069,69 anys,TOTAL,POP,4,,"https://api.idescat.cat/taules/v2/censph/10/5975/mun/data?lang=ca&YEAR=2021&MUN=430120,430430,430477,430509,430957,430976,431009,431037,431093,431114,431227,431264,431310,431359,431444,431482,431536,431649,431665,431711,439057,439076&SEX=TOTAL"
2021,430976,"Nou de Gaià, la",Y070,70 anys,TOTAL,POP,7,,"https://api.idescat.cat/taules/v2/censph/10/5975/mun/data?lang=ca&YEAR=2021&MUN=430120,430430,430477,430509,430957,430976,431009,431037,431093,431114,431227,431264,431310,431359,431444,431482,431536,431649,431665,431711,439057,439076&SEX=TOTAL"
2021,430976,"Nou de Gaià, la",Y071,71 anys,TOTAL,POP,6,,"https://api.idescat.cat/taules/v2/censph/10/5975/mun/data?lang=ca&YEAR=2021&MUN=430120,430430,430477,430509,430957,430976,431009,431037,431093,431114,431227,431264,431310,431359,431444,431482,431536,431649,431665,431711,439057,439076&SEX=TOTAL"
2021,430976,"Nou de Gaià, la",Y072,72 anys,TOTAL,POP,2,,"https://api.idescat.cat/taules/v2/censph/10/5975/mun/data?lang=ca&YEAR=2021&MUN=430120,430430,430477,430509,430957,430976,431009,431037,431093,431114,431227,431264,431310,431359,431444,431482,431536,431649,431665,431711,439057,439076&SEX=TOTAL"
2021,430976,"Nou de Gaià, la",Y073,73 anys,TOTAL,POP,6,,"https://api.idescat.cat/taules/v2/censph/10/5975/mun/data?lang=ca&YEAR=2021&MUN=430120,430430,430477,430509,430957,430976,431009,431037,431093,431114,431227,431264,431310,431359,431444,431482,431536,431649,431665,431711,439057,439076&SEX=TOTAL"
2021,430976,"Nou de Gaià, la",Y074,74 anys,TOTAL,POP,5,,"https://api.idescat.cat/taules/v2/censph/10/5975/mun/data?lang=ca&YEAR=2021&MUN=430120,430430,430477,430509,430957,430976,431009,431037,431093,431114,431227,431264,431310,431359,431444,431482,431536,431649,431665,431711,439057,439076&SEX=TOTAL"
2021,430976,"Nou de Gaià, la",Y075,75 anys,TOTAL,POP,8,,"https://api.idescat.cat/taules/v2/censph/10/5975/mun/data?lang=ca&YEAR=2021&MUN=430120,430430,430477,430509,430957,430976,431009,431037,431093,431114,431227,431264,431310,431359,431444,431482,431536,431649,431665,431711,439057,439076&SEX=TOTAL"
2021,430976,"Nou de Gaià, la",Y076,76 anys,TOTAL,POP,8,,"https://api.idescat.cat/taules/v2/censph/10/5975/mun/data?lang=ca&YEAR=2021&MUN=430120,430430,430477,430509,430957,430976,431009,431037,431093,431114,431227,431264,431310,431359,431444,431482,431536,431649,431665,431711,439057,439076&SEX=TOTAL"
2021,430976,"Nou de Gaià, la",Y077,77 anys,TOTAL,POP,4,,"https://api.idescat.cat/taules/v2/censph/10/5975/mun/data?lang=ca&YEAR=2021&MUN=430120,430430,430477,430509,430957,430976,431009,431037,431093,431114,431227,431264,431310,431359,431444,431482,431536,431649,431665,431711,439057,439076&SEX=TOTAL"
2021,430976,"Nou de Gaià, la",Y078,78 anys,TOTAL,POP,3,,"https://api.idescat.cat/taules/v2/censph/10/5975/mun/data?lang=ca&YEAR=2021&MUN=430120,430430,430477,430509,430957,430976,431009,431037,431093,431114,431227,431264,431310,431359,431444,431482,431536,431649,431665,431711,439057,439076&SEX=TOTAL"
2021,430976,"Nou de Gaià, la",Y079,79 anys,TOTAL,POP,2,,"https://api.idescat.cat/taules/v2/censph/10/5975/mun/data?lang=ca&YEAR=2021&MUN=430120,430430,430477,430509,430957,430976,431009,431037,431093,431114,431227,431264,431310,431359,431444,431482,431536,431649,431665,431711,439057,439076&SEX=TOTAL"
2021,430976,"Nou de Gaià, la",Y080,80 anys,TOTAL,POP,4,,"https://api.idescat.cat/taules/v2/censph/10/5975/mun/data?lang=ca&YEAR=2021&MUN=430120,430430,430477,430509,430957,430976,431009,431037,431093,431114,431227,431264,431310,431359,431444,431482,431536,431649,431665,431711,439057,439076&SEX=TOTAL"
2021,430976,"Nou de Gaià, la",Y081,81 anys,TOTAL,POP,3,,"https://api.idescat.cat/taules/v2/censph/10/5975/mun/data?lang=ca&YEAR=2021&MUN=430120,430430,430477,430509,430957,430976,431009,431037,431093,431114,431227,431264,431310,431359,431444,431482,431536,431649,431665,431711,439057,439076&SEX=TOTAL"
2021,430976,"Nou de Gaià, la",Y082,82 anys,TOTAL,POP,5,,"https://api.idescat.cat/taules/v2/censph/10/5975/mun/data?lang=ca&YEAR=2021&MUN=430120,430430,430477,430509,430957,430976,431009,431037,431093,431114,431227,431264,431310,431359,431444,431482,431536,431649,431665,431711,439057,439076&SEX=TOTAL"
2021,430976,"Nou de Gaià, la",Y083,83 anys,TOTAL,POP,2,,"https://api.idescat.cat/taules/v2/censph/10/5975/mun/data?lang=ca&YEAR=2021&MUN=430120,430430,430477,430509,430957,430976,431009,431037,431093,431114,431227,431264,431310,431359,431444,431482,431536,431649,431665,431711,439057,439076&SEX=TOTAL"
2021,430976,"Nou de Gaià, la",Y084,84 anys,TOTAL,POP,2,,"https://api.idescat.cat/taules/v2/censph/10/5975/mun/data?lang=ca&YEAR=2021&MUN=430120,430430,430477,430509,430957,430976,431009,431037,431093,431114,431227,431264,431310,431359,431444,431482,431536,431649,431665,431711,439057,439076&SEX=TOTAL"
2021,430976,"Nou de Gaià, la",Y085,85 anys,TOTAL,POP,1,,"https://api.idescat.cat/taules/v2/censph/10/5975/mun/data?lang=ca&YEAR=2021&MUN=430120,430430,430477,430509,430957,430976,431009,431037,431093,431114,431227,431264,431310,431359,431444,431482,431536,431649,431665,431711,439057,439076&SEX=TOTAL"
2021,430976,"Nou de Gaià, la",Y086,86 anys,TOTAL,POP,0,,"https://api.idescat.cat/taules/v2/censph/10/5975/mun/data?lang=ca&YEAR=2021&MUN=430120,430430,430477,430509,430957,430976,431009,431037,431093,431114,431227,431264,431310,431359,431444,431482,431536,431649,431665,431711,439057,439076&SEX=TOTAL"
2021,430976,"Nou de Gaià, la",Y087,87 anys,TOTAL,POP,3,,"https://api.idescat.cat/taules/v2/censph/10/5975/mun/data?lang=ca&YEAR=2021&MUN=430120,430430,430477,430509,430957,430976,431009,431037,431093,431114,431227,431264,431310,431359,431444,431482,431536,431649,431665,431711,439057,439076&SEX=TOTAL"
2021,430976,"Nou de Gaià, la",Y088,88 anys,TOTAL,POP,1,,"https://api.idescat.cat/taules/v2/censph/10/5975/mun/data?lang=ca&YEAR=2021&MUN=430120,430430,430477,430509,430957,430976,431009,431037,431093,431114,431227,431264,431310,431359,431444,431482,431536,431649,431665,431711,439057,439076&SEX=TOTAL"
2021,430976,"Nou de Gaià, la",Y089,89 anys,TOTAL,POP,8,,"https://api.idescat.cat/taules/v2/censph/10/5975/mun/data?lang=ca&YEAR=2021&MUN=430120,430430,430477,430509,430957,430976,431009,431037,431093,431114,431227,431264,431310,431359,431444,431482,431536,431649,431665,431711,439057,439076&SEX=TOTAL"
2021,430976,"Nou de Gaià, la",Y090,90 anys,TOTAL,POP,1,,"https://api.idescat.cat/taules/v2/censph/10/5975/mun/data?lang=ca&YEAR=2021&MUN=430120,430430,430477,430509,430957,430976,431009,431037,431093,431114,431227,431264,431310,431359,431444,431482,431536,431649,431665,431711,439057,439076&SEX=TOTAL"
2021,430976,"Nou de Gaià, la",Y091,91 anys,TOTAL,POP,0,,"https://api.idescat.cat/taules/v2/censph/10/5975/mun/data?lang=ca&YEAR=2021&MUN=430120,430430,430477,430509,430957,430976,431009,431037,431093,431114,431227,431264,431310,431359,431444,431482,431536,431649,431665,431711,439057,439076&SEX=TOTAL"
2021,430976,"Nou de Gaià, la",Y092,92 anys,TOTAL,POP,1,,"https://api.idescat.cat/taules/v2/censph/10/5975/mun/data?lang=ca&YEAR=2021&MUN=430120,430430,430477,430509,430957,430976,431009,431037,431093,431114,431227,431264,431310,431359,431444,431482,431536,431649,431665,431711,439057,439076&SEX=TOTAL"
2021,430976,"Nou de Gaià, la",Y093,93 anys,TOTAL,POP,0,,"https://api.idescat.cat/taules/v2/censph/10/5975/mun/data?lang=ca&YEAR=2021&MUN=430120,430430,430477,430509,430957,430976,431009,431037,431093,431114,431227,431264,431310,431359,431444,431482,431536,431649,431665,431711,439057,439076&SEX=TOTAL"
2021,430976,"Nou de Gaià, la",Y094,94 anys,TOTAL,POP,3,,"https://api.idescat.cat/taules/v2/censph/10/5975/mun/data?lang=ca&YEAR=2021&MUN=430120,430430,430477,430509,430957,430976,431009,431037,431093,431114,431227,431264,431310,431359,431444,431482,431536,431649,431665,431711,439057,439076&SEX=TOTAL"
2021,430976,"Nou de Gaià, la",Y095,95 anys,TOTAL,POP,0,,"https://api.idescat.cat/taules/v2/censph/10/5975/mun/data?lang=ca&YEAR=2021&MUN=430120,430430,430477,430509,430957,430976,431009,431037,431093,431114,431227,431264,431310,431359,431444,431482,431536,431649,431665,431711,439057,439076&SEX=TOTAL"
2021,430976,"Nou de Gaià, la",Y096,96 anys,TOTAL,POP,1,,"https://api.idescat.cat/taules/v2/censph/10/5975/mun/data?lang=ca&YEAR=2021&MUN=430120,430430,430477,430509,430957,430976,431009,431037,431093,431114,431227,431264,431310,431359,431444,431482,431536,431649,431665,431711,439057,439076&SEX=TOTAL"
2021,430976,"Nou de Gaià, la",Y097,97 anys,TOTAL,POP,0,,"https://api.idescat.cat/taules/v2/censph/10/5975/mun/data?lang=ca&YEAR=2021&MUN=430120,430430,430477,430509,430957,430976,431009,431037,431093,431114,431227,431264,431310,431359,431444,431482,431536,431649,431665,431711,439057,439076&SEX=TOTAL"
2021,430976,"Nou de Gaià, la",Y098,98 anys,TOTAL,POP,0,,"https://api.idescat.cat/taules/v2/censph/10/5975/mun/data?lang=ca&YEAR=2021&MUN=430120,430430,430477,430509,430957,430976,431009,431037,431093,431114,431227,431264,431310,431359,431444,431482,431536,431649,431665,431711,439057,439076&SEX=TOTAL"
2021,430976,"Nou de Gaià, la",Y099,99 anys,TOTAL,POP,0,,"https://api.idescat.cat/taules/v2/censph/10/5975/mun/data?lang=ca&YEAR=2021&MUN=430120,430430,430477,430509,430957,430976,431009,431037,431093,431114,431227,431264,431310,431359,431444,431482,431536,431649,431665,431711,439057,439076&SEX=TOTAL"
2021,430976,"Nou de Gaià, la",Y_GE100,100 anys o més,TOTAL,POP,0,,"https://api.idescat.cat/taules/v2/censph/10/5975/mun/data?lang=ca&YEAR=2021&MUN=430120,430430,430477,430509,430957,430976,431009,431037,431093,431114,431227,431264,431310,431359,431444,431482,431536,431649,431665,431711,439057,439076&SEX=TOTAL"
2021,430976,"Nou de Gaià, la",TOTAL,total,TOTAL,POP,617,,"https://api.idescat.cat/taules/v2/censph/10/5975/mun/data?lang=ca&YEAR=2021&MUN=430120,430430,430477,430509,430957,430976,431009,431037,431093,431114,431227,431264,431310,431359,431444,431482,431536,431649,431665,431711,439057,439076&SEX=TOTAL"
2021,431009,"Pallaresos, els",Y000,0 anys,TOTAL,POP,26,,"https://api.idescat.cat/taules/v2/censph/10/5975/mun/data?lang=ca&YEAR=2021&MUN=430120,430430,430477,430509,430957,430976,431009,431037,431093,431114,431227,431264,431310,431359,431444,431482,431536,431649,431665,431711,439057,439076&SEX=TOTAL"
2021,431009,"Pallaresos, els",Y001,1 any,TOTAL,POP,23,,"https://api.idescat.cat/taules/v2/censph/10/5975/mun/data?lang=ca&YEAR=2021&MUN=430120,430430,430477,430509,430957,430976,431009,431037,431093,431114,431227,431264,431310,431359,431444,431482,431536,431649,431665,431711,439057,439076&SEX=TOTAL"
2021,431009,"Pallaresos, els",Y002,2 anys,TOTAL,POP,37,,"https://api.idescat.cat/taules/v2/censph/10/5975/mun/data?lang=ca&YEAR=2021&MUN=430120,430430,430477,430509,430957,430976,431009,431037,431093,431114,431227,431264,431310,431359,431444,431482,431536,431649,431665,431711,439057,439076&SEX=TOTAL"
2021,431009,"Pallaresos, els",Y003,3 anys,TOTAL,POP,40.0,,"https://api.idescat.cat/taules/v2/censph/10/5975/mun/data?lang=ca&YEAR=2021&MUN=430120,430430,430477,430509,430957,430976,431009,431037,431093,431114,431227,431264,431310,431359,431444,431482,431536,431649,431665,431711,439057,439076&SEX=TOTAL"
2021,431009,"Pallaresos, els",Y004,4 anys,TOTAL,POP,53,,"https://api.idescat.cat/taules/v2/censph/10/5975/mun/data?lang=ca&YEAR=2021&MUN=430120,430430,430477,430509,430957,430976,431009,431037,431093,431114,431227,431264,431310,431359,431444,431482,431536,431649,431665,431711,439057,439076&SEX=TOTAL"
2021,431009,"Pallaresos, els",Y005,5 anys,TOTAL,POP,52,,"https://api.idescat.cat/taules/v2/censph/10/5975/mun/data?lang=ca&YEAR=2021&MUN=430120,430430,430477,430509,430957,430976,431009,431037,431093,431114,431227,431264,431310,431359,431444,431482,431536,431649,431665,431711,439057,439076&SEX=TOTAL"
2021,431009,"Pallaresos, els",Y006,6 anys,TOTAL,POP,52,,"https://api.idescat.cat/taules/v2/censph/10/5975/mun/data?lang=ca&YEAR=2021&MUN=430120,430430,430477,430509,430957,430976,431009,431037,431093,431114,431227,431264,431310,431359,431444,431482,431536,431649,431665,431711,439057,439076&SEX=TOTAL"
2021,431009,"Pallaresos, els",Y007,7 anys,TOTAL,POP,64,,"https://api.idescat.cat/taules/v2/censph/10/5975/mun/data?lang=ca&YEAR=2021&MUN=430120,430430,430477,430509,430957,430976,431009,431037,431093,431114,431227,431264,431310,431359,431444,431482,431536,431649,431665,431711,439057,439076&SEX=TOTAL"
2021,431009,"Pallaresos, els",Y008,8 anys,TOTAL,POP,75,,"https://api.idescat.cat/taules/v2/censph/10/5975/mun/data?lang=ca&YEAR=2021&MUN=430120,430430,430477,430509,430957,430976,431009,431037,431093,431114,431227,431264,431310,431359,431444,431482,431536,431649,431665,431711,439057,439076&SEX=TOTAL"
2021,431009,"Pallaresos, els",Y009,9 anys,TOTAL,POP,55,,"https://api.idescat.cat/taules/v2/censph/10/5975/mun/data?lang=ca&YEAR=2021&MUN=430120,430430,430477,430509,430957,430976,431009,431037,431093,431114,431227,431264,431310,431359,431444,431482,431536,431649,431665,431711,439057,439076&SEX=TOTAL"
2021,431009,"Pallaresos, els",Y010,10 anys,TOTAL,POP,95,,"https://api.idescat.cat/taules/v2/censph/10/5975/mun/data?lang=ca&YEAR=2021&MUN=430120,430430,430477,430509,430957,430976,431009,431037,431093,431114,431227,431264,431310,431359,431444,431482,431536,431649,431665,431711,439057,439076&SEX=TOTAL"
2021,431009,"Pallaresos, els",Y011,11 anys,TOTAL,POP,75,,"https://api.idescat.cat/taules/v2/censph/10/5975/mun/data?lang=ca&YEAR=2021&MUN=430120,430430,430477,430509,430957,430976,431009,431037,431093,431114,431227,431264,431310,431359,431444,431482,431536,431649,431665,431711,439057,439076&SEX=TOTAL"
2021,431009,"Pallaresos, els",Y012,12 anys,TOTAL,POP,93,,"https://api.idescat.cat/taules/v2/censph/10/5975/mun/data?lang=ca&YEAR=2021&MUN=430120,430430,430477,430509,430957,430976,431009,431037,431093,431114,431227,431264,431310,431359,431444,431482,431536,431649,431665,431711,439057,439076&SEX=TOTAL"
2021,431009,"Pallaresos, els",Y013,13 anys,TOTAL,POP,84,,"https://api.idescat.cat/taules/v2/censph/10/5975/mun/data?lang=ca&YEAR=2021&MUN=430120,430430,430477,430509,430957,430976,431009,431037,431093,431114,431227,431264,431310,431359,431444,431482,431536,431649,431665,431711,439057,439076&SEX=TOTAL"
2021,431009,"Pallaresos, els",Y014,14 anys,TOTAL,POP,87,,"https://api.idescat.cat/taules/v2/censph/10/5975/mun/data?lang=ca&YEAR=2021&MUN=430120,430430,430477,430509,430957,430976,431009,431037,431093,431114,431227,431264,431310,431359,431444,431482,431536,431649,431665,431711,439057,439076&SEX=TOTAL"
2021,431009,"Pallaresos, els",Y015,15 anys,TOTAL,POP,95,,"https://api.idescat.cat/taules/v2/censph/10/5975/mun/data?lang=ca&YEAR=2021&MUN=430120,430430,430477,430509,430957,430976,431009,431037,431093,431114,431227,431264,431310,431359,431444,431482,431536,431649,431665,431711,439057,439076&SEX=TOTAL"
2021,431009,"Pallaresos, els",Y016,16 anys,TOTAL,POP,83,,"https://api.idescat.cat/taules/v2/censph/10/5975/mun/data?lang=ca&YEAR=2021&MUN=430120,430430,430477,430509,430957,430976,431009,431037,431093,431114,431227,431264,431310,431359,431444,431482,431536,431649,431665,431711,439057,439076&SEX=TOTAL"
2021,431009,"Pallaresos, els",Y017,17 anys,TOTAL,POP,72,,"https://api.idescat.cat/taules/v2/censph/10/5975/mun/data?lang=ca&YEAR=2021&MUN=430120,430430,430477,430509,430957,430976,431009,431037,431093,431114,431227,431264,431310,431359,431444,431482,431536,431649,431665,431711,439057,439076&SEX=TOTAL"
2021,431009,"Pallaresos, els",Y018,18 anys,TOTAL,POP,81,,"https://api.idescat.cat/taules/v2/censph/10/5975/mun/data?lang=ca&YEAR=2021&MUN=430120,430430,430477,430509,430957,430976,431009,431037,431093,431114,431227,431264,431310,431359,431444,431482,431536,431649,431665,431711,439057,439076&SEX=TOTAL"
2021,431009,"Pallaresos, els",Y019,19 anys,TOTAL,POP,75,,"https://api.idescat.cat/taules/v2/censph/10/5975/mun/data?lang=ca&YEAR=2021&MUN=430120,430430,430477,430509,430957,430976,431009,431037,431093,431114,431227,431264,431310,431359,431444,431482,431536,431649,431665,431711,439057,439076&SEX=TOTAL"
2021,431009,"Pallaresos, els",Y020,20 anys,TOTAL,POP,69,,"https://api.idescat.cat/taules/v2/censph/10/5975/mun/data?lang=ca&YEAR=2021&MUN=430120,430430,430477,430509,430957,430976,431009,431037,431093,431114,431227,431264,431310,431359,431444,431482,431536,431649,431665,431711,439057,439076&SEX=TOTAL"
2021,431009,"Pallaresos, els",Y021,21 anys,TOTAL,POP,63,,"https://api.idescat.cat/taules/v2/censph/10/5975/mun/data?lang=ca&YEAR=2021&MUN=430120,430430,430477,430509,430957,430976,431009,431037,431093,431114,431227,431264,431310,431359,431444,431482,431536,431649,431665,431711,439057,439076&SEX=TOTAL"
2021,431009,"Pallaresos, els",Y022,22 anys,TOTAL,POP,54,,"https://api.idescat.cat/taules/v2/censph/10/5975/mun/data?lang=ca&YEAR=2021&MUN=430120,430430,430477,430509,430957,430976,431009,431037,431093,431114,431227,431264,431310,431359,431444,431482,431536,431649,431665,431711,439057,439076&SEX=TOTAL"
2021,431009,"Pallaresos, els",Y023,23 anys,TOTAL,POP,40.0,,"https://api.idescat.cat/taules/v2/censph/10/5975/mun/data?lang=ca&YEAR=2021&MUN=430120,430430,430477,430509,430957,430976,431009,431037,431093,431114,431227,431264,431310,431359,431444,431482,431536,431649,431665,431711,439057,439076&SEX=TOTAL"
2021,431009,"Pallaresos, els",Y024,24 anys,TOTAL,POP,43,,"https://api.idescat.cat/taules/v2/censph/10/5975/mun/data?lang=ca&YEAR=2021&MUN=430120,430430,430477,430509,430957,430976,431009,431037,431093,431114,431227,431264,431310,431359,431444,431482,431536,431649,431665,431711,439057,439076&SEX=TOTAL"
2021,431009,"Pallaresos, els",Y025,25 anys,TOTAL,POP,39,,"https://api.idescat.cat/taules/v2/censph/10/5975/mun/data?lang=ca&YEAR=2021&MUN=430120,430430,430477,430509,430957,430976,431009,431037,431093,431114,431227,431264,431310,431359,431444,431482,431536,431649,431665,431711,439057,439076&SEX=TOTAL"
2021,431009,"Pallaresos, els",Y026,26 anys,TOTAL,POP,37,,"https://api.idescat.cat/taules/v2/censph/10/5975/mun/data?lang=ca&YEAR=2021&MUN=430120,430430,430477,430509,430957,430976,431009,431037,431093,431114,431227,431264,431310,431359,431444,431482,431536,431649,431665,431711,439057,439076&SEX=TOTAL"
2021,431009,"Pallaresos, els",Y027,27 anys,TOTAL,POP,42,,"https://api.idescat.cat/taules/v2/censph/10/5975/mun/data?lang=ca&YEAR=2021&MUN=430120,430430,430477,430509,430957,430976,431009,431037,431093,431114,431227,431264,431310,431359,431444,431482,431536,431649,431665,431711,439057,439076&SEX=TOTAL"
2021,431009,"Pallaresos, els",Y028,28 anys,TOTAL,POP,33,,"https://api.idescat.cat/taules/v2/censph/10/5975/mun/data?lang=ca&YEAR=2021&MUN=430120,430430,430477,430509,430957,430976,431009,431037,431093,431114,431227,431264,431310,431359,431444,431482,431536,431649,431665,431711,439057,439076&SEX=TOTAL"
2021,431009,"Pallaresos, els",Y029,29 anys,TOTAL,POP,38,,"https://api.idescat.cat/taules/v2/censph/10/5975/mun/data?lang=ca&YEAR=2021&MUN=430120,430430,430477,430509,430957,430976,431009,431037,431093,431114,431227,431264,431310,431359,431444,431482,431536,431649,431665,431711,439057,439076&SEX=TOTAL"
2021,431009,"Pallaresos, els",Y030,30 anys,TOTAL,POP,41,,"https://api.idescat.cat/taules/v2/censph/10/5975/mun/data?lang=ca&YEAR=2021&MUN=430120,430430,430477,430509,430957,430976,431009,431037,431093,431114,431227,431264,431310,431359,431444,431482,431536,431649,431665,431711,439057,439076&SEX=TOTAL"
2021,431009,"Pallaresos, els",Y031,31 anys,TOTAL,POP,47,,"https://api.idescat.cat/taules/v2/censph/10/5975/mun/data?lang=ca&YEAR=2021&MUN=430120,430430,430477,430509,430957,430976,431009,431037,431093,431114,431227,431264,431310,431359,431444,431482,431536,431649,431665,431711,439057,439076&SEX=TOTAL"
2021,431009,"Pallaresos, els",Y032,32 anys,TOTAL,POP,40.0,,"https://api.idescat.cat/taules/v2/censph/10/5975/mun/data?lang=ca&YEAR=2021&MUN=430120,430430,430477,430509,430957,430976,431009,431037,431093,431114,431227,431264,431310,431359,431444,431482,431536,431649,431665,431711,439057,439076&SEX=TOTAL"
2021,431009,"Pallaresos, els",Y033,33 anys,TOTAL,POP,43,,"https://api.idescat.cat/taules/v2/censph/10/5975/mun/data?lang=ca&YEAR=2021&MUN=430120,430430,430477,430509,430957,430976,431009,431037,431093,431114,431227,431264,431310,431359,431444,431482,431536,431649,431665,431711,439057,439076&SEX=TOTAL"
2021,431009,"Pallaresos, els",Y034,34 anys,TOTAL,POP,37,,"https://api.idescat.cat/taules/v2/censph/10/5975/mun/data?lang=ca&YEAR=2021&MUN=430120,430430,430477,430509,430957,430976,431009,431037,431093,431114,431227,431264,431310,431359,431444,431482,431536,431649,431665,431711,439057,439076&SEX=TOTAL"
2021,431009,"Pallaresos, els",Y035,35 anys,TOTAL,POP,54,,"https://api.idescat.cat/taules/v2/censph/10/5975/mun/data?lang=ca&YEAR=2021&MUN=430120,430430,430477,430509,430957,430976,431009,431037,431093,431114,431227,431264,431310,431359,431444,431482,431536,431649,431665,431711,439057,439076&SEX=TOTAL"
2021,431009,"Pallaresos, els",Y036,36 anys,TOTAL,POP,47,,"https://api.idescat.cat/taules/v2/censph/10/5975/mun/data?lang=ca&YEAR=2021&MUN=430120,430430,430477,430509,430957,430976,431009,431037,431093,431114,431227,431264,431310,431359,431444,431482,431536,431649,431665,431711,439057,439076&SEX=TOTAL"
2021,431009,"Pallaresos, els",Y037,37 anys,TOTAL,POP,52,,"https://api.idescat.cat/taules/v2/censph/10/5975/mun/data?lang=ca&YEAR=2021&MUN=430120,430430,430477,430509,430957,430976,431009,431037,431093,431114,431227,431264,431310,431359,431444,431482,431536,431649,431665,431711,439057,439076&SEX=TOTAL"
2021,431009,"Pallaresos, els",Y038,38 anys,TOTAL,POP,59,,"https://api.idescat.cat/taules/v2/censph/10/5975/mun/data?lang=ca&YEAR=2021&MUN=430120,430430,430477,430509,430957,430976,431009,431037,431093,431114,431227,431264,431310,431359,431444,431482,431536,431649,431665,431711,439057,439076&SEX=TOTAL"
2021,431009,"Pallaresos, els",Y039,39 anys,TOTAL,POP,74,,"https://api.idescat.cat/taules/v2/censph/10/5975/mun/data?lang=ca&YEAR=2021&MUN=430120,430430,430477,430509,430957,430976,431009,431037,431093,431114,431227,431264,431310,431359,431444,431482,431536,431649,431665,431711,439057,439076&SEX=TOTAL"
2021,431009,"Pallaresos, els",Y040,40 anys,TOTAL,POP,89,,"https://api.idescat.cat/taules/v2/censph/10/5975/mun/data?lang=ca&YEAR=2021&MUN=430120,430430,430477,430509,430957,430976,431009,431037,431093,431114,431227,431264,431310,431359,431444,431482,431536,431649,431665,431711,439057,439076&SEX=TOTAL"
2021,431009,"Pallaresos, els",Y041,41 anys,TOTAL,POP,72,,"https://api.idescat.cat/taules/v2/censph/10/5975/mun/data?lang=ca&YEAR=2021&MUN=430120,430430,430477,430509,430957,430976,431009,431037,431093,431114,431227,431264,431310,431359,431444,431482,431536,431649,431665,431711,439057,439076&SEX=TOTAL"
2021,431009,"Pallaresos, els",Y042,42 anys,TOTAL,POP,98,,"https://api.idescat.cat/taules/v2/censph/10/5975/mun/data?lang=ca&YEAR=2021&MUN=430120,430430,430477,430509,430957,430976,431009,431037,431093,431114,431227,431264,431310,431359,431444,431482,431536,431649,431665,431711,439057,439076&SEX=TOTAL"
2021,431009,"Pallaresos, els",Y043,43 anys,TOTAL,POP,103,,"https://api.idescat.cat/taules/v2/censph/10/5975/mun/data?lang=ca&YEAR=2021&MUN=430120,430430,430477,430509,430957,430976,431009,431037,431093,431114,431227,431264,431310,431359,431444,431482,431536,431649,431665,431711,439057,439076&SEX=TOTAL"
2021,431009,"Pallaresos, els",Y044,44 anys,TOTAL,POP,96,,"https://api.idescat.cat/taules/v2/censph/10/5975/mun/data?lang=ca&YEAR=2021&MUN=430120,430430,430477,430509,430957,430976,431009,431037,431093,431114,431227,431264,431310,431359,431444,431482,431536,431649,431665,431711,439057,439076&SEX=TOTAL"
2021,431009,"Pallaresos, els",Y045,45 anys,TOTAL,POP,99,,"https://api.idescat.cat/taules/v2/censph/10/5975/mun/data?lang=ca&YEAR=2021&MUN=430120,430430,430477,430509,430957,430976,431009,431037,431093,431114,431227,431264,431310,431359,431444,431482,431536,431649,431665,431711,439057,439076&SEX=TOTAL"
2021,431009,"Pallaresos, els",Y046,46 anys,TOTAL,POP,116,,"https://api.idescat.cat/taules/v2/censph/10/5975/mun/data?lang=ca&YEAR=2021&MUN=430120,430430,430477,430509,430957,430976,431009,431037,431093,431114,431227,431264,431310,431359,431444,431482,431536,431649,431665,431711,439057,439076&SEX=TOTAL"
2021,431009,"Pallaresos, els",Y047,47 anys,TOTAL,POP,98,,"https://api.idescat.cat/taules/v2/censph/10/5975/mun/data?lang=ca&YEAR=2021&MUN=430120,430430,430477,430509,430957,430976,431009,431037,431093,431114,431227,431264,431310,431359,431444,431482,431536,431649,431665,431711,439057,439076&SEX=TOTAL"
2021,431009,"Pallaresos, els",Y048,48 anys,TOTAL,POP,101,,"https://api.idescat.cat/taules/v2/censph/10/5975/mun/data?lang=ca&YEAR=2021&MUN=430120,430430,430477,430509,430957,430976,431009,431037,431093,431114,431227,431264,431310,431359,431444,431482,431536,431649,431665,431711,439057,439076&SEX=TOTAL"
2021,431009,"Pallaresos, els",Y049,49 anys,TOTAL,POP,104,,"https://api.idescat.cat/taules/v2/censph/10/5975/mun/data?lang=ca&YEAR=2021&MUN=430120,430430,430477,430509,430957,430976,431009,431037,431093,431114,431227,431264,431310,431359,431444,431482,431536,431649,431665,431711,439057,439076&SEX=TOTAL"
2021,431009,"Pallaresos, els",Y050,50 anys,TOTAL,POP,87,,"https://api.idescat.cat/taules/v2/censph/10/5975/mun/data?lang=ca&YEAR=2021&MUN=430120,430430,430477,430509,430957,430976,431009,431037,431093,431114,431227,431264,431310,431359,431444,431482,431536,431649,431665,431711,439057,439076&SEX=TOTAL"
2021,431009,"Pallaresos, els",Y051,51 anys,TOTAL,POP,101,,"https://api.idescat.cat/taules/v2/censph/10/5975/mun/data?lang=ca&YEAR=2021&MUN=430120,430430,430477,430509,430957,430976,431009,431037,431093,431114,431227,431264,431310,431359,431444,431482,431536,431649,431665,431711,439057,439076&SEX=TOTAL"
2021,431009,"Pallaresos, els",Y052,52 anys,TOTAL,POP,87,,"https://api.idescat.cat/taules/v2/censph/10/5975/mun/data?lang=ca&YEAR=2021&MUN=430120,430430,430477,430509,430957,430976,431009,431037,431093,431114,431227,431264,431310,431359,431444,431482,431536,431649,431665,431711,439057,439076&SEX=TOTAL"
2021,431009,"Pallaresos, els",Y053,53 anys,TOTAL,POP,103,,"https://api.idescat.cat/taules/v2/censph/10/5975/mun/data?lang=ca&YEAR=2021&MUN=430120,430430,430477,430509,430957,430976,431009,431037,431093,431114,431227,431264,431310,431359,431444,431482,431536,431649,431665,431711,439057,439076&SEX=TOTAL"
2021,431009,"Pallaresos, els",Y054,54 anys,TOTAL,POP,77,,"https://api.idescat.cat/taules/v2/censph/10/5975/mun/data?lang=ca&YEAR=2021&MUN=430120,430430,430477,430509,430957,430976,431009,431037,431093,431114,431227,431264,431310,431359,431444,431482,431536,431649,431665,431711,439057,439076&SEX=TOTAL"
2021,431009,"Pallaresos, els",Y055,55 anys,TOTAL,POP,95,,"https://api.idescat.cat/taules/v2/censph/10/5975/mun/data?lang=ca&YEAR=2021&MUN=430120,430430,430477,430509,430957,430976,431009,431037,431093,431114,431227,431264,431310,431359,431444,431482,431536,431649,431665,431711,439057,439076&SEX=TOTAL"
2021,431009,"Pallaresos, els",Y056,56 anys,TOTAL,POP,79,,"https://api.idescat.cat/taules/v2/censph/10/5975/mun/data?lang=ca&YEAR=2021&MUN=430120,430430,430477,430509,430957,430976,431009,431037,431093,431114,431227,431264,431310,431359,431444,431482,431536,431649,431665,431711,439057,439076&SEX=TOTAL"
2021,431009,"Pallaresos, els",Y057,57 anys,TOTAL,POP,74,,"https://api.idescat.cat/taules/v2/censph/10/5975/mun/data?lang=ca&YEAR=2021&MUN=430120,430430,430477,430509,430957,430976,431009,431037,431093,431114,431227,431264,431310,431359,431444,431482,431536,431649,431665,431711,439057,439076&SEX=TOTAL"
2021,431009,"Pallaresos, els",Y058,58 anys,TOTAL,POP,62,,"https://api.idescat.cat/taules/v2/censph/10/5975/mun/data?lang=ca&YEAR=2021&MUN=430120,430430,430477,430509,430957,430976,431009,431037,431093,431114,431227,431264,431310,431359,431444,431482,431536,431649,431665,431711,439057,439076&SEX=TOTAL"
2021,431009,"Pallaresos, els",Y059,59 anys,TOTAL,POP,62,,"https://api.idescat.cat/taules/v2/censph/10/5975/mun/data?lang=ca&YEAR=2021&MUN=430120,430430,430477,430509,430957,430976,431009,431037,431093,431114,431227,431264,431310,431359,431444,431482,431536,431649,431665,431711,439057,439076&SEX=TOTAL"
2021,431009,"Pallaresos, els",Y060,60 anys,TOTAL,POP,56,,"https://api.idescat.cat/taules/v2/censph/10/5975/mun/data?lang=ca&YEAR=2021&MUN=430120,430430,430477,430509,430957,430976,431009,431037,431093,431114,431227,431264,431310,431359,431444,431482,431536,431649,431665,431711,439057,439076&SEX=TOTAL"
2021,431009,"Pallaresos, els",Y061,61 anys,TOTAL,POP,52,,"https://api.idescat.cat/taules/v2/censph/10/5975/mun/data?lang=ca&YEAR=2021&MUN=430120,430430,430477,430509,430957,430976,431009,431037,431093,431114,431227,431264,431310,431359,431444,431482,431536,431649,431665,431711,439057,439076&SEX=TOTAL"
2021,431009,"Pallaresos, els",Y062,62 anys,TOTAL,POP,38,,"https://api.idescat.cat/taules/v2/censph/10/5975/mun/data?lang=ca&YEAR=2021&MUN=430120,430430,430477,430509,430957,430976,431009,431037,431093,431114,431227,431264,431310,431359,431444,431482,431536,431649,431665,431711,439057,439076&SEX=TOTAL"
2021,431009,"Pallaresos, els",Y063,63 anys,TOTAL,POP,51,,"https://api.idescat.cat/taules/v2/censph/10/5975/mun/data?lang=ca&YEAR=2021&MUN=430120,430430,430477,430509,430957,430976,431009,431037,431093,431114,431227,431264,431310,431359,431444,431482,431536,431649,431665,431711,439057,439076&SEX=TOTAL"
2021,431009,"Pallaresos, els",Y064,64 anys,TOTAL,POP,53,,"https://api.idescat.cat/taules/v2/censph/10/5975/mun/data?lang=ca&YEAR=2021&MUN=430120,430430,430477,430509,430957,430976,431009,431037,431093,431114,431227,431264,431310,431359,431444,431482,431536,431649,431665,431711,439057,439076&SEX=TOTAL"
2021,431009,"Pallaresos, els",Y065,65 anys,TOTAL,POP,42,,"https://api.idescat.cat/taules/v2/censph/10/5975/mun/data?lang=ca&YEAR=2021&MUN=430120,430430,430477,430509,430957,430976,431009,431037,431093,431114,431227,431264,431310,431359,431444,431482,431536,431649,431665,431711,439057,439076&SEX=TOTAL"
2021,431009,"Pallaresos, els",Y066,66 anys,TOTAL,POP,35,,"https://api.idescat.cat/taules/v2/censph/10/5975/mun/data?lang=ca&YEAR=2021&MUN=430120,430430,430477,430509,430957,430976,431009,431037,431093,431114,431227,431264,431310,431359,431444,431482,431536,431649,431665,431711,439057,439076&SEX=TOTAL"
2021,431009,"Pallaresos, els",Y067,67 anys,TOTAL,POP,34,,"https://api.idescat.cat/taules/v2/censph/10/5975/mun/data?lang=ca&YEAR=2021&MUN=430120,430430,430477,430509,430957,430976,431009,431037,431093,431114,431227,431264,431310,431359,431444,431482,431536,431649,431665,431711,439057,439076&SEX=TOTAL"
2021,431009,"Pallaresos, els",Y068,68 anys,TOTAL,POP,29,,"https://api.idescat.cat/taules/v2/censph/10/5975/mun/data?lang=ca&YEAR=2021&MUN=430120,430430,430477,430509,430957,430976,431009,431037,431093,431114,431227,431264,431310,431359,431444,431482,431536,431649,431665,431711,439057,439076&SEX=TOTAL"
2021,431009,"Pallaresos, els",Y069,69 anys,TOTAL,POP,40.0,,"https://api.idescat.cat/taules/v2/censph/10/5975/mun/data?lang=ca&YEAR=2021&MUN=430120,430430,430477,430509,430957,430976,431009,431037,431093,431114,431227,431264,431310,431359,431444,431482,431536,431649,431665,431711,439057,439076&SEX=TOTAL"
2021,431009,"Pallaresos, els",Y070,70 anys,TOTAL,POP,23,,"https://api.idescat.cat/taules/v2/censph/10/5975/mun/data?lang=ca&YEAR=2021&MUN=430120,430430,430477,430509,430957,430976,431009,431037,431093,431114,431227,431264,431310,431359,431444,431482,431536,431649,431665,431711,439057,439076&SEX=TOTAL"
2021,431009,"Pallaresos, els",Y071,71 anys,TOTAL,POP,24,,"https://api.idescat.cat/taules/v2/censph/10/5975/mun/data?lang=ca&YEAR=2021&MUN=430120,430430,430477,430509,430957,430976,431009,431037,431093,431114,431227,431264,431310,431359,431444,431482,431536,431649,431665,431711,439057,439076&SEX=TOTAL"
2021,431009,"Pallaresos, els",Y072,72 anys,TOTAL,POP,27,,"https://api.idescat.cat/taules/v2/censph/10/5975/mun/data?lang=ca&YEAR=2021&MUN=430120,430430,430477,430509,430957,430976,431009,431037,431093,431114,431227,431264,431310,431359,431444,431482,431536,431649,431665,431711,439057,439076&SEX=TOTAL"
2021,431009,"Pallaresos, els",Y073,73 anys,TOTAL,POP,21,,"https://api.idescat.cat/taules/v2/censph/10/5975/mun/data?lang=ca&YEAR=2021&MUN=430120,430430,430477,430509,430957,430976,431009,431037,431093,431114,431227,431264,431310,431359,431444,431482,431536,431649,431665,431711,439057,439076&SEX=TOTAL"
2021,431009,"Pallaresos, els",Y074,74 anys,TOTAL,POP,18,,"https://api.idescat.cat/taules/v2/censph/10/5975/mun/data?lang=ca&YEAR=2021&MUN=430120,430430,430477,430509,430957,430976,431009,431037,431093,431114,431227,431264,431310,431359,431444,431482,431536,431649,431665,431711,439057,439076&SEX=TOTAL"
2021,431009,"Pallaresos, els",Y075,75 anys,TOTAL,POP,26,,"https://api.idescat.cat/taules/v2/censph/10/5975/mun/data?lang=ca&YEAR=2021&MUN=430120,430430,430477,430509,430957,430976,431009,431037,431093,431114,431227,431264,431310,431359,431444,431482,431536,431649,431665,431711,439057,439076&SEX=TOTAL"
2021,431009,"Pallaresos, els",Y076,76 anys,TOTAL,POP,20.0,,"https://api.idescat.cat/taules/v2/censph/10/5975/mun/data?lang=ca&YEAR=2021&MUN=430120,430430,430477,430509,430957,430976,431009,431037,431093,431114,431227,431264,431310,431359,431444,431482,431536,431649,431665,431711,439057,439076&SEX=TOTAL"
2021,431009,"Pallaresos, els",Y077,77 anys,TOTAL,POP,19,,"https://api.idescat.cat/taules/v2/censph/10/5975/mun/data?lang=ca&YEAR=2021&MUN=430120,430430,430477,430509,430957,430976,431009,431037,431093,431114,431227,431264,431310,431359,431444,431482,431536,431649,431665,431711,439057,439076&SEX=TOTAL"
2021,431009,"Pallaresos, els",Y078,78 anys,TOTAL,POP,15,,"https://api.idescat.cat/taules/v2/censph/10/5975/mun/data?lang=ca&YEAR=2021&MUN=430120,430430,430477,430509,430957,430976,431009,431037,431093,431114,431227,431264,431310,431359,431444,431482,431536,431649,431665,431711,439057,439076&SEX=TOTAL"
2021,431009,"Pallaresos, els",Y079,79 anys,TOTAL,POP,13,,"https://api.idescat.cat/taules/v2/censph/10/5975/mun/data?lang=ca&YEAR=2021&MUN=430120,430430,430477,430509,430957,430976,431009,431037,431093,431114,431227,431264,431310,431359,431444,431482,431536,431649,431665,431711,439057,439076&SEX=TOTAL"
2021,431009,"Pallaresos, els",Y080,80 anys,TOTAL,POP,25,,"https://api.idescat.cat/taules/v2/censph/10/5975/mun/data?lang=ca&YEAR=2021&MUN=430120,430430,430477,430509,430957,430976,431009,431037,431093,431114,431227,431264,431310,431359,431444,431482,431536,431649,431665,431711,439057,439076&SEX=TOTAL"
2021,431009,"Pallaresos, els",Y081,81 anys,TOTAL,POP,10.0,,"https://api.idescat.cat/taules/v2/censph/10/5975/mun/data?lang=ca&YEAR=2021&MUN=430120,430430,430477,430509,430957,430976,431009,431037,431093,431114,431227,431264,431310,431359,431444,431482,431536,431649,431665,431711,439057,439076&SEX=TOTAL"
2021,431009,"Pallaresos, els",Y082,82 anys,TOTAL,POP,10.0,,"https://api.idescat.cat/taules/v2/censph/10/5975/mun/data?lang=ca&YEAR=2021&MUN=430120,430430,430477,430509,430957,430976,431009,431037,431093,431114,431227,431264,431310,431359,431444,431482,431536,431649,431665,431711,439057,439076&SEX=TOTAL"
2021,431009,"Pallaresos, els",Y083,83 anys,TOTAL,POP,11,,"https://api.idescat.cat/taules/v2/censph/10/5975/mun/data?lang=ca&YEAR=2021&MUN=430120,430430,430477,430509,430957,430976,431009,431037,431093,431114,431227,431264,431310,431359,431444,431482,431536,431649,431665,431711,439057,439076&SEX=TOTAL"
2021,431009,"Pallaresos, els",Y084,84 anys,TOTAL,POP,12,,"https://api.idescat.cat/taules/v2/censph/10/5975/mun/data?lang=ca&YEAR=2021&MUN=430120,430430,430477,430509,430957,430976,431009,431037,431093,431114,431227,431264,431310,431359,431444,431482,431536,431649,431665,431711,439057,439076&SEX=TOTAL"
2021,431009,"Pallaresos, els",Y085,85 anys,TOTAL,POP,10.0,,"https://api.idescat.cat/taules/v2/censph/10/5975/mun/data?lang=ca&YEAR=2021&MUN=430120,430430,430477,430509,430957,430976,431009,431037,431093,431114,431227,431264,431310,431359,431444,431482,431536,431649,431665,431711,439057,439076&SEX=TOTAL"
2021,431009,"Pallaresos, els",Y086,86 anys,TOTAL,POP,9,,"https://api.idescat.cat/taules/v2/censph/10/5975/mun/data?lang=ca&YEAR=2021&MUN=430120,430430,430477,430509,430957,430976,431009,431037,431093,431114,431227,431264,431310,431359,431444,431482,431536,431649,431665,431711,439057,439076&SEX=TOTAL"
2021,431009,"Pallaresos, els",Y087,87 anys,TOTAL,POP,13,,"https://api.idescat.cat/taules/v2/censph/10/5975/mun/data?lang=ca&YEAR=2021&MUN=430120,430430,430477,430509,430957,430976,431009,431037,431093,431114,431227,431264,431310,431359,431444,431482,431536,431649,431665,431711,439057,439076&SEX=TOTAL"
2021,431009,"Pallaresos, els",Y088,88 anys,TOTAL,POP,13,,"https://api.idescat.cat/taules/v2/censph/10/5975/mun/data?lang=ca&YEAR=2021&MUN=430120,430430,430477,430509,430957,430976,431009,431037,431093,431114,431227,431264,431310,431359,431444,431482,431536,431649,431665,431711,439057,439076&SEX=TOTAL"
2021,431009,"Pallaresos, els",Y089,89 anys,TOTAL,POP,7,,"https://api.idescat.cat/taules/v2/censph/10/5975/mun/data?lang=ca&YEAR=2021&MUN=430120,430430,430477,430509,430957,430976,431009,431037,431093,431114,431227,431264,431310,431359,431444,431482,431536,431649,431665,431711,439057,439076&SEX=TOTAL"
2021,431009,"Pallaresos, els",Y090,90 anys,TOTAL,POP,10.0,,"https://api.idescat.cat/taules/v2/censph/10/5975/mun/data?lang=ca&YEAR=2021&MUN=430120,430430,430477,430509,430957,430976,431009,431037,431093,431114,431227,431264,431310,431359,431444,431482,431536,431649,431665,431711,439057,439076&SEX=TOTAL"
2021,431009,"Pallaresos, els",Y091,91 anys,TOTAL,POP,5,,"https://api.idescat.cat/taules/v2/censph/10/5975/mun/data?lang=ca&YEAR=2021&MUN=430120,430430,430477,430509,430957,430976,431009,431037,431093,431114,431227,431264,431310,431359,431444,431482,431536,431649,431665,431711,439057,439076&SEX=TOTAL"
2021,431009,"Pallaresos, els",Y092,92 anys,TOTAL,POP,8,,"https://api.idescat.cat/taules/v2/censph/10/5975/mun/data?lang=ca&YEAR=2021&MUN=430120,430430,430477,430509,430957,430976,431009,431037,431093,431114,431227,431264,431310,431359,431444,431482,431536,431649,431665,431711,439057,439076&SEX=TOTAL"
2021,431009,"Pallaresos, els",Y093,93 anys,TOTAL,POP,3,,"https://api.idescat.cat/taules/v2/censph/10/5975/mun/data?lang=ca&YEAR=2021&MUN=430120,430430,430477,430509,430957,430976,431009,431037,431093,431114,431227,431264,431310,431359,431444,431482,431536,431649,431665,431711,439057,439076&SEX=TOTAL"
2021,431009,"Pallaresos, els",Y094,94 anys,TOTAL,POP,12,,"https://api.idescat.cat/taules/v2/censph/10/5975/mun/data?lang=ca&YEAR=2021&MUN=430120,430430,430477,430509,430957,430976,431009,431037,431093,431114,431227,431264,431310,431359,431444,431482,431536,431649,431665,431711,439057,439076&SEX=TOTAL"
2021,431009,"Pallaresos, els",Y095,95 anys,TOTAL,POP,1,,"https://api.idescat.cat/taules/v2/censph/10/5975/mun/data?lang=ca&YEAR=2021&MUN=430120,430430,430477,430509,430957,430976,431009,431037,431093,431114,431227,431264,431310,431359,431444,431482,431536,431649,431665,431711,439057,439076&SEX=TOTAL"
2021,431009,"Pallaresos, els",Y096,96 anys,TOTAL,POP,3,,"https://api.idescat.cat/taules/v2/censph/10/5975/mun/data?lang=ca&YEAR=2021&MUN=430120,430430,430477,430509,430957,430976,431009,431037,431093,431114,431227,431264,431310,431359,431444,431482,431536,431649,431665,431711,439057,439076&SEX=TOTAL"
2021,431009,"Pallaresos, els",Y097,97 anys,TOTAL,POP,3,,"https://api.idescat.cat/taules/v2/censph/10/5975/mun/data?lang=ca&YEAR=2021&MUN=430120,430430,430477,430509,430957,430976,431009,431037,431093,431114,431227,431264,431310,431359,431444,431482,431536,431649,431665,431711,439057,439076&SEX=TOTAL"
2021,431009,"Pallaresos, els",Y098,98 anys,TOTAL,POP,0,,"https://api.idescat.cat/taules/v2/censph/10/5975/mun/data?lang=ca&YEAR=2021&MUN=430120,430430,430477,430509,430957,430976,431009,431037,431093,431114,431227,431264,431310,431359,431444,431482,431536,431649,431665,431711,439057,439076&SEX=TOTAL"
2021,431009,"Pallaresos, els",Y099,99 anys,TOTAL,POP,0,,"https://api.idescat.cat/taules/v2/censph/10/5975/mun/data?lang=ca&YEAR=2021&MUN=430120,430430,430477,430509,430957,430976,431009,431037,431093,431114,431227,431264,431310,431359,431444,431482,431536,431649,431665,431711,439057,439076&SEX=TOTAL"
2021,431009,"Pallaresos, els",Y_GE100,100 anys o més,TOTAL,POP,1,,"https://api.idescat.cat/taules/v2/censph/10/5975/mun/data?lang=ca&YEAR=2021&MUN=430120,430430,430477,430509,430957,430976,431009,431037,431093,431114,431227,431264,431310,431359,431444,431482,431536,431649,431665,431711,439057,439076&SEX=TOTAL"
2021,431009,"Pallaresos, els",TOTAL,total,TOTAL,POP,4874,,"https://api.idescat.cat/taules/v2/censph/10/5975/mun/data?lang=ca&YEAR=2021&MUN=430120,430430,430477,430509,430957,430976,431009,431037,431093,431114,431227,431264,431310,431359,431444,431482,431536,431649,431665,431711,439057,439076&SEX=TOTAL"
2021,431037,Perafort,Y000,0 anys,TOTAL,POP,7,,"https://api.idescat.cat/taules/v2/censph/10/5975/mun/data?lang=ca&YEAR=2021&MUN=430120,430430,430477,430509,430957,430976,431009,431037,431093,431114,431227,431264,431310,431359,431444,431482,431536,431649,431665,431711,439057,439076&SEX=TOTAL"
2021,431037,Perafort,Y001,1 any,TOTAL,POP,12,,"https://api.idescat.cat/taules/v2/censph/10/5975/mun/data?lang=ca&YEAR=2021&MUN=430120,430430,430477,430509,430957,430976,431009,431037,431093,431114,431227,431264,431310,431359,431444,431482,431536,431649,431665,431711,439057,439076&SEX=TOTAL"
2021,431037,Perafort,Y002,2 anys,TOTAL,POP,15,,"https://api.idescat.cat/taules/v2/censph/10/5975/mun/data?lang=ca&YEAR=2021&MUN=430120,430430,430477,430509,430957,430976,431009,431037,431093,431114,431227,431264,431310,431359,431444,431482,431536,431649,431665,431711,439057,439076&SEX=TOTAL"
2021,431037,Perafort,Y003,3 anys,TOTAL,POP,11,,"https://api.idescat.cat/taules/v2/censph/10/5975/mun/data?lang=ca&YEAR=2021&MUN=430120,430430,430477,430509,430957,430976,431009,431037,431093,431114,431227,431264,431310,431359,431444,431482,431536,431649,431665,431711,439057,439076&SEX=TOTAL"
2021,431037,Perafort,Y004,4 anys,TOTAL,POP,6,,"https://api.idescat.cat/taules/v2/censph/10/5975/mun/data?lang=ca&YEAR=2021&MUN=430120,430430,430477,430509,430957,430976,431009,431037,431093,431114,431227,431264,431310,431359,431444,431482,431536,431649,431665,431711,439057,439076&SEX=TOTAL"
2021,431037,Perafort,Y005,5 anys,TOTAL,POP,14,,"https://api.idescat.cat/taules/v2/censph/10/5975/mun/data?lang=ca&YEAR=2021&MUN=430120,430430,430477,430509,430957,430976,431009,431037,431093,431114,431227,431264,431310,431359,431444,431482,431536,431649,431665,431711,439057,439076&SEX=TOTAL"
2021,431037,Perafort,Y006,6 anys,TOTAL,POP,13,,"https://api.idescat.cat/taules/v2/censph/10/5975/mun/data?lang=ca&YEAR=2021&MUN=430120,430430,430477,430509,430957,430976,431009,431037,431093,431114,431227,431264,431310,431359,431444,431482,431536,431649,431665,431711,439057,439076&SEX=TOTAL"
2021,431037,Perafort,Y007,7 anys,TOTAL,POP,18,,"https://api.idescat.cat/taules/v2/censph/10/5975/mun/data?lang=ca&YEAR=2021&MUN=430120,430430,430477,430509,430957,430976,431009,431037,431093,431114,431227,431264,431310,431359,431444,431482,431536,431649,431665,431711,439057,439076&SEX=TOTAL"
2021,431037,Perafort,Y008,8 anys,TOTAL,POP,25,,"https://api.idescat.cat/taules/v2/censph/10/5975/mun/data?lang=ca&YEAR=2021&MUN=430120,430430,430477,430509,430957,430976,431009,431037,431093,431114,431227,431264,431310,431359,431444,431482,431536,431649,431665,431711,439057,439076&SEX=TOTAL"
2021,431037,Perafort,Y009,9 anys,TOTAL,POP,14,,"https://api.idescat.cat/taules/v2/censph/10/5975/mun/data?lang=ca&YEAR=2021&MUN=430120,430430,430477,430509,430957,430976,431009,431037,431093,431114,431227,431264,431310,431359,431444,431482,431536,431649,431665,431711,439057,439076&SEX=TOTAL"
2021,431037,Perafort,Y010,10 anys,TOTAL,POP,28,,"https://api.idescat.cat/taules/v2/censph/10/5975/mun/data?lang=ca&YEAR=2021&MUN=430120,430430,430477,430509,430957,430976,431009,431037,431093,431114,431227,431264,431310,431359,431444,431482,431536,431649,431665,431711,439057,439076&SEX=TOTAL"
2021,431037,Perafort,Y011,11 anys,TOTAL,POP,17,,"https://api.idescat.cat/taules/v2/censph/10/5975/mun/data?lang=ca&YEAR=2021&MUN=430120,430430,430477,430509,430957,430976,431009,431037,431093,431114,431227,431264,431310,431359,431444,431482,431536,431649,431665,431711,439057,439076&SEX=TOTAL"
2021,431037,Perafort,Y012,12 anys,TOTAL,POP,24,,"https://api.idescat.cat/taules/v2/censph/10/5975/mun/data?lang=ca&YEAR=2021&MUN=430120,430430,430477,430509,430957,430976,431009,431037,431093,431114,431227,431264,431310,431359,431444,431482,431536,431649,431665,431711,439057,439076&SEX=TOTAL"
2021,431037,Perafort,Y013,13 anys,TOTAL,POP,14,,"https://api.idescat.cat/taules/v2/censph/10/5975/mun/data?lang=ca&YEAR=2021&MUN=430120,430430,430477,430509,430957,430976,431009,431037,431093,431114,431227,431264,431310,431359,431444,431482,431536,431649,431665,431711,439057,439076&SEX=TOTAL"
2021,431037,Perafort,Y014,14 anys,TOTAL,POP,22,,"https://api.idescat.cat/taules/v2/censph/10/5975/mun/data?lang=ca&YEAR=2021&MUN=430120,430430,430477,430509,430957,430976,431009,431037,431093,431114,431227,431264,431310,431359,431444,431482,431536,431649,431665,431711,439057,439076&SEX=TOTAL"
2021,431037,Perafort,Y015,15 anys,TOTAL,POP,22,,"https://api.idescat.cat/taules/v2/censph/10/5975/mun/data?lang=ca&YEAR=2021&MUN=430120,430430,430477,430509,430957,430976,431009,431037,431093,431114,431227,431264,431310,431359,431444,431482,431536,431649,431665,431711,439057,439076&SEX=TOTAL"
2021,431037,Perafort,Y016,16 anys,TOTAL,POP,14,,"https://api.idescat.cat/taules/v2/censph/10/5975/mun/data?lang=ca&YEAR=2021&MUN=430120,430430,430477,430509,430957,430976,431009,431037,431093,431114,431227,431264,431310,431359,431444,431482,431536,431649,431665,431711,439057,439076&SEX=TOTAL"
2021,431037,Perafort,Y017,17 anys,TOTAL,POP,17,,"https://api.idescat.cat/taules/v2/censph/10/5975/mun/data?lang=ca&YEAR=2021&MUN=430120,430430,430477,430509,430957,430976,431009,431037,431093,431114,431227,431264,431310,431359,431444,431482,431536,431649,431665,431711,439057,439076&SEX=TOTAL"
2021,431037,Perafort,Y018,18 anys,TOTAL,POP,14,,"https://api.idescat.cat/taules/v2/censph/10/5975/mun/data?lang=ca&YEAR=2021&MUN=430120,430430,430477,430509,430957,430976,431009,431037,431093,431114,431227,431264,431310,431359,431444,431482,431536,431649,431665,431711,439057,439076&SEX=TOTAL"
2021,431037,Perafort,Y019,19 anys,TOTAL,POP,13,,"https://api.idescat.cat/taules/v2/censph/10/5975/mun/data?lang=ca&YEAR=2021&MUN=430120,430430,430477,430509,430957,430976,431009,431037,431093,431114,431227,431264,431310,431359,431444,431482,431536,431649,431665,431711,439057,439076&SEX=TOTAL"
2021,431037,Perafort,Y020,20 anys,TOTAL,POP,14,,"https://api.idescat.cat/taules/v2/censph/10/5975/mun/data?lang=ca&YEAR=2021&MUN=430120,430430,430477,430509,430957,430976,431009,431037,431093,431114,431227,431264,431310,431359,431444,431482,431536,431649,431665,431711,439057,439076&SEX=TOTAL"
2021,431037,Perafort,Y021,21 anys,TOTAL,POP,17,,"https://api.idescat.cat/taules/v2/censph/10/5975/mun/data?lang=ca&YEAR=2021&MUN=430120,430430,430477,430509,430957,430976,431009,431037,431093,431114,431227,431264,431310,431359,431444,431482,431536,431649,431665,431711,439057,439076&SEX=TOTAL"
2021,431037,Perafort,Y022,22 anys,TOTAL,POP,14,,"https://api.idescat.cat/taules/v2/censph/10/5975/mun/data?lang=ca&YEAR=2021&MUN=430120,430430,430477,430509,430957,430976,431009,431037,431093,431114,431227,431264,431310,431359,431444,431482,431536,431649,431665,431711,439057,439076&SEX=TOTAL"
2021,431037,Perafort,Y023,23 anys,TOTAL,POP,14,,"https://api.idescat.cat/taules/v2/censph/10/5975/mun/data?lang=ca&YEAR=2021&MUN=430120,430430,430477,430509,430957,430976,431009,431037,431093,431114,431227,431264,431310,431359,431444,431482,431536,431649,431665,431711,439057,439076&SEX=TOTAL"
2021,431037,Perafort,Y024,24 anys,TOTAL,POP,11,,"https://api.idescat.cat/taules/v2/censph/10/5975/mun/data?lang=ca&YEAR=2021&MUN=430120,430430,430477,430509,430957,430976,431009,431037,431093,431114,431227,431264,431310,431359,431444,431482,431536,431649,431665,431711,439057,439076&SEX=TOTAL"
2021,431037,Perafort,Y025,25 anys,TOTAL,POP,6,,"https://api.idescat.cat/taules/v2/censph/10/5975/mun/data?lang=ca&YEAR=2021&MUN=430120,430430,430477,430509,430957,430976,431009,431037,431093,431114,431227,431264,431310,431359,431444,431482,431536,431649,431665,431711,439057,439076&SEX=TOTAL"
2021,431037,Perafort,Y026,26 anys,TOTAL,POP,10.0,,"https://api.idescat.cat/taules/v2/censph/10/5975/mun/data?lang=ca&YEAR=2021&MUN=430120,430430,430477,430509,430957,430976,431009,431037,431093,431114,431227,431264,431310,431359,431444,431482,431536,431649,431665,431711,439057,439076&SEX=TOTAL"
2021,431037,Perafort,Y027,27 anys,TOTAL,POP,8,,"https://api.idescat.cat/taules/v2/censph/10/5975/mun/data?lang=ca&YEAR=2021&MUN=430120,430430,430477,430509,430957,430976,431009,431037,431093,431114,431227,431264,431310,431359,431444,431482,431536,431649,431665,431711,439057,439076&SEX=TOTAL"
2021,431037,Perafort,Y028,28 anys,TOTAL,POP,9,,"https://api.idescat.cat/taules/v2/censph/10/5975/mun/data?lang=ca&YEAR=2021&MUN=430120,430430,430477,430509,430957,430976,431009,431037,431093,431114,431227,431264,431310,431359,431444,431482,431536,431649,431665,431711,439057,439076&SEX=TOTAL"
2021,431037,Perafort,Y029,29 anys,TOTAL,POP,15,,"https://api.idescat.cat/taules/v2/censph/10/5975/mun/data?lang=ca&YEAR=2021&MUN=430120,430430,430477,430509,430957,430976,431009,431037,431093,431114,431227,431264,431310,431359,431444,431482,431536,431649,431665,431711,439057,439076&SEX=TOTAL"
2021,431037,Perafort,Y030,30 anys,TOTAL,POP,10.0,,"https://api.idescat.cat/taules/v2/censph/10/5975/mun/data?lang=ca&YEAR=2021&MUN=430120,430430,430477,430509,430957,430976,431009,431037,431093,431114,431227,431264,431310,431359,431444,431482,431536,431649,431665,431711,439057,439076&SEX=TOTAL"
2021,431037,Perafort,Y031,31 anys,TOTAL,POP,14,,"https://api.idescat.cat/taules/v2/censph/10/5975/mun/data?lang=ca&YEAR=2021&MUN=430120,430430,430477,430509,430957,430976,431009,431037,431093,431114,431227,431264,431310,431359,431444,431482,431536,431649,431665,431711,439057,439076&SEX=TOTAL"
2021,431037,Perafort,Y032,32 anys,TOTAL,POP,13,,"https://api.idescat.cat/taules/v2/censph/10/5975/mun/data?lang=ca&YEAR=2021&MUN=430120,430430,430477,430509,430957,430976,431009,431037,431093,431114,431227,431264,431310,431359,431444,431482,431536,431649,431665,431711,439057,439076&SEX=TOTAL"
2021,431037,Perafort,Y033,33 anys,TOTAL,POP,17,,"https://api.idescat.cat/taules/v2/censph/10/5975/mun/data?lang=ca&YEAR=2021&MUN=430120,430430,430477,430509,430957,430976,431009,431037,431093,431114,431227,431264,431310,431359,431444,431482,431536,431649,431665,431711,439057,439076&SEX=TOTAL"
2021,431037,Perafort,Y034,34 anys,TOTAL,POP,12,,"https://api.idescat.cat/taules/v2/censph/10/5975/mun/data?lang=ca&YEAR=2021&MUN=430120,430430,430477,430509,430957,430976,431009,431037,431093,431114,431227,431264,431310,431359,431444,431482,431536,431649,431665,431711,439057,439076&SEX=TOTAL"
2021,431037,Perafort,Y035,35 anys,TOTAL,POP,13,,"https://api.idescat.cat/taules/v2/censph/10/5975/mun/data?lang=ca&YEAR=2021&MUN=430120,430430,430477,430509,430957,430976,431009,431037,431093,431114,431227,431264,431310,431359,431444,431482,431536,431649,431665,431711,439057,439076&SEX=TOTAL"
2021,431037,Perafort,Y036,36 anys,TOTAL,POP,19,,"https://api.idescat.cat/taules/v2/censph/10/5975/mun/data?lang=ca&YEAR=2021&MUN=430120,430430,430477,430509,430957,430976,431009,431037,431093,431114,431227,431264,431310,431359,431444,431482,431536,431649,431665,431711,439057,439076&SEX=TOTAL"
2021,431037,Perafort,Y037,37 anys,TOTAL,POP,27,,"https://api.idescat.cat/taules/v2/censph/10/5975/mun/data?lang=ca&YEAR=2021&MUN=430120,430430,430477,430509,430957,430976,431009,431037,431093,431114,431227,431264,431310,431359,431444,431482,431536,431649,431665,431711,439057,439076&SEX=TOTAL"
2021,431037,Perafort,Y038,38 anys,TOTAL,POP,22,,"https://api.idescat.cat/taules/v2/censph/10/5975/mun/data?lang=ca&YEAR=2021&MUN=430120,430430,430477,430509,430957,430976,431009,431037,431093,431114,431227,431264,431310,431359,431444,431482,431536,431649,431665,431711,439057,439076&SEX=TOTAL"
2021,431037,Perafort,Y039,39 anys,TOTAL,POP,30.0,,"https://api.idescat.cat/taules/v2/censph/10/5975/mun/data?lang=ca&YEAR=2021&MUN=430120,430430,430477,430509,430957,430976,431009,431037,431093,431114,431227,431264,431310,431359,431444,431482,431536,431649,431665,431711,439057,439076&SEX=TOTAL"
2021,431037,Perafort,Y040,40 anys,TOTAL,POP,24,,"https://api.idescat.cat/taules/v2/censph/10/5975/mun/data?lang=ca&YEAR=2021&MUN=430120,430430,430477,430509,430957,430976,431009,431037,431093,431114,431227,431264,431310,431359,431444,431482,431536,431649,431665,431711,439057,439076&SEX=TOTAL"
2021,431037,Perafort,Y041,41 anys,TOTAL,POP,28,,"https://api.idescat.cat/taules/v2/censph/10/5975/mun/data?lang=ca&YEAR=2021&MUN=430120,430430,430477,430509,430957,430976,431009,431037,431093,431114,431227,431264,431310,431359,431444,431482,431536,431649,431665,431711,439057,439076&SEX=TOTAL"
2021,431037,Perafort,Y042,42 anys,TOTAL,POP,29,,"https://api.idescat.cat/taules/v2/censph/10/5975/mun/data?lang=ca&YEAR=2021&MUN=430120,430430,430477,430509,430957,430976,431009,431037,431093,431114,431227,431264,431310,431359,431444,431482,431536,431649,431665,431711,439057,439076&SEX=TOTAL"
2021,431037,Perafort,Y043,43 anys,TOTAL,POP,38,,"https://api.idescat.cat/taules/v2/censph/10/5975/mun/data?lang=ca&YEAR=2021&MUN=430120,430430,430477,430509,430957,430976,431009,431037,431093,431114,431227,431264,431310,431359,431444,431482,431536,431649,431665,431711,439057,439076&SEX=TOTAL"
2021,431037,Perafort,Y044,44 anys,TOTAL,POP,39,,"https://api.idescat.cat/taules/v2/censph/10/5975/mun/data?lang=ca&YEAR=2021&MUN=430120,430430,430477,430509,430957,430976,431009,431037,431093,431114,431227,431264,431310,431359,431444,431482,431536,431649,431665,431711,439057,439076&SEX=TOTAL"
2021,431037,Perafort,Y045,45 anys,TOTAL,POP,25,,"https://api.idescat.cat/taules/v2/censph/10/5975/mun/data?lang=ca&YEAR=2021&MUN=430120,430430,430477,430509,430957,430976,431009,431037,431093,431114,431227,431264,431310,431359,431444,431482,431536,431649,431665,431711,439057,439076&SEX=TOTAL"
2021,431037,Perafort,Y046,46 anys,TOTAL,POP,26,,"https://api.idescat.cat/taules/v2/censph/10/5975/mun/data?lang=ca&YEAR=2021&MUN=430120,430430,430477,430509,430957,430976,431009,431037,431093,431114,431227,431264,431310,431359,431444,431482,431536,431649,431665,431711,439057,439076&SEX=TOTAL"
2021,431037,Perafort,Y047,47 anys,TOTAL,POP,25,,"https://api.idescat.cat/taules/v2/censph/10/5975/mun/data?lang=ca&YEAR=2021&MUN=430120,430430,430477,430509,430957,430976,431009,431037,431093,431114,431227,431264,431310,431359,431444,431482,431536,431649,431665,431711,439057,439076&SEX=TOTAL"
2021,431037,Perafort,Y048,48 anys,TOTAL,POP,24,,"https://api.idescat.cat/taules/v2/censph/10/5975/mun/data?lang=ca&YEAR=2021&MUN=430120,430430,430477,430509,430957,430976,431009,431037,431093,431114,431227,431264,431310,431359,431444,431482,431536,431649,431665,431711,439057,439076&SEX=TOTAL"
2021,431037,Perafort,Y049,49 anys,TOTAL,POP,22,,"https://api.idescat.cat/taules/v2/censph/10/5975/mun/data?lang=ca&YEAR=2021&MUN=430120,430430,430477,430509,430957,430976,431009,431037,431093,431114,431227,431264,431310,431359,431444,431482,431536,431649,431665,431711,439057,439076&SEX=TOTAL"
2021,431037,Perafort,Y050,50 anys,TOTAL,POP,18,,"https://api.idescat.cat/taules/v2/censph/10/5975/mun/data?lang=ca&YEAR=2021&MUN=430120,430430,430477,430509,430957,430976,431009,431037,431093,431114,431227,431264,431310,431359,431444,431482,431536,431649,431665,431711,439057,439076&SEX=TOTAL"
2021,431037,Perafort,Y051,51 anys,TOTAL,POP,31,,"https://api.idescat.cat/taules/v2/censph/10/5975/mun/data?lang=ca&YEAR=2021&MUN=430120,430430,430477,430509,430957,430976,431009,431037,431093,431114,431227,431264,431310,431359,431444,431482,431536,431649,431665,431711,439057,439076&SEX=TOTAL"
2021,431037,Perafort,Y052,52 anys,TOTAL,POP,22,,"https://api.idescat.cat/taules/v2/censph/10/5975/mun/data?lang=ca&YEAR=2021&MUN=430120,430430,430477,430509,430957,430976,431009,431037,431093,431114,431227,431264,431310,431359,431444,431482,431536,431649,431665,431711,439057,439076&SEX=TOTAL"
2021,431037,Perafort,Y053,53 anys,TOTAL,POP,16,,"https://api.idescat.cat/taules/v2/censph/10/5975/mun/data?lang=ca&YEAR=2021&MUN=430120,430430,430477,430509,430957,430976,431009,431037,431093,431114,431227,431264,431310,431359,431444,431482,431536,431649,431665,431711,439057,439076&SEX=TOTAL"
2021,431037,Perafort,Y054,54 anys,TOTAL,POP,23,,"https://api.idescat.cat/taules/v2/censph/10/5975/mun/data?lang=ca&YEAR=2021&MUN=430120,430430,430477,430509,430957,430976,431009,431037,431093,431114,431227,431264,431310,431359,431444,431482,431536,431649,431665,431711,439057,439076&SEX=TOTAL"
2021,431037,Perafort,Y055,55 anys,TOTAL,POP,12,,"https://api.idescat.cat/taules/v2/censph/10/5975/mun/data?lang=ca&YEAR=2021&MUN=430120,430430,430477,430509,430957,430976,431009,431037,431093,431114,431227,431264,431310,431359,431444,431482,431536,431649,431665,431711,439057,439076&SEX=TOTAL"
2021,431037,Perafort,Y056,56 anys,TOTAL,POP,16,,"https://api.idescat.cat/taules/v2/censph/10/5975/mun/data?lang=ca&YEAR=2021&MUN=430120,430430,430477,430509,430957,430976,431009,431037,431093,431114,431227,431264,431310,431359,431444,431482,431536,431649,431665,431711,439057,439076&SEX=TOTAL"
2021,431037,Perafort,Y057,57 anys,TOTAL,POP,12,,"https://api.idescat.cat/taules/v2/censph/10/5975/mun/data?lang=ca&YEAR=2021&MUN=430120,430430,430477,430509,430957,430976,431009,431037,431093,431114,431227,431264,431310,431359,431444,431482,431536,431649,431665,431711,439057,439076&SEX=TOTAL"
2021,431037,Perafort,Y058,58 anys,TOTAL,POP,15,,"https://api.idescat.cat/taules/v2/censph/10/5975/mun/data?lang=ca&YEAR=2021&MUN=430120,430430,430477,430509,430957,430976,431009,431037,431093,431114,431227,431264,431310,431359,431444,431482,431536,431649,431665,431711,439057,439076&SEX=TOTAL"
2021,431037,Perafort,Y059,59 anys,TOTAL,POP,11,,"https://api.idescat.cat/taules/v2/censph/10/5975/mun/data?lang=ca&YEAR=2021&MUN=430120,430430,430477,430509,430957,430976,431009,431037,431093,431114,431227,431264,431310,431359,431444,431482,431536,431649,431665,431711,439057,439076&SEX=TOTAL"
2021,431037,Perafort,Y060,60 anys,TOTAL,POP,13,,"https://api.idescat.cat/taules/v2/censph/10/5975/mun/data?lang=ca&YEAR=2021&MUN=430120,430430,430477,430509,430957,430976,431009,431037,431093,431114,431227,431264,431310,431359,431444,431482,431536,431649,431665,431711,439057,439076&SEX=TOTAL"
2021,431037,Perafort,Y061,61 anys,TOTAL,POP,12,,"https://api.idescat.cat/taules/v2/censph/10/5975/mun/data?lang=ca&YEAR=2021&MUN=430120,430430,430477,430509,430957,430976,431009,431037,431093,431114,431227,431264,431310,431359,431444,431482,431536,431649,431665,431711,439057,439076&SEX=TOTAL"
2021,431037,Perafort,Y062,62 anys,TOTAL,POP,13,,"https://api.idescat.cat/taules/v2/censph/10/5975/mun/data?lang=ca&YEAR=2021&MUN=430120,430430,430477,430509,430957,430976,431009,431037,431093,431114,431227,431264,431310,431359,431444,431482,431536,431649,431665,431711,439057,439076&SEX=TOTAL"
2021,431037,Perafort,Y063,63 anys,TOTAL,POP,14,,"https://api.idescat.cat/taules/v2/censph/10/5975/mun/data?lang=ca&YEAR=2021&MUN=430120,430430,430477,430509,430957,430976,431009,431037,431093,431114,431227,431264,431310,431359,431444,431482,431536,431649,431665,431711,439057,439076&SEX=TOTAL"
2021,431037,Perafort,Y064,64 anys,TOTAL,POP,10.0,,"https://api.idescat.cat/taules/v2/censph/10/5975/mun/data?lang=ca&YEAR=2021&MUN=430120,430430,430477,430509,430957,430976,431009,431037,431093,431114,431227,431264,431310,431359,431444,431482,431536,431649,431665,431711,439057,439076&SEX=TOTAL"
2021,431037,Perafort,Y065,65 anys,TOTAL,POP,6,,"https://api.idescat.cat/taules/v2/censph/10/5975/mun/data?lang=ca&YEAR=2021&MUN=430120,430430,430477,430509,430957,430976,431009,431037,431093,431114,431227,431264,431310,431359,431444,431482,431536,431649,431665,431711,439057,439076&SEX=TOTAL"
2021,431037,Perafort,Y066,66 anys,TOTAL,POP,9,,"https://api.idescat.cat/taules/v2/censph/10/5975/mun/data?lang=ca&YEAR=2021&MUN=430120,430430,430477,430509,430957,430976,431009,431037,431093,431114,431227,431264,431310,431359,431444,431482,431536,431649,431665,431711,439057,439076&SEX=TOTAL"
2021,431037,Perafort,Y067,67 anys,TOTAL,POP,5,,"https://api.idescat.cat/taules/v2/censph/10/5975/mun/data?lang=ca&YEAR=2021&MUN=430120,430430,430477,430509,430957,430976,431009,431037,431093,431114,431227,431264,431310,431359,431444,431482,431536,431649,431665,431711,439057,439076&SEX=TOTAL"
2021,431037,Perafort,Y068,68 anys,TOTAL,POP,6,,"https://api.idescat.cat/taules/v2/censph/10/5975/mun/data?lang=ca&YEAR=2021&MUN=430120,430430,430477,430509,430957,430976,431009,431037,431093,431114,431227,431264,431310,431359,431444,431482,431536,431649,431665,431711,439057,439076&SEX=TOTAL"
2021,431037,Perafort,Y069,69 anys,TOTAL,POP,9,,"https://api.idescat.cat/taules/v2/censph/10/5975/mun/data?lang=ca&YEAR=2021&MUN=430120,430430,430477,430509,430957,430976,431009,431037,431093,431114,431227,431264,431310,431359,431444,431482,431536,431649,431665,431711,439057,439076&SEX=TOTAL"
2021,431037,Perafort,Y070,70 anys,TOTAL,POP,11,,"https://api.idescat.cat/taules/v2/censph/10/5975/mun/data?lang=ca&YEAR=2021&MUN=430120,430430,430477,430509,430957,430976,431009,431037,431093,431114,431227,431264,431310,431359,431444,431482,431536,431649,431665,431711,439057,439076&SEX=TOTAL"
2021,431037,Perafort,Y071,71 anys,TOTAL,POP,11,,"https://api.idescat.cat/taules/v2/censph/10/5975/mun/data?lang=ca&YEAR=2021&MUN=430120,430430,430477,430509,430957,430976,431009,431037,431093,431114,431227,431264,431310,431359,431444,431482,431536,431649,431665,431711,439057,439076&SEX=TOTAL"
2021,431037,Perafort,Y072,72 anys,TOTAL,POP,8,,"https://api.idescat.cat/taules/v2/censph/10/5975/mun/data?lang=ca&YEAR=2021&MUN=430120,430430,430477,430509,430957,430976,431009,431037,431093,431114,431227,431264,431310,431359,431444,431482,431536,431649,431665,431711,439057,439076&SEX=TOTAL"
2021,431037,Perafort,Y073,73 anys,TOTAL,POP,6,,"https://api.idescat.cat/taules/v2/censph/10/5975/mun/data?lang=ca&YEAR=2021&MUN=430120,430430,430477,430509,430957,430976,431009,431037,431093,431114,431227,431264,431310,431359,431444,431482,431536,431649,431665,431711,439057,439076&SEX=TOTAL"
2021,431037,Perafort,Y074,74 anys,TOTAL,POP,7,,"https://api.idescat.cat/taules/v2/censph/10/5975/mun/data?lang=ca&YEAR=2021&MUN=430120,430430,430477,430509,430957,430976,431009,431037,431093,431114,431227,431264,431310,431359,431444,431482,431536,431649,431665,431711,439057,439076&SEX=TOTAL"
2021,431037,Perafort,Y075,75 anys,TOTAL,POP,11,,"https://api.idescat.cat/taules/v2/censph/10/5975/mun/data?lang=ca&YEAR=2021&MUN=430120,430430,430477,430509,430957,430976,431009,431037,431093,431114,431227,431264,431310,431359,431444,431482,431536,431649,431665,431711,439057,439076&SEX=TOTAL"
2021,431037,Perafort,Y076,76 anys,TOTAL,POP,7,,"https://api.idescat.cat/taules/v2/censph/10/5975/mun/data?lang=ca&YEAR=2021&MUN=430120,430430,430477,430509,430957,430976,431009,431037,431093,431114,431227,431264,431310,431359,431444,431482,431536,431649,431665,431711,439057,439076&SEX=TOTAL"
2021,431037,Perafort,Y077,77 anys,TOTAL,POP,5,,"https://api.idescat.cat/taules/v2/censph/10/5975/mun/data?lang=ca&YEAR=2021&MUN=430120,430430,430477,430509,430957,430976,431009,431037,431093,431114,431227,431264,431310,431359,431444,431482,431536,431649,431665,431711,439057,439076&SEX=TOTAL"
2021,431037,Perafort,Y078,78 anys,TOTAL,POP,3,,"https://api.idescat.cat/taules/v2/censph/10/5975/mun/data?lang=ca&YEAR=2021&MUN=430120,430430,430477,430509,430957,430976,431009,431037,431093,431114,431227,431264,431310,431359,431444,431482,431536,431649,431665,431711,439057,439076&SEX=TOTAL"
2021,431037,Perafort,Y079,79 anys,TOTAL,POP,5,,"https://api.idescat.cat/taules/v2/censph/10/5975/mun/data?lang=ca&YEAR=2021&MUN=430120,430430,430477,430509,430957,430976,431009,431037,431093,431114,431227,431264,431310,431359,431444,431482,431536,431649,431665,431711,439057,439076&SEX=TOTAL"
2021,431037,Perafort,Y080,80 anys,TOTAL,POP,7,,"https://api.idescat.cat/taules/v2/censph/10/5975/mun/data?lang=ca&YEAR=2021&MUN=430120,430430,430477,430509,430957,430976,431009,431037,431093,431114,431227,431264,431310,431359,431444,431482,431536,431649,431665,431711,439057,439076&SEX=TOTAL"
2021,431037,Perafort,Y081,81 anys,TOTAL,POP,4,,"https://api.idescat.cat/taules/v2/censph/10/5975/mun/data?lang=ca&YEAR=2021&MUN=430120,430430,430477,430509,430957,430976,431009,431037,431093,431114,431227,431264,431310,431359,431444,431482,431536,431649,431665,431711,439057,439076&SEX=TOTAL"
2021,431037,Perafort,Y082,82 anys,TOTAL,POP,2,,"https://api.idescat.cat/taules/v2/censph/10/5975/mun/data?lang=ca&YEAR=2021&MUN=430120,430430,430477,430509,430957,430976,431009,431037,431093,431114,431227,431264,431310,431359,431444,431482,431536,431649,431665,431711,439057,439076&SEX=TOTAL"
2021,431037,Perafort,Y083,83 anys,TOTAL,POP,6,,"https://api.idescat.cat/taules/v2/censph/10/5975/mun/data?lang=ca&YEAR=2021&MUN=430120,430430,430477,430509,430957,430976,431009,431037,431093,431114,431227,431264,431310,431359,431444,431482,431536,431649,431665,431711,439057,439076&SEX=TOTAL"
2021,431037,Perafort,Y084,84 anys,TOTAL,POP,6,,"https://api.idescat.cat/taules/v2/censph/10/5975/mun/data?lang=ca&YEAR=2021&MUN=430120,430430,430477,430509,430957,430976,431009,431037,431093,431114,431227,431264,431310,431359,431444,431482,431536,431649,431665,431711,439057,439076&SEX=TOTAL"
2021,431037,Perafort,Y085,85 anys,TOTAL,POP,5,,"https://api.idescat.cat/taules/v2/censph/10/5975/mun/data?lang=ca&YEAR=2021&MUN=430120,430430,430477,430509,430957,430976,431009,431037,431093,431114,431227,431264,431310,431359,431444,431482,431536,431649,431665,431711,439057,439076&SEX=TOTAL"
2021,431037,Perafort,Y086,86 anys,TOTAL,POP,0,,"https://api.idescat.cat/taules/v2/censph/10/5975/mun/data?lang=ca&YEAR=2021&MUN=430120,430430,430477,430509,430957,430976,431009,431037,431093,431114,431227,431264,431310,431359,431444,431482,431536,431649,431665,431711,439057,439076&SEX=TOTAL"
2021,431037,Perafort,Y087,87 anys,TOTAL,POP,3,,"https://api.idescat.cat/taules/v2/censph/10/5975/mun/data?lang=ca&YEAR=2021&MUN=430120,430430,430477,430509,430957,430976,431009,431037,431093,431114,431227,431264,431310,431359,431444,431482,431536,431649,431665,431711,439057,439076&SEX=TOTAL"
2021,431037,Perafort,Y088,88 anys,TOTAL,POP,4,,"https://api.idescat.cat/taules/v2/censph/10/5975/mun/data?lang=ca&YEAR=2021&MUN=430120,430430,430477,430509,430957,430976,431009,431037,431093,431114,431227,431264,431310,431359,431444,431482,431536,431649,431665,431711,439057,439076&SEX=TOTAL"
2021,431037,Perafort,Y089,89 anys,TOTAL,POP,1,,"https://api.idescat.cat/taules/v2/censph/10/5975/mun/data?lang=ca&YEAR=2021&MUN=430120,430430,430477,430509,430957,430976,431009,431037,431093,431114,431227,431264,431310,431359,431444,431482,431536,431649,431665,431711,439057,439076&SEX=TOTAL"
2021,431037,Perafort,Y090,90 anys,TOTAL,POP,2,,"https://api.idescat.cat/taules/v2/censph/10/5975/mun/data?lang=ca&YEAR=2021&MUN=430120,430430,430477,430509,430957,430976,431009,431037,431093,431114,431227,431264,431310,431359,431444,431482,431536,431649,431665,431711,439057,439076&SEX=TOTAL"
2021,431037,Perafort,Y091,91 anys,TOTAL,POP,1,,"https://api.idescat.cat/taules/v2/censph/10/5975/mun/data?lang=ca&YEAR=2021&MUN=430120,430430,430477,430509,430957,430976,431009,431037,431093,431114,431227,431264,431310,431359,431444,431482,431536,431649,431665,431711,439057,439076&SEX=TOTAL"
2021,431037,Perafort,Y092,92 anys,TOTAL,POP,2,,"https://api.idescat.cat/taules/v2/censph/10/5975/mun/data?lang=ca&YEAR=2021&MUN=430120,430430,430477,430509,430957,430976,431009,431037,431093,431114,431227,431264,431310,431359,431444,431482,431536,431649,431665,431711,439057,439076&SEX=TOTAL"
2021,431037,Perafort,Y093,93 anys,TOTAL,POP,1,,"https://api.idescat.cat/taules/v2/censph/10/5975/mun/data?lang=ca&YEAR=2021&MUN=430120,430430,430477,430509,430957,430976,431009,431037,431093,431114,431227,431264,431310,431359,431444,431482,431536,431649,431665,431711,439057,439076&SEX=TOTAL"
2021,431037,Perafort,Y094,94 anys,TOTAL,POP,0,,"https://api.idescat.cat/taules/v2/censph/10/5975/mun/data?lang=ca&YEAR=2021&MUN=430120,430430,430477,430509,430957,430976,431009,431037,431093,431114,431227,431264,431310,431359,431444,431482,431536,431649,431665,431711,439057,439076&SEX=TOTAL"
2021,431037,Perafort,Y095,95 anys,TOTAL,POP,1,,"https://api.idescat.cat/taules/v2/censph/10/5975/mun/data?lang=ca&YEAR=2021&MUN=430120,430430,430477,430509,430957,430976,431009,431037,431093,431114,431227,431264,431310,431359,431444,431482,431536,431649,431665,431711,439057,439076&SEX=TOTAL"
2021,431037,Perafort,Y096,96 anys,TOTAL,POP,0,,"https://api.idescat.cat/taules/v2/censph/10/5975/mun/data?lang=ca&YEAR=2021&MUN=430120,430430,430477,430509,430957,430976,431009,431037,431093,431114,431227,431264,431310,431359,431444,431482,431536,431649,431665,431711,439057,439076&SEX=TOTAL"
2021,431037,Perafort,Y097,97 anys,TOTAL,POP,0,,"https://api.idescat.cat/taules/v2/censph/10/5975/mun/data?lang=ca&YEAR=2021&MUN=430120,430430,430477,430509,430957,430976,431009,431037,431093,431114,431227,431264,431310,431359,431444,431482,431536,431649,431665,431711,439057,439076&SEX=TOTAL"
2021,431037,Perafort,Y098,98 anys,TOTAL,POP,0,,"https://api.idescat.cat/taules/v2/censph/10/5975/mun/data?lang=ca&YEAR=2021&MUN=430120,430430,430477,430509,430957,430976,431009,431037,431093,431114,431227,431264,431310,431359,431444,431482,431536,431649,431665,431711,439057,439076&SEX=TOTAL"
2021,431037,Perafort,Y099,99 anys,TOTAL,POP,0,,"https://api.idescat.cat/taules/v2/censph/10/5975/mun/data?lang=ca&YEAR=2021&MUN=430120,430430,430477,430509,430957,430976,431009,431037,431093,431114,431227,431264,431310,431359,431444,431482,431536,431649,431665,431711,439057,439076&SEX=TOTAL"
2021,431037,Perafort,Y_GE100,100 anys o més,TOTAL,POP,0,,"https://api.idescat.cat/taules/v2/censph/10/5975/mun/data?lang=ca&YEAR=2021&MUN=430120,430430,430477,430509,430957,430976,431009,431037,431093,431114,431227,431264,431310,431359,431444,431482,431536,431649,431665,431711,439057,439076&SEX=TOTAL"
2021,431037,Perafort,TOTAL,total,TOTAL,POP,1287,,"https://api.idescat.cat/taules/v2/censph/10/5975/mun/data?lang=ca&YEAR=2021&MUN=430120,430430,430477,430509,430957,430976,431009,431037,431093,431114,431227,431264,431310,431359,431444,431482,431536,431649,431665,431711,439057,439076&SEX=TOTAL"
2021,431093,"Pobla de Mafumet, la",Y000,0 anys,TOTAL,POP,61,,"https://api.idescat.cat/taules/v2/censph/10/5975/mun/data?lang=ca&YEAR=2021&MUN=430120,430430,430477,430509,430957,430976,431009,431037,431093,431114,431227,431264,431310,431359,431444,431482,431536,431649,431665,431711,439057,439076&SEX=TOTAL"
2021,431093,"Pobla de Mafumet, la",Y001,1 any,TOTAL,POP,58,,"https://api.idescat.cat/taules/v2/censph/10/5975/mun/data?lang=ca&YEAR=2021&MUN=430120,430430,430477,430509,430957,430976,431009,431037,431093,431114,431227,431264,431310,431359,431444,431482,431536,431649,431665,431711,439057,439076&SEX=TOTAL"
2021,431093,"Pobla de Mafumet, la",Y002,2 anys,TOTAL,POP,65,,"https://api.idescat.cat/taules/v2/censph/10/5975/mun/data?lang=ca&YEAR=2021&MUN=430120,430430,430477,430509,430957,430976,431009,431037,431093,431114,431227,431264,431310,431359,431444,431482,431536,431649,431665,431711,439057,439076&SEX=TOTAL"
2021,431093,"Pobla de Mafumet, la",Y003,3 anys,TOTAL,POP,50.0,,"https://api.idescat.cat/taules/v2/censph/10/5975/mun/data?lang=ca&YEAR=2021&MUN=430120,430430,430477,430509,430957,430976,431009,431037,431093,431114,431227,431264,431310,431359,431444,431482,431536,431649,431665,431711,439057,439076&SEX=TOTAL"
2021,431093,"Pobla de Mafumet, la",Y004,4 anys,TOTAL,POP,60.0,,"https://api.idescat.cat/taules/v2/censph/10/5975/mun/data?lang=ca&YEAR=2021&MUN=430120,430430,430477,430509,430957,430976,431009,431037,431093,431114,431227,431264,431310,431359,431444,431482,431536,431649,431665,431711,439057,439076&SEX=TOTAL"
2021,431093,"Pobla de Mafumet, la",Y005,5 anys,TOTAL,POP,73,,"https://api.idescat.cat/taules/v2/censph/10/5975/mun/data?lang=ca&YEAR=2021&MUN=430120,430430,430477,430509,430957,430976,431009,431037,431093,431114,431227,431264,431310,431359,431444,431482,431536,431649,431665,431711,439057,439076&SEX=TOTAL"
2021,431093,"Pobla de Mafumet, la",Y006,6 anys,TOTAL,POP,67,,"https://api.idescat.cat/taules/v2/censph/10/5975/mun/data?lang=ca&YEAR=2021&MUN=430120,430430,430477,430509,430957,430976,431009,431037,431093,431114,431227,431264,431310,431359,431444,431482,431536,431649,431665,431711,439057,439076&SEX=TOTAL"
2021,431093,"Pobla de Mafumet, la",Y007,7 anys,TOTAL,POP,56,,"https://api.idescat.cat/taules/v2/censph/10/5975/mun/data?lang=ca&YEAR=2021&MUN=430120,430430,430477,430509,430957,430976,431009,431037,431093,431114,431227,431264,431310,431359,431444,431482,431536,431649,431665,431711,439057,439076&SEX=TOTAL"
2021,431093,"Pobla de Mafumet, la",Y008,8 anys,TOTAL,POP,73,,"https://api.idescat.cat/taules/v2/censph/10/5975/mun/data?lang=ca&YEAR=2021&MUN=430120,430430,430477,430509,430957,430976,431009,431037,431093,431114,431227,431264,431310,431359,431444,431482,431536,431649,431665,431711,439057,439076&SEX=TOTAL"
2021,431093,"Pobla de Mafumet, la",Y009,9 anys,TOTAL,POP,63,,"https://api.idescat.cat/taules/v2/censph/10/5975/mun/data?lang=ca&YEAR=2021&MUN=430120,430430,430477,430509,430957,430976,431009,431037,431093,431114,431227,431264,431310,431359,431444,431482,431536,431649,431665,431711,439057,439076&SEX=TOTAL"
2021,431093,"Pobla de Mafumet, la",Y010,10 anys,TOTAL,POP,62,,"https://api.idescat.cat/taules/v2/censph/10/5975/mun/data?lang=ca&YEAR=2021&MUN=430120,430430,430477,430509,430957,430976,431009,431037,431093,431114,431227,431264,431310,431359,431444,431482,431536,431649,431665,431711,439057,439076&SEX=TOTAL"
2021,431093,"Pobla de Mafumet, la",Y011,11 anys,TOTAL,POP,54,,"https://api.idescat.cat/taules/v2/censph/10/5975/mun/data?lang=ca&YEAR=2021&MUN=430120,430430,430477,430509,430957,430976,431009,431037,431093,431114,431227,431264,431310,431359,431444,431482,431536,431649,431665,431711,439057,439076&SEX=TOTAL"
2021,431093,"Pobla de Mafumet, la",Y012,12 anys,TOTAL,POP,53,,"https://api.idescat.cat/taules/v2/censph/10/5975/mun/data?lang=ca&YEAR=2021&MUN=430120,430430,430477,430509,430957,430976,431009,431037,431093,431114,431227,431264,431310,431359,431444,431482,431536,431649,431665,431711,439057,439076&SEX=TOTAL"
2021,431093,"Pobla de Mafumet, la",Y013,13 anys,TOTAL,POP,34,,"https://api.idescat.cat/taules/v2/censph/10/5975/mun/data?lang=ca&YEAR=2021&MUN=430120,430430,430477,430509,430957,430976,431009,431037,431093,431114,431227,431264,431310,431359,431444,431482,431536,431649,431665,431711,439057,439076&SEX=TOTAL"
2021,431093,"Pobla de Mafumet, la",Y014,14 anys,TOTAL,POP,38,,"https://api.idescat.cat/taules/v2/censph/10/5975/mun/data?lang=ca&YEAR=2021&MUN=430120,430430,430477,430509,430957,430976,431009,431037,431093,431114,431227,431264,431310,431359,431444,431482,431536,431649,431665,431711,439057,439076&SEX=TOTAL"
2021,431093,"Pobla de Mafumet, la",Y015,15 anys,TOTAL,POP,46,,"https://api.idescat.cat/taules/v2/censph/10/5975/mun/data?lang=ca&YEAR=2021&MUN=430120,430430,430477,430509,430957,430976,431009,431037,431093,431114,431227,431264,431310,431359,431444,431482,431536,431649,431665,431711,439057,439076&SEX=TOTAL"
2021,431093,"Pobla de Mafumet, la",Y016,16 anys,TOTAL,POP,44,,"https://api.idescat.cat/taules/v2/censph/10/5975/mun/data?lang=ca&YEAR=2021&MUN=430120,430430,430477,430509,430957,430976,431009,431037,431093,431114,431227,431264,431310,431359,431444,431482,431536,431649,431665,431711,439057,439076&SEX=TOTAL"
2021,431093,"Pobla de Mafumet, la",Y017,17 anys,TOTAL,POP,40.0,,"https://api.idescat.cat/taules/v2/censph/10/5975/mun/data?lang=ca&YEAR=2021&MUN=430120,430430,430477,430509,430957,430976,431009,431037,431093,431114,431227,431264,431310,431359,431444,431482,431536,431649,431665,431711,439057,439076&SEX=TOTAL"
2021,431093,"Pobla de Mafumet, la",Y018,18 anys,TOTAL,POP,36,,"https://api.idescat.cat/taules/v2/censph/10/5975/mun/data?lang=ca&YEAR=2021&MUN=430120,430430,430477,430509,430957,430976,431009,431037,431093,431114,431227,431264,431310,431359,431444,431482,431536,431649,431665,431711,439057,439076&SEX=TOTAL"
2021,431093,"Pobla de Mafumet, la",Y019,19 anys,TOTAL,POP,38,,"https://api.idescat.cat/taules/v2/censph/10/5975/mun/data?lang=ca&YEAR=2021&MUN=430120,430430,430477,430509,430957,430976,431009,431037,431093,431114,431227,431264,431310,431359,431444,431482,431536,431649,431665,431711,439057,439076&SEX=TOTAL"
2021,431093,"Pobla de Mafumet, la",Y020,20 anys,TOTAL,POP,55,,"https://api.idescat.cat/taules/v2/censph/10/5975/mun/data?lang=ca&YEAR=2021&MUN=430120,430430,430477,430509,430957,430976,431009,431037,431093,431114,431227,431264,431310,431359,431444,431482,431536,431649,431665,431711,439057,439076&SEX=TOTAL"
2021,431093,"Pobla de Mafumet, la",Y021,21 anys,TOTAL,POP,42,,"https://api.idescat.cat/taules/v2/censph/10/5975/mun/data?lang=ca&YEAR=2021&MUN=430120,430430,430477,430509,430957,430976,431009,431037,431093,431114,431227,431264,431310,431359,431444,431482,431536,431649,431665,431711,439057,439076&SEX=TOTAL"
2021,431093,"Pobla de Mafumet, la",Y022,22 anys,TOTAL,POP,43,,"https://api.idescat.cat/taules/v2/censph/10/5975/mun/data?lang=ca&YEAR=2021&MUN=430120,430430,430477,430509,430957,430976,431009,431037,431093,431114,431227,431264,431310,431359,431444,431482,431536,431649,431665,431711,439057,439076&SEX=TOTAL"
2021,431093,"Pobla de Mafumet, la",Y023,23 anys,TOTAL,POP,35,,"https://api.idescat.cat/taules/v2/censph/10/5975/mun/data?lang=ca&YEAR=2021&MUN=430120,430430,430477,430509,430957,430976,431009,431037,431093,431114,431227,431264,431310,431359,431444,431482,431536,431649,431665,431711,439057,439076&SEX=TOTAL"
2021,431093,"Pobla de Mafumet, la",Y024,24 anys,TOTAL,POP,33,,"https://api.idescat.cat/taules/v2/censph/10/5975/mun/data?lang=ca&YEAR=2021&MUN=430120,430430,430477,430509,430957,430976,431009,431037,431093,431114,431227,431264,431310,431359,431444,431482,431536,431649,431665,431711,439057,439076&SEX=TOTAL"
2021,431093,"Pobla de Mafumet, la",Y025,25 anys,TOTAL,POP,41,,"https://api.idescat.cat/taules/v2/censph/10/5975/mun/data?lang=ca&YEAR=2021&MUN=430120,430430,430477,430509,430957,430976,431009,431037,431093,431114,431227,431264,431310,431359,431444,431482,431536,431649,431665,431711,439057,439076&SEX=TOTAL"
2021,431093,"Pobla de Mafumet, la",Y026,26 anys,TOTAL,POP,53,,"https://api.idescat.cat/taules/v2/censph/10/5975/mun/data?lang=ca&YEAR=2021&MUN=430120,430430,430477,430509,430957,430976,431009,431037,431093,431114,431227,431264,431310,431359,431444,431482,431536,431649,431665,431711,439057,439076&SEX=TOTAL"
2021,431093,"Pobla de Mafumet, la",Y027,27 anys,TOTAL,POP,47,,"https://api.idescat.cat/taules/v2/censph/10/5975/mun/data?lang=ca&YEAR=2021&MUN=430120,430430,430477,430509,430957,430976,431009,431037,431093,431114,431227,431264,431310,431359,431444,431482,431536,431649,431665,431711,439057,439076&SEX=TOTAL"
2021,431093,"Pobla de Mafumet, la",Y028,28 anys,TOTAL,POP,75,,"https://api.idescat.cat/taules/v2/censph/10/5975/mun/data?lang=ca&YEAR=2021&MUN=430120,430430,430477,430509,430957,430976,431009,431037,431093,431114,431227,431264,431310,431359,431444,431482,431536,431649,431665,431711,439057,439076&SEX=TOTAL"
2021,431093,"Pobla de Mafumet, la",Y029,29 anys,TOTAL,POP,72,,"https://api.idescat.cat/taules/v2/censph/10/5975/mun/data?lang=ca&YEAR=2021&MUN=430120,430430,430477,430509,430957,430976,431009,431037,431093,431114,431227,431264,431310,431359,431444,431482,431536,431649,431665,431711,439057,439076&SEX=TOTAL"
2021,431093,"Pobla de Mafumet, la",Y030,30 anys,TOTAL,POP,53,,"https://api.idescat.cat/taules/v2/censph/10/5975/mun/data?lang=ca&YEAR=2021&MUN=430120,430430,430477,430509,430957,430976,431009,431037,431093,431114,431227,431264,431310,431359,431444,431482,431536,431649,431665,431711,439057,439076&SEX=TOTAL"
2021,431093,"Pobla de Mafumet, la",Y031,31 anys,TOTAL,POP,53,,"https://api.idescat.cat/taules/v2/censph/10/5975/mun/data?lang=ca&YEAR=2021&MUN=430120,430430,430477,430509,430957,430976,431009,431037,431093,431114,431227,431264,431310,431359,431444,431482,431536,431649,431665,431711,439057,439076&SEX=TOTAL"
2021,431093,"Pobla de Mafumet, la",Y032,32 anys,TOTAL,POP,92,,"https://api.idescat.cat/taules/v2/censph/10/5975/mun/data?lang=ca&YEAR=2021&MUN=430120,430430,430477,430509,430957,430976,431009,431037,431093,431114,431227,431264,431310,431359,431444,431482,431536,431649,431665,431711,439057,439076&SEX=TOTAL"
2021,431093,"Pobla de Mafumet, la",Y033,33 anys,TOTAL,POP,84,,"https://api.idescat.cat/taules/v2/censph/10/5975/mun/data?lang=ca&YEAR=2021&MUN=430120,430430,430477,430509,430957,430976,431009,431037,431093,431114,431227,431264,431310,431359,431444,431482,431536,431649,431665,431711,439057,439076&SEX=TOTAL"
2021,431093,"Pobla de Mafumet, la",Y034,34 anys,TOTAL,POP,59,,"https://api.idescat.cat/taules/v2/censph/10/5975/mun/data?lang=ca&YEAR=2021&MUN=430120,430430,430477,430509,430957,430976,431009,431037,431093,431114,431227,431264,431310,431359,431444,431482,431536,431649,431665,431711,439057,439076&SEX=TOTAL"
2021,431093,"Pobla de Mafumet, la",Y035,35 anys,TOTAL,POP,95,,"https://api.idescat.cat/taules/v2/censph/10/5975/mun/data?lang=ca&YEAR=2021&MUN=430120,430430,430477,430509,430957,430976,431009,431037,431093,431114,431227,431264,431310,431359,431444,431482,431536,431649,431665,431711,439057,439076&SEX=TOTAL"
2021,431093,"Pobla de Mafumet, la",Y036,36 anys,TOTAL,POP,95,,"https://api.idescat.cat/taules/v2/censph/10/5975/mun/data?lang=ca&YEAR=2021&MUN=430120,430430,430477,430509,430957,430976,431009,431037,431093,431114,431227,431264,431310,431359,431444,431482,431536,431649,431665,431711,439057,439076&SEX=TOTAL"
2021,431093,"Pobla de Mafumet, la",Y037,37 anys,TOTAL,POP,109,,"https://api.idescat.cat/taules/v2/censph/10/5975/mun/data?lang=ca&YEAR=2021&MUN=430120,430430,430477,430509,430957,430976,431009,431037,431093,431114,431227,431264,431310,431359,431444,431482,431536,431649,431665,431711,439057,439076&SEX=TOTAL"
2021,431093,"Pobla de Mafumet, la",Y038,38 anys,TOTAL,POP,90.0,,"https://api.idescat.cat/taules/v2/censph/10/5975/mun/data?lang=ca&YEAR=2021&MUN=430120,430430,430477,430509,430957,430976,431009,431037,431093,431114,431227,431264,431310,431359,431444,431482,431536,431649,431665,431711,439057,439076&SEX=TOTAL"
2021,431093,"Pobla de Mafumet, la",Y039,39 anys,TOTAL,POP,103,,"https://api.idescat.cat/taules/v2/censph/10/5975/mun/data?lang=ca&YEAR=2021&MUN=430120,430430,430477,430509,430957,430976,431009,431037,431093,431114,431227,431264,431310,431359,431444,431482,431536,431649,431665,431711,439057,439076&SEX=TOTAL"
2021,431093,"Pobla de Mafumet, la",Y040,40 anys,TOTAL,POP,93,,"https://api.idescat.cat/taules/v2/censph/10/5975/mun/data?lang=ca&YEAR=2021&MUN=430120,430430,430477,430509,430957,430976,431009,431037,431093,431114,431227,431264,431310,431359,431444,431482,431536,431649,431665,431711,439057,439076&SEX=TOTAL"
2021,431093,"Pobla de Mafumet, la",Y041,41 anys,TOTAL,POP,94,,"https://api.idescat.cat/taules/v2/censph/10/5975/mun/data?lang=ca&YEAR=2021&MUN=430120,430430,430477,430509,430957,430976,431009,431037,431093,431114,431227,431264,431310,431359,431444,431482,431536,431649,431665,431711,439057,439076&SEX=TOTAL"
2021,431093,"Pobla de Mafumet, la",Y042,42 anys,TOTAL,POP,75,,"https://api.idescat.cat/taules/v2/censph/10/5975/mun/data?lang=ca&YEAR=2021&MUN=430120,430430,430477,430509,430957,430976,431009,431037,431093,431114,431227,431264,431310,431359,431444,431482,431536,431649,431665,431711,439057,439076&SEX=TOTAL"
2021,431093,"Pobla de Mafumet, la",Y043,43 anys,TOTAL,POP,75,,"https://api.idescat.cat/taules/v2/censph/10/5975/mun/data?lang=ca&YEAR=2021&MUN=430120,430430,430477,430509,430957,430976,431009,431037,431093,431114,431227,431264,431310,431359,431444,431482,431536,431649,431665,431711,439057,439076&SEX=TOTAL"
2021,431093,"Pobla de Mafumet, la",Y044,44 anys,TOTAL,POP,82,,"https://api.idescat.cat/taules/v2/censph/10/5975/mun/data?lang=ca&YEAR=2021&MUN=430120,430430,430477,430509,430957,430976,431009,431037,431093,431114,431227,431264,431310,431359,431444,431482,431536,431649,431665,431711,439057,439076&SEX=TOTAL"
2021,431093,"Pobla de Mafumet, la",Y045,45 anys,TOTAL,POP,74,,"https://api.idescat.cat/taules/v2/censph/10/5975/mun/data?lang=ca&YEAR=2021&MUN=430120,430430,430477,430509,430957,430976,431009,431037,431093,431114,431227,431264,431310,431359,431444,431482,431536,431649,431665,431711,439057,439076&SEX=TOTAL"
2021,431093,"Pobla de Mafumet, la",Y046,46 anys,TOTAL,POP,65,,"https://api.idescat.cat/taules/v2/censph/10/5975/mun/data?lang=ca&YEAR=2021&MUN=430120,430430,430477,430509,430957,430976,431009,431037,431093,431114,431227,431264,431310,431359,431444,431482,431536,431649,431665,431711,439057,439076&SEX=TOTAL"
2021,431093,"Pobla de Mafumet, la",Y047,47 anys,TOTAL,POP,58,,"https://api.idescat.cat/taules/v2/censph/10/5975/mun/data?lang=ca&YEAR=2021&MUN=430120,430430,430477,430509,430957,430976,431009,431037,431093,431114,431227,431264,431310,431359,431444,431482,431536,431649,431665,431711,439057,439076&SEX=TOTAL"
2021,431093,"Pobla de Mafumet, la",Y048,48 anys,TOTAL,POP,60.0,,"https://api.idescat.cat/taules/v2/censph/10/5975/mun/data?lang=ca&YEAR=2021&MUN=430120,430430,430477,430509,430957,430976,431009,431037,431093,431114,431227,431264,431310,431359,431444,431482,431536,431649,431665,431711,439057,439076&SEX=TOTAL"
2021,431093,"Pobla de Mafumet, la",Y049,49 anys,TOTAL,POP,47,,"https://api.idescat.cat/taules/v2/censph/10/5975/mun/data?lang=ca&YEAR=2021&MUN=430120,430430,430477,430509,430957,430976,431009,431037,431093,431114,431227,431264,431310,431359,431444,431482,431536,431649,431665,431711,439057,439076&SEX=TOTAL"
2021,431093,"Pobla de Mafumet, la",Y050,50 anys,TOTAL,POP,45,,"https://api.idescat.cat/taules/v2/censph/10/5975/mun/data?lang=ca&YEAR=2021&MUN=430120,430430,430477,430509,430957,430976,431009,431037,431093,431114,431227,431264,431310,431359,431444,431482,431536,431649,431665,431711,439057,439076&SEX=TOTAL"
2021,431093,"Pobla de Mafumet, la",Y051,51 anys,TOTAL,POP,53,,"https://api.idescat.cat/taules/v2/censph/10/5975/mun/data?lang=ca&YEAR=2021&MUN=430120,430430,430477,430509,430957,430976,431009,431037,431093,431114,431227,431264,431310,431359,431444,431482,431536,431649,431665,431711,439057,439076&SEX=TOTAL"
2021,431093,"Pobla de Mafumet, la",Y052,52 anys,TOTAL,POP,55,,"https://api.idescat.cat/taules/v2/censph/10/5975/mun/data?lang=ca&YEAR=2021&MUN=430120,430430,430477,430509,430957,430976,431009,431037,431093,431114,431227,431264,431310,431359,431444,431482,431536,431649,431665,431711,439057,439076&SEX=TOTAL"
2021,431093,"Pobla de Mafumet, la",Y053,53 anys,TOTAL,POP,43,,"https://api.idescat.cat/taules/v2/censph/10/5975/mun/data?lang=ca&YEAR=2021&MUN=430120,430430,430477,430509,430957,430976,431009,431037,431093,431114,431227,431264,431310,431359,431444,431482,431536,431649,431665,431711,439057,439076&SEX=TOTAL"
2021,431093,"Pobla de Mafumet, la",Y054,54 anys,TOTAL,POP,42,,"https://api.idescat.cat/taules/v2/censph/10/5975/mun/data?lang=ca&YEAR=2021&MUN=430120,430430,430477,430509,430957,430976,431009,431037,431093,431114,431227,431264,431310,431359,431444,431482,431536,431649,431665,431711,439057,439076&SEX=TOTAL"
2021,431093,"Pobla de Mafumet, la",Y055,55 anys,TOTAL,POP,44,,"https://api.idescat.cat/taules/v2/censph/10/5975/mun/data?lang=ca&YEAR=2021&MUN=430120,430430,430477,430509,430957,430976,431009,431037,431093,431114,431227,431264,431310,431359,431444,431482,431536,431649,431665,431711,439057,439076&SEX=TOTAL"
2021,431093,"Pobla de Mafumet, la",Y056,56 anys,TOTAL,POP,37,,"https://api.idescat.cat/taules/v2/censph/10/5975/mun/data?lang=ca&YEAR=2021&MUN=430120,430430,430477,430509,430957,430976,431009,431037,431093,431114,431227,431264,431310,431359,431444,431482,431536,431649,431665,431711,439057,439076&SEX=TOTAL"
2021,431093,"Pobla de Mafumet, la",Y057,57 anys,TOTAL,POP,41,,"https://api.idescat.cat/taules/v2/censph/10/5975/mun/data?lang=ca&YEAR=2021&MUN=430120,430430,430477,430509,430957,430976,431009,431037,431093,431114,431227,431264,431310,431359,431444,431482,431536,431649,431665,431711,439057,439076&SEX=TOTAL"
2021,431093,"Pobla de Mafumet, la",Y058,58 anys,TOTAL,POP,33,,"https://api.idescat.cat/taules/v2/censph/10/5975/mun/data?lang=ca&YEAR=2021&MUN=430120,430430,430477,430509,430957,430976,431009,431037,431093,431114,431227,431264,431310,431359,431444,431482,431536,431649,431665,431711,439057,439076&SEX=TOTAL"
2021,431093,"Pobla de Mafumet, la",Y059,59 anys,TOTAL,POP,36,,"https://api.idescat.cat/taules/v2/censph/10/5975/mun/data?lang=ca&YEAR=2021&MUN=430120,430430,430477,430509,430957,430976,431009,431037,431093,431114,431227,431264,431310,431359,431444,431482,431536,431649,431665,431711,439057,439076&SEX=TOTAL"
2021,431093,"Pobla de Mafumet, la",Y060,60 anys,TOTAL,POP,39,,"https://api.idescat.cat/taules/v2/censph/10/5975/mun/data?lang=ca&YEAR=2021&MUN=430120,430430,430477,430509,430957,430976,431009,431037,431093,431114,431227,431264,431310,431359,431444,431482,431536,431649,431665,431711,439057,439076&SEX=TOTAL"
2021,431093,"Pobla de Mafumet, la",Y061,61 anys,TOTAL,POP,28,,"https://api.idescat.cat/taules/v2/censph/10/5975/mun/data?lang=ca&YEAR=2021&MUN=430120,430430,430477,430509,430957,430976,431009,431037,431093,431114,431227,431264,431310,431359,431444,431482,431536,431649,431665,431711,439057,439076&SEX=TOTAL"
2021,431093,"Pobla de Mafumet, la",Y062,62 anys,TOTAL,POP,32,,"https://api.idescat.cat/taules/v2/censph/10/5975/mun/data?lang=ca&YEAR=2021&MUN=430120,430430,430477,430509,430957,430976,431009,431037,431093,431114,431227,431264,431310,431359,431444,431482,431536,431649,431665,431711,439057,439076&SEX=TOTAL"
2021,431093,"Pobla de Mafumet, la",Y063,63 anys,TOTAL,POP,32,,"https://api.idescat.cat/taules/v2/censph/10/5975/mun/data?lang=ca&YEAR=2021&MUN=430120,430430,430477,430509,430957,430976,431009,431037,431093,431114,431227,431264,431310,431359,431444,431482,431536,431649,431665,431711,439057,439076&SEX=TOTAL"
2021,431093,"Pobla de Mafumet, la",Y064,64 anys,TOTAL,POP,29,,"https://api.idescat.cat/taules/v2/censph/10/5975/mun/data?lang=ca&YEAR=2021&MUN=430120,430430,430477,430509,430957,430976,431009,431037,431093,431114,431227,431264,431310,431359,431444,431482,431536,431649,431665,431711,439057,439076&SEX=TOTAL"
2021,431093,"Pobla de Mafumet, la",Y065,65 anys,TOTAL,POP,19,,"https://api.idescat.cat/taules/v2/censph/10/5975/mun/data?lang=ca&YEAR=2021&MUN=430120,430430,430477,430509,430957,430976,431009,431037,431093,431114,431227,431264,431310,431359,431444,431482,431536,431649,431665,431711,439057,439076&SEX=TOTAL"
2021,431093,"Pobla de Mafumet, la",Y066,66 anys,TOTAL,POP,20.0,,"https://api.idescat.cat/taules/v2/censph/10/5975/mun/data?lang=ca&YEAR=2021&MUN=430120,430430,430477,430509,430957,430976,431009,431037,431093,431114,431227,431264,431310,431359,431444,431482,431536,431649,431665,431711,439057,439076&SEX=TOTAL"
2021,431093,"Pobla de Mafumet, la",Y067,67 anys,TOTAL,POP,20.0,,"https://api.idescat.cat/taules/v2/censph/10/5975/mun/data?lang=ca&YEAR=2021&MUN=430120,430430,430477,430509,430957,430976,431009,431037,431093,431114,431227,431264,431310,431359,431444,431482,431536,431649,431665,431711,439057,439076&SEX=TOTAL"
2021,431093,"Pobla de Mafumet, la",Y068,68 anys,TOTAL,POP,19,,"https://api.idescat.cat/taules/v2/censph/10/5975/mun/data?lang=ca&YEAR=2021&MUN=430120,430430,430477,430509,430957,430976,431009,431037,431093,431114,431227,431264,431310,431359,431444,431482,431536,431649,431665,431711,439057,439076&SEX=TOTAL"
2021,431093,"Pobla de Mafumet, la",Y069,69 anys,TOTAL,POP,20.0,,"https://api.idescat.cat/taules/v2/censph/10/5975/mun/data?lang=ca&YEAR=2021&MUN=430120,430430,430477,430509,430957,430976,431009,431037,431093,431114,431227,431264,431310,431359,431444,431482,431536,431649,431665,431711,439057,439076&SEX=TOTAL"
2021,431093,"Pobla de Mafumet, la",Y070,70 anys,TOTAL,POP,18,,"https://api.idescat.cat/taules/v2/censph/10/5975/mun/data?lang=ca&YEAR=2021&MUN=430120,430430,430477,430509,430957,430976,431009,431037,431093,431114,431227,431264,431310,431359,431444,431482,431536,431649,431665,431711,439057,439076&SEX=TOTAL"
2021,431093,"Pobla de Mafumet, la",Y071,71 anys,TOTAL,POP,25,,"https://api.idescat.cat/taules/v2/censph/10/5975/mun/data?lang=ca&YEAR=2021&MUN=430120,430430,430477,430509,430957,430976,431009,431037,431093,431114,431227,431264,431310,431359,431444,431482,431536,431649,431665,431711,439057,439076&SEX=TOTAL"
2021,431093,"Pobla de Mafumet, la",Y072,72 anys,TOTAL,POP,21,,"https://api.idescat.cat/taules/v2/censph/10/5975/mun/data?lang=ca&YEAR=2021&MUN=430120,430430,430477,430509,430957,430976,431009,431037,431093,431114,431227,431264,431310,431359,431444,431482,431536,431649,431665,431711,439057,439076&SEX=TOTAL"
2021,431093,"Pobla de Mafumet, la",Y073,73 anys,TOTAL,POP,18,,"https://api.idescat.cat/taules/v2/censph/10/5975/mun/data?lang=ca&YEAR=2021&MUN=430120,430430,430477,430509,430957,430976,431009,431037,431093,431114,431227,431264,431310,431359,431444,431482,431536,431649,431665,431711,439057,439076&SEX=TOTAL"
2021,431093,"Pobla de Mafumet, la",Y074,74 anys,TOTAL,POP,20.0,,"https://api.idescat.cat/taules/v2/censph/10/5975/mun/data?lang=ca&YEAR=2021&MUN=430120,430430,430477,430509,430957,430976,431009,431037,431093,431114,431227,431264,431310,431359,431444,431482,431536,431649,431665,431711,439057,439076&SEX=TOTAL"
2021,431093,"Pobla de Mafumet, la",Y075,75 anys,TOTAL,POP,15,,"https://api.idescat.cat/taules/v2/censph/10/5975/mun/data?lang=ca&YEAR=2021&MUN=430120,430430,430477,430509,430957,430976,431009,431037,431093,431114,431227,431264,431310,431359,431444,431482,431536,431649,431665,431711,439057,439076&SEX=TOTAL"
2021,431093,"Pobla de Mafumet, la",Y076,76 anys,TOTAL,POP,10.0,,"https://api.idescat.cat/taules/v2/censph/10/5975/mun/data?lang=ca&YEAR=2021&MUN=430120,430430,430477,430509,430957,430976,431009,431037,431093,431114,431227,431264,431310,431359,431444,431482,431536,431649,431665,431711,439057,439076&SEX=TOTAL"
2021,431093,"Pobla de Mafumet, la",Y077,77 anys,TOTAL,POP,12,,"https://api.idescat.cat/taules/v2/censph/10/5975/mun/data?lang=ca&YEAR=2021&MUN=430120,430430,430477,430509,430957,430976,431009,431037,431093,431114,431227,431264,431310,431359,431444,431482,431536,431649,431665,431711,439057,439076&SEX=TOTAL"
2021,431093,"Pobla de Mafumet, la",Y078,78 anys,TOTAL,POP,13,,"https://api.idescat.cat/taules/v2/censph/10/5975/mun/data?lang=ca&YEAR=2021&MUN=430120,430430,430477,430509,430957,430976,431009,431037,431093,431114,431227,431264,431310,431359,431444,431482,431536,431649,431665,431711,439057,439076&SEX=TOTAL"
2021,431093,"Pobla de Mafumet, la",Y079,79 anys,TOTAL,POP,4,,"https://api.idescat.cat/taules/v2/censph/10/5975/mun/data?lang=ca&YEAR=2021&MUN=430120,430430,430477,430509,430957,430976,431009,431037,431093,431114,431227,431264,431310,431359,431444,431482,431536,431649,431665,431711,439057,439076&SEX=TOTAL"
2021,431093,"Pobla de Mafumet, la",Y080,80 anys,TOTAL,POP,6,,"https://api.idescat.cat/taules/v2/censph/10/5975/mun/data?lang=ca&YEAR=2021&MUN=430120,430430,430477,430509,430957,430976,431009,431037,431093,431114,431227,431264,431310,431359,431444,431482,431536,431649,431665,431711,439057,439076&SEX=TOTAL"
2021,431093,"Pobla de Mafumet, la",Y081,81 anys,TOTAL,POP,3,,"https://api.idescat.cat/taules/v2/censph/10/5975/mun/data?lang=ca&YEAR=2021&MUN=430120,430430,430477,430509,430957,430976,431009,431037,431093,431114,431227,431264,431310,431359,431444,431482,431536,431649,431665,431711,439057,439076&SEX=TOTAL"
2021,431093,"Pobla de Mafumet, la",Y082,82 anys,TOTAL,POP,6,,"https://api.idescat.cat/taules/v2/censph/10/5975/mun/data?lang=ca&YEAR=2021&MUN=430120,430430,430477,430509,430957,430976,431009,431037,431093,431114,431227,431264,431310,431359,431444,431482,431536,431649,431665,431711,439057,439076&SEX=TOTAL"
2021,431093,"Pobla de Mafumet, la",Y083,83 anys,TOTAL,POP,5,,"https://api.idescat.cat/taules/v2/censph/10/5975/mun/data?lang=ca&YEAR=2021&MUN=430120,430430,430477,430509,430957,430976,431009,431037,431093,431114,431227,431264,431310,431359,431444,431482,431536,431649,431665,431711,439057,439076&SEX=TOTAL"
2021,431093,"Pobla de Mafumet, la",Y084,84 anys,TOTAL,POP,7,,"https://api.idescat.cat/taules/v2/censph/10/5975/mun/data?lang=ca&YEAR=2021&MUN=430120,430430,430477,430509,430957,430976,431009,431037,431093,431114,431227,431264,431310,431359,431444,431482,431536,431649,431665,431711,439057,439076&SEX=TOTAL"
2021,431093,"Pobla de Mafumet, la",Y085,85 anys,TOTAL,POP,13,,"https://api.idescat.cat/taules/v2/censph/10/5975/mun/data?lang=ca&YEAR=2021&MUN=430120,430430,430477,430509,430957,430976,431009,431037,431093,431114,431227,431264,431310,431359,431444,431482,431536,431649,431665,431711,439057,439076&SEX=TOTAL"
2021,431093,"Pobla de Mafumet, la",Y086,86 anys,TOTAL,POP,7,,"https://api.idescat.cat/taules/v2/censph/10/5975/mun/data?lang=ca&YEAR=2021&MUN=430120,430430,430477,430509,430957,430976,431009,431037,431093,431114,431227,431264,431310,431359,431444,431482,431536,431649,431665,431711,439057,439076&SEX=TOTAL"
2021,431093,"Pobla de Mafumet, la",Y087,87 anys,TOTAL,POP,5,,"https://api.idescat.cat/taules/v2/censph/10/5975/mun/data?lang=ca&YEAR=2021&MUN=430120,430430,430477,430509,430957,430976,431009,431037,431093,431114,431227,431264,431310,431359,431444,431482,431536,431649,431665,431711,439057,439076&SEX=TOTAL"
2021,431093,"Pobla de Mafumet, la",Y088,88 anys,TOTAL,POP,4,,"https://api.idescat.cat/taules/v2/censph/10/5975/mun/data?lang=ca&YEAR=2021&MUN=430120,430430,430477,430509,430957,430976,431009,431037,431093,431114,431227,431264,431310,431359,431444,431482,431536,431649,431665,431711,439057,439076&SEX=TOTAL"
2021,431093,"Pobla de Mafumet, la",Y089,89 anys,TOTAL,POP,3,,"https://api.idescat.cat/taules/v2/censph/10/5975/mun/data?lang=ca&YEAR=2021&MUN=430120,430430,430477,430509,430957,430976,431009,431037,431093,431114,431227,431264,431310,431359,431444,431482,431536,431649,431665,431711,439057,439076&SEX=TOTAL"
2021,431093,"Pobla de Mafumet, la",Y090,90 anys,TOTAL,POP,4,,"https://api.idescat.cat/taules/v2/censph/10/5975/mun/data?lang=ca&YEAR=2021&MUN=430120,430430,430477,430509,430957,430976,431009,431037,431093,431114,431227,431264,431310,431359,431444,431482,431536,431649,431665,431711,439057,439076&SEX=TOTAL"
2021,431093,"Pobla de Mafumet, la",Y091,91 anys,TOTAL,POP,5,,"https://api.idescat.cat/taules/v2/censph/10/5975/mun/data?lang=ca&YEAR=2021&MUN=430120,430430,430477,430509,430957,430976,431009,431037,431093,431114,431227,431264,431310,431359,431444,431482,431536,431649,431665,431711,439057,439076&SEX=TOTAL"
2021,431093,"Pobla de Mafumet, la",Y092,92 anys,TOTAL,POP,2,,"https://api.idescat.cat/taules/v2/censph/10/5975/mun/data?lang=ca&YEAR=2021&MUN=430120,430430,430477,430509,430957,430976,431009,431037,431093,431114,431227,431264,431310,431359,431444,431482,431536,431649,431665,431711,439057,439076&SEX=TOTAL"
2021,431093,"Pobla de Mafumet, la",Y093,93 anys,TOTAL,POP,3,,"https://api.idescat.cat/taules/v2/censph/10/5975/mun/data?lang=ca&YEAR=2021&MUN=430120,430430,430477,430509,430957,430976,431009,431037,431093,431114,431227,431264,431310,431359,431444,431482,431536,431649,431665,431711,439057,439076&SEX=TOTAL"
2021,431093,"Pobla de Mafumet, la",Y094,94 anys,TOTAL,POP,1,,"https://api.idescat.cat/taules/v2/censph/10/5975/mun/data?lang=ca&YEAR=2021&MUN=430120,430430,430477,430509,430957,430976,431009,431037,431093,431114,431227,431264,431310,431359,431444,431482,431536,431649,431665,431711,439057,439076&SEX=TOTAL"
2021,431093,"Pobla de Mafumet, la",Y095,95 anys,TOTAL,POP,1,,"https://api.idescat.cat/taules/v2/censph/10/5975/mun/data?lang=ca&YEAR=2021&MUN=430120,430430,430477,430509,430957,430976,431009,431037,431093,431114,431227,431264,431310,431359,431444,431482,431536,431649,431665,431711,439057,439076&SEX=TOTAL"
2021,431093,"Pobla de Mafumet, la",Y096,96 anys,TOTAL,POP,1,,"https://api.idescat.cat/taules/v2/censph/10/5975/mun/data?lang=ca&YEAR=2021&MUN=430120,430430,430477,430509,430957,430976,431009,431037,431093,431114,431227,431264,431310,431359,431444,431482,431536,431649,431665,431711,439057,439076&SEX=TOTAL"
2021,431093,"Pobla de Mafumet, la",Y097,97 anys,TOTAL,POP,1,,"https://api.idescat.cat/taules/v2/censph/10/5975/mun/data?lang=ca&YEAR=2021&MUN=430120,430430,430477,430509,430957,430976,431009,431037,431093,431114,431227,431264,431310,431359,431444,431482,431536,431649,431665,431711,439057,439076&SEX=TOTAL"
2021,431093,"Pobla de Mafumet, la",Y098,98 anys,TOTAL,POP,0,,"https://api.idescat.cat/taules/v2/censph/10/5975/mun/data?lang=ca&YEAR=2021&MUN=430120,430430,430477,430509,430957,430976,431009,431037,431093,431114,431227,431264,431310,431359,431444,431482,431536,431649,431665,431711,439057,439076&SEX=TOTAL"
2021,431093,"Pobla de Mafumet, la",Y099,99 anys,TOTAL,POP,1,,"https://api.idescat.cat/taules/v2/censph/10/5975/mun/data?lang=ca&YEAR=2021&MUN=430120,430430,430477,430509,430957,430976,431009,431037,431093,431114,431227,431264,431310,431359,431444,431482,431536,431649,431665,431711,439057,439076&SEX=TOTAL"
2021,431093,"Pobla de Mafumet, la",Y_GE100,100 anys o més,TOTAL,POP,0,,"https://api.idescat.cat/taules/v2/censph/10/5975/mun/data?lang=ca&YEAR=2021&MUN=430120,430430,430477,430509,430957,430976,431009,431037,431093,431114,431227,431264,431310,431359,431444,431482,431536,431649,431665,431711,439057,439076&SEX=TOTAL"
2021,431093,"Pobla de Mafumet, la",TOTAL,total,TOTAL,POP,4044,,"https://api.idescat.cat/taules/v2/censph/10/5975/mun/data?lang=ca&YEAR=2021&MUN=430120,430430,430477,430509,430957,430976,431009,431037,431093,431114,431227,431264,431310,431359,431444,431482,431536,431649,431665,431711,439057,439076&SEX=TOTAL"
2021,431114,"Pobla de Montornès, la",Y000,0 anys,TOTAL,POP,17,,"https://api.idescat.cat/taules/v2/censph/10/5975/mun/data?lang=ca&YEAR=2021&MUN=430120,430430,430477,430509,430957,430976,431009,431037,431093,431114,431227,431264,431310,431359,431444,431482,431536,431649,431665,431711,439057,439076&SEX=TOTAL"
2021,431114,"Pobla de Montornès, la",Y001,1 any,TOTAL,POP,18,,"https://api.idescat.cat/taules/v2/censph/10/5975/mun/data?lang=ca&YEAR=2021&MUN=430120,430430,430477,430509,430957,430976,431009,431037,431093,431114,431227,431264,431310,431359,431444,431482,431536,431649,431665,431711,439057,439076&SEX=TOTAL"
2021,431114,"Pobla de Montornès, la",Y002,2 anys,TOTAL,POP,16,,"https://api.idescat.cat/taules/v2/censph/10/5975/mun/data?lang=ca&YEAR=2021&MUN=430120,430430,430477,430509,430957,430976,431009,431037,431093,431114,431227,431264,431310,431359,431444,431482,431536,431649,431665,431711,439057,439076&SEX=TOTAL"
2021,431114,"Pobla de Montornès, la",Y003,3 anys,TOTAL,POP,21,,"https://api.idescat.cat/taules/v2/censph/10/5975/mun/data?lang=ca&YEAR=2021&MUN=430120,430430,430477,430509,430957,430976,431009,431037,431093,431114,431227,431264,431310,431359,431444,431482,431536,431649,431665,431711,439057,439076&SEX=TOTAL"
2021,431114,"Pobla de Montornès, la",Y004,4 anys,TOTAL,POP,30.0,,"https://api.idescat.cat/taules/v2/censph/10/5975/mun/data?lang=ca&YEAR=2021&MUN=430120,430430,430477,430509,430957,430976,431009,431037,431093,431114,431227,431264,431310,431359,431444,431482,431536,431649,431665,431711,439057,439076&SEX=TOTAL"
2021,431114,"Pobla de Montornès, la",Y005,5 anys,TOTAL,POP,25,,"https://api.idescat.cat/taules/v2/censph/10/5975/mun/data?lang=ca&YEAR=2021&MUN=430120,430430,430477,430509,430957,430976,431009,431037,431093,431114,431227,431264,431310,431359,431444,431482,431536,431649,431665,431711,439057,439076&SEX=TOTAL"
2021,431114,"Pobla de Montornès, la",Y006,6 anys,TOTAL,POP,38,,"https://api.idescat.cat/taules/v2/censph/10/5975/mun/data?lang=ca&YEAR=2021&MUN=430120,430430,430477,430509,430957,430976,431009,431037,431093,431114,431227,431264,431310,431359,431444,431482,431536,431649,431665,431711,439057,439076&SEX=TOTAL"
2021,431114,"Pobla de Montornès, la",Y007,7 anys,TOTAL,POP,20.0,,"https://api.idescat.cat/taules/v2/censph/10/5975/mun/data?lang=ca&YEAR=2021&MUN=430120,430430,430477,430509,430957,430976,431009,431037,431093,431114,431227,431264,431310,431359,431444,431482,431536,431649,431665,431711,439057,439076&SEX=TOTAL"
2021,431114,"Pobla de Montornès, la",Y008,8 anys,TOTAL,POP,34,,"https://api.idescat.cat/taules/v2/censph/10/5975/mun/data?lang=ca&YEAR=2021&MUN=430120,430430,430477,430509,430957,430976,431009,431037,431093,431114,431227,431264,431310,431359,431444,431482,431536,431649,431665,431711,439057,439076&SEX=TOTAL"
2021,431114,"Pobla de Montornès, la",Y009,9 anys,TOTAL,POP,33,,"https://api.idescat.cat/taules/v2/censph/10/5975/mun/data?lang=ca&YEAR=2021&MUN=430120,430430,430477,430509,430957,430976,431009,431037,431093,431114,431227,431264,431310,431359,431444,431482,431536,431649,431665,431711,439057,439076&SEX=TOTAL"
2021,431114,"Pobla de Montornès, la",Y010,10 anys,TOTAL,POP,31,,"https://api.idescat.cat/taules/v2/censph/10/5975/mun/data?lang=ca&YEAR=2021&MUN=430120,430430,430477,430509,430957,430976,431009,431037,431093,431114,431227,431264,431310,431359,431444,431482,431536,431649,431665,431711,439057,439076&SEX=TOTAL"
2021,431114,"Pobla de Montornès, la",Y011,11 anys,TOTAL,POP,38,,"https://api.idescat.cat/taules/v2/censph/10/5975/mun/data?lang=ca&YEAR=2021&MUN=430120,430430,430477,430509,430957,430976,431009,431037,431093,431114,431227,431264,431310,431359,431444,431482,431536,431649,431665,431711,439057,439076&SEX=TOTAL"
2021,431114,"Pobla de Montornès, la",Y012,12 anys,TOTAL,POP,44,,"https://api.idescat.cat/taules/v2/censph/10/5975/mun/data?lang=ca&YEAR=2021&MUN=430120,430430,430477,430509,430957,430976,431009,431037,431093,431114,431227,431264,431310,431359,431444,431482,431536,431649,431665,431711,439057,439076&SEX=TOTAL"
2021,431114,"Pobla de Montornès, la",Y013,13 anys,TOTAL,POP,33,,"https://api.idescat.cat/taules/v2/censph/10/5975/mun/data?lang=ca&YEAR=2021&MUN=430120,430430,430477,430509,430957,430976,431009,431037,431093,431114,431227,431264,431310,431359,431444,431482,431536,431649,431665,431711,439057,439076&SEX=TOTAL"
2021,431114,"Pobla de Montornès, la",Y014,14 anys,TOTAL,POP,47,,"https://api.idescat.cat/taules/v2/censph/10/5975/mun/data?lang=ca&YEAR=2021&MUN=430120,430430,430477,430509,430957,430976,431009,431037,431093,431114,431227,431264,431310,431359,431444,431482,431536,431649,431665,431711,439057,439076&SEX=TOTAL"
2021,431114,"Pobla de Montornès, la",Y015,15 anys,TOTAL,POP,40.0,,"https://api.idescat.cat/taules/v2/censph/10/5975/mun/data?lang=ca&YEAR=2021&MUN=430120,430430,430477,430509,430957,430976,431009,431037,431093,431114,431227,431264,431310,431359,431444,431482,431536,431649,431665,431711,439057,439076&SEX=TOTAL"
2021,431114,"Pobla de Montornès, la",Y016,16 anys,TOTAL,POP,33,,"https://api.idescat.cat/taules/v2/censph/10/5975/mun/data?lang=ca&YEAR=2021&MUN=430120,430430,430477,430509,430957,430976,431009,431037,431093,431114,431227,431264,431310,431359,431444,431482,431536,431649,431665,431711,439057,439076&SEX=TOTAL"
2021,431114,"Pobla de Montornès, la",Y017,17 anys,TOTAL,POP,31,,"https://api.idescat.cat/taules/v2/censph/10/5975/mun/data?lang=ca&YEAR=2021&MUN=430120,430430,430477,430509,430957,430976,431009,431037,431093,431114,431227,431264,431310,431359,431444,431482,431536,431649,431665,431711,439057,439076&SEX=TOTAL"
2021,431114,"Pobla de Montornès, la",Y018,18 anys,TOTAL,POP,32,,"https://api.idescat.cat/taules/v2/censph/10/5975/mun/data?lang=ca&YEAR=2021&MUN=430120,430430,430477,430509,430957,430976,431009,431037,431093,431114,431227,431264,431310,431359,431444,431482,431536,431649,431665,431711,439057,439076&SEX=TOTAL"
2021,431114,"Pobla de Montornès, la",Y019,19 anys,TOTAL,POP,23,,"https://api.idescat.cat/taules/v2/censph/10/5975/mun/data?lang=ca&YEAR=2021&MUN=430120,430430,430477,430509,430957,430976,431009,431037,431093,431114,431227,431264,431310,431359,431444,431482,431536,431649,431665,431711,439057,439076&SEX=TOTAL"
2021,431114,"Pobla de Montornès, la",Y020,20 anys,TOTAL,POP,23,,"https://api.idescat.cat/taules/v2/censph/10/5975/mun/data?lang=ca&YEAR=2021&MUN=430120,430430,430477,430509,430957,430976,431009,431037,431093,431114,431227,431264,431310,431359,431444,431482,431536,431649,431665,431711,439057,439076&SEX=TOTAL"
2021,431114,"Pobla de Montornès, la",Y021,21 anys,TOTAL,POP,30.0,,"https://api.idescat.cat/taules/v2/censph/10/5975/mun/data?lang=ca&YEAR=2021&MUN=430120,430430,430477,430509,430957,430976,431009,431037,431093,431114,431227,431264,431310,431359,431444,431482,431536,431649,431665,431711,439057,439076&SEX=TOTAL"
2021,431114,"Pobla de Montornès, la",Y022,22 anys,TOTAL,POP,26,,"https://api.idescat.cat/taules/v2/censph/10/5975/mun/data?lang=ca&YEAR=2021&MUN=430120,430430,430477,430509,430957,430976,431009,431037,431093,431114,431227,431264,431310,431359,431444,431482,431536,431649,431665,431711,439057,439076&SEX=TOTAL"
2021,431114,"Pobla de Montornès, la",Y023,23 anys,TOTAL,POP,22,,"https://api.idescat.cat/taules/v2/censph/10/5975/mun/data?lang=ca&YEAR=2021&MUN=430120,430430,430477,430509,430957,430976,431009,431037,431093,431114,431227,431264,431310,431359,431444,431482,431536,431649,431665,431711,439057,439076&SEX=TOTAL"
2021,431114,"Pobla de Montornès, la",Y024,24 anys,TOTAL,POP,30.0,,"https://api.idescat.cat/taules/v2/censph/10/5975/mun/data?lang=ca&YEAR=2021&MUN=430120,430430,430477,430509,430957,430976,431009,431037,431093,431114,431227,431264,431310,431359,431444,431482,431536,431649,431665,431711,439057,439076&SEX=TOTAL"
2021,431114,"Pobla de Montornès, la",Y025,25 anys,TOTAL,POP,21,,"https://api.idescat.cat/taules/v2/censph/10/5975/mun/data?lang=ca&YEAR=2021&MUN=430120,430430,430477,430509,430957,430976,431009,431037,431093,431114,431227,431264,431310,431359,431444,431482,431536,431649,431665,431711,439057,439076&SEX=TOTAL"
2021,431114,"Pobla de Montornès, la",Y026,26 anys,TOTAL,POP,21,,"https://api.idescat.cat/taules/v2/censph/10/5975/mun/data?lang=ca&YEAR=2021&MUN=430120,430430,430477,430509,430957,430976,431009,431037,431093,431114,431227,431264,431310,431359,431444,431482,431536,431649,431665,431711,439057,439076&SEX=TOTAL"
2021,431114,"Pobla de Montornès, la",Y027,27 anys,TOTAL,POP,34,,"https://api.idescat.cat/taules/v2/censph/10/5975/mun/data?lang=ca&YEAR=2021&MUN=430120,430430,430477,430509,430957,430976,431009,431037,431093,431114,431227,431264,431310,431359,431444,431482,431536,431649,431665,431711,439057,439076&SEX=TOTAL"
2021,431114,"Pobla de Montornès, la",Y028,28 anys,TOTAL,POP,25,,"https://api.idescat.cat/taules/v2/censph/10/5975/mun/data?lang=ca&YEAR=2021&MUN=430120,430430,430477,430509,430957,430976,431009,431037,431093,431114,431227,431264,431310,431359,431444,431482,431536,431649,431665,431711,439057,439076&SEX=TOTAL"
2021,431114,"Pobla de Montornès, la",Y029,29 anys,TOTAL,POP,25,,"https://api.idescat.cat/taules/v2/censph/10/5975/mun/data?lang=ca&YEAR=2021&MUN=430120,430430,430477,430509,430957,430976,431009,431037,431093,431114,431227,431264,431310,431359,431444,431482,431536,431649,431665,431711,439057,439076&SEX=TOTAL"
2021,431114,"Pobla de Montornès, la",Y030,30 anys,TOTAL,POP,29,,"https://api.idescat.cat/taules/v2/censph/10/5975/mun/data?lang=ca&YEAR=2021&MUN=430120,430430,430477,430509,430957,430976,431009,431037,431093,431114,431227,431264,431310,431359,431444,431482,431536,431649,431665,431711,439057,439076&SEX=TOTAL"
2021,431114,"Pobla de Montornès, la",Y031,31 anys,TOTAL,POP,23,,"https://api.idescat.cat/taules/v2/censph/10/5975/mun/data?lang=ca&YEAR=2021&MUN=430120,430430,430477,430509,430957,430976,431009,431037,431093,431114,431227,431264,431310,431359,431444,431482,431536,431649,431665,431711,439057,439076&SEX=TOTAL"
2021,431114,"Pobla de Montornès, la",Y032,32 anys,TOTAL,POP,29,,"https://api.idescat.cat/taules/v2/censph/10/5975/mun/data?lang=ca&YEAR=2021&MUN=430120,430430,430477,430509,430957,430976,431009,431037,431093,431114,431227,431264,431310,431359,431444,431482,431536,431649,431665,431711,439057,439076&SEX=TOTAL"
2021,431114,"Pobla de Montornès, la",Y033,33 anys,TOTAL,POP,36,,"https://api.idescat.cat/taules/v2/censph/10/5975/mun/data?lang=ca&YEAR=2021&MUN=430120,430430,430477,430509,430957,430976,431009,431037,431093,431114,431227,431264,431310,431359,431444,431482,431536,431649,431665,431711,439057,439076&SEX=TOTAL"
2021,431114,"Pobla de Montornès, la",Y034,34 anys,TOTAL,POP,28,,"https://api.idescat.cat/taules/v2/censph/10/5975/mun/data?lang=ca&YEAR=2021&MUN=430120,430430,430477,430509,430957,430976,431009,431037,431093,431114,431227,431264,431310,431359,431444,431482,431536,431649,431665,431711,439057,439076&SEX=TOTAL"
2021,431114,"Pobla de Montornès, la",Y035,35 anys,TOTAL,POP,41,,"https://api.idescat.cat/taules/v2/censph/10/5975/mun/data?lang=ca&YEAR=2021&MUN=430120,430430,430477,430509,430957,430976,431009,431037,431093,431114,431227,431264,431310,431359,431444,431482,431536,431649,431665,431711,439057,439076&SEX=TOTAL"
2021,431114,"Pobla de Montornès, la",Y036,36 anys,TOTAL,POP,36,,"https://api.idescat.cat/taules/v2/censph/10/5975/mun/data?lang=ca&YEAR=2021&MUN=430120,430430,430477,430509,430957,430976,431009,431037,431093,431114,431227,431264,431310,431359,431444,431482,431536,431649,431665,431711,439057,439076&SEX=TOTAL"
2021,431114,"Pobla de Montornès, la",Y037,37 anys,TOTAL,POP,33,,"https://api.idescat.cat/taules/v2/censph/10/5975/mun/data?lang=ca&YEAR=2021&MUN=430120,430430,430477,430509,430957,430976,431009,431037,431093,431114,431227,431264,431310,431359,431444,431482,431536,431649,431665,431711,439057,439076&SEX=TOTAL"
2021,431114,"Pobla de Montornès, la",Y038,38 anys,TOTAL,POP,39,,"https://api.idescat.cat/taules/v2/censph/10/5975/mun/data?lang=ca&YEAR=2021&MUN=430120,430430,430477,430509,430957,430976,431009,431037,431093,431114,431227,431264,431310,431359,431444,431482,431536,431649,431665,431711,439057,439076&SEX=TOTAL"
2021,431114,"Pobla de Montornès, la",Y039,39 anys,TOTAL,POP,51,,"https://api.idescat.cat/taules/v2/censph/10/5975/mun/data?lang=ca&YEAR=2021&MUN=430120,430430,430477,430509,430957,430976,431009,431037,431093,431114,431227,431264,431310,431359,431444,431482,431536,431649,431665,431711,439057,439076&SEX=TOTAL"
2021,431114,"Pobla de Montornès, la",Y040,40 anys,TOTAL,POP,46,,"https://api.idescat.cat/taules/v2/censph/10/5975/mun/data?lang=ca&YEAR=2021&MUN=430120,430430,430477,430509,430957,430976,431009,431037,431093,431114,431227,431264,431310,431359,431444,431482,431536,431649,431665,431711,439057,439076&SEX=TOTAL"
2021,431114,"Pobla de Montornès, la",Y041,41 anys,TOTAL,POP,59,,"https://api.idescat.cat/taules/v2/censph/10/5975/mun/data?lang=ca&YEAR=2021&MUN=430120,430430,430477,430509,430957,430976,431009,431037,431093,431114,431227,431264,431310,431359,431444,431482,431536,431649,431665,431711,439057,439076&SEX=TOTAL"
2021,431114,"Pobla de Montornès, la",Y042,42 anys,TOTAL,POP,66,,"https://api.idescat.cat/taules/v2/censph/10/5975/mun/data?lang=ca&YEAR=2021&MUN=430120,430430,430477,430509,430957,430976,431009,431037,431093,431114,431227,431264,431310,431359,431444,431482,431536,431649,431665,431711,439057,439076&SEX=TOTAL"
2021,431114,"Pobla de Montornès, la",Y043,43 anys,TOTAL,POP,53,,"https://api.idescat.cat/taules/v2/censph/10/5975/mun/data?lang=ca&YEAR=2021&MUN=430120,430430,430477,430509,430957,430976,431009,431037,431093,431114,431227,431264,431310,431359,431444,431482,431536,431649,431665,431711,439057,439076&SEX=TOTAL"
2021,431114,"Pobla de Montornès, la",Y044,44 anys,TOTAL,POP,70.0,,"https://api.idescat.cat/taules/v2/censph/10/5975/mun/data?lang=ca&YEAR=2021&MUN=430120,430430,430477,430509,430957,430976,431009,431037,431093,431114,431227,431264,431310,431359,431444,431482,431536,431649,431665,431711,439057,439076&SEX=TOTAL"
2021,431114,"Pobla de Montornès, la",Y045,45 anys,TOTAL,POP,58,,"https://api.idescat.cat/taules/v2/censph/10/5975/mun/data?lang=ca&YEAR=2021&MUN=430120,430430,430477,430509,430957,430976,431009,431037,431093,431114,431227,431264,431310,431359,431444,431482,431536,431649,431665,431711,439057,439076&SEX=TOTAL"
2021,431114,"Pobla de Montornès, la",Y046,46 anys,TOTAL,POP,49,,"https://api.idescat.cat/taules/v2/censph/10/5975/mun/data?lang=ca&YEAR=2021&MUN=430120,430430,430477,430509,430957,430976,431009,431037,431093,431114,431227,431264,431310,431359,431444,431482,431536,431649,431665,431711,439057,439076&SEX=TOTAL"
2021,431114,"Pobla de Montornès, la",Y047,47 anys,TOTAL,POP,56,,"https://api.idescat.cat/taules/v2/censph/10/5975/mun/data?lang=ca&YEAR=2021&MUN=430120,430430,430477,430509,430957,430976,431009,431037,431093,431114,431227,431264,431310,431359,431444,431482,431536,431649,431665,431711,439057,439076&SEX=TOTAL"
2021,431114,"Pobla de Montornès, la",Y048,48 anys,TOTAL,POP,49,,"https://api.idescat.cat/taules/v2/censph/10/5975/mun/data?lang=ca&YEAR=2021&MUN=430120,430430,430477,430509,430957,430976,431009,431037,431093,431114,431227,431264,431310,431359,431444,431482,431536,431649,431665,431711,439057,439076&SEX=TOTAL"
2021,431114,"Pobla de Montornès, la",Y049,49 anys,TOTAL,POP,48,,"https://api.idescat.cat/taules/v2/censph/10/5975/mun/data?lang=ca&YEAR=2021&MUN=430120,430430,430477,430509,430957,430976,431009,431037,431093,431114,431227,431264,431310,431359,431444,431482,431536,431649,431665,431711,439057,439076&SEX=TOTAL"
2021,431114,"Pobla de Montornès, la",Y050,50 anys,TOTAL,POP,52,,"https://api.idescat.cat/taules/v2/censph/10/5975/mun/data?lang=ca&YEAR=2021&MUN=430120,430430,430477,430509,430957,430976,431009,431037,431093,431114,431227,431264,431310,431359,431444,431482,431536,431649,431665,431711,439057,439076&SEX=TOTAL"
2021,431114,"Pobla de Montornès, la",Y051,51 anys,TOTAL,POP,57,,"https://api.idescat.cat/taules/v2/censph/10/5975/mun/data?lang=ca&YEAR=2021&MUN=430120,430430,430477,430509,430957,430976,431009,431037,431093,431114,431227,431264,431310,431359,431444,431482,431536,431649,431665,431711,439057,439076&SEX=TOTAL"
2021,431114,"Pobla de Montornès, la",Y052,52 anys,TOTAL,POP,48,,"https://api.idescat.cat/taules/v2/censph/10/5975/mun/data?lang=ca&YEAR=2021&MUN=430120,430430,430477,430509,430957,430976,431009,431037,431093,431114,431227,431264,431310,431359,431444,431482,431536,431649,431665,431711,439057,439076&SEX=TOTAL"
2021,431114,"Pobla de Montornès, la",Y053,53 anys,TOTAL,POP,49,,"https://api.idescat.cat/taules/v2/censph/10/5975/mun/data?lang=ca&YEAR=2021&MUN=430120,430430,430477,430509,430957,430976,431009,431037,431093,431114,431227,431264,431310,431359,431444,431482,431536,431649,431665,431711,439057,439076&SEX=TOTAL"
2021,431114,"Pobla de Montornès, la",Y054,54 anys,TOTAL,POP,52,,"https://api.idescat.cat/taules/v2/censph/10/5975/mun/data?lang=ca&YEAR=2021&MUN=430120,430430,430477,430509,430957,430976,431009,431037,431093,431114,431227,431264,431310,431359,431444,431482,431536,431649,431665,431711,439057,439076&SEX=TOTAL"
2021,431114,"Pobla de Montornès, la",Y055,55 anys,TOTAL,POP,35,,"https://api.idescat.cat/taules/v2/censph/10/5975/mun/data?lang=ca&YEAR=2021&MUN=430120,430430,430477,430509,430957,430976,431009,431037,431093,431114,431227,431264,431310,431359,431444,431482,431536,431649,431665,431711,439057,439076&SEX=TOTAL"
2021,431114,"Pobla de Montornès, la",Y056,56 anys,TOTAL,POP,41,,"https://api.idescat.cat/taules/v2/censph/10/5975/mun/data?lang=ca&YEAR=2021&MUN=430120,430430,430477,430509,430957,430976,431009,431037,431093,431114,431227,431264,431310,431359,431444,431482,431536,431649,431665,431711,439057,439076&SEX=TOTAL"
2021,431114,"Pobla de Montornès, la",Y057,57 anys,TOTAL,POP,40.0,,"https://api.idescat.cat/taules/v2/censph/10/5975/mun/data?lang=ca&YEAR=2021&MUN=430120,430430,430477,430509,430957,430976,431009,431037,431093,431114,431227,431264,431310,431359,431444,431482,431536,431649,431665,431711,439057,439076&SEX=TOTAL"
2021,431114,"Pobla de Montornès, la",Y058,58 anys,TOTAL,POP,46,,"https://api.idescat.cat/taules/v2/censph/10/5975/mun/data?lang=ca&YEAR=2021&MUN=430120,430430,430477,430509,430957,430976,431009,431037,431093,431114,431227,431264,431310,431359,431444,431482,431536,431649,431665,431711,439057,439076&SEX=TOTAL"
2021,431114,"Pobla de Montornès, la",Y059,59 anys,TOTAL,POP,31,,"https://api.idescat.cat/taules/v2/censph/10/5975/mun/data?lang=ca&YEAR=2021&MUN=430120,430430,430477,430509,430957,430976,431009,431037,431093,431114,431227,431264,431310,431359,431444,431482,431536,431649,431665,431711,439057,439076&SEX=TOTAL"
2021,431114,"Pobla de Montornès, la",Y060,60 anys,TOTAL,POP,51,,"https://api.idescat.cat/taules/v2/censph/10/5975/mun/data?lang=ca&YEAR=2021&MUN=430120,430430,430477,430509,430957,430976,431009,431037,431093,431114,431227,431264,431310,431359,431444,431482,431536,431649,431665,431711,439057,439076&SEX=TOTAL"
2021,431114,"Pobla de Montornès, la",Y061,61 anys,TOTAL,POP,36,,"https://api.idescat.cat/taules/v2/censph/10/5975/mun/data?lang=ca&YEAR=2021&MUN=430120,430430,430477,430509,430957,430976,431009,431037,431093,431114,431227,431264,431310,431359,431444,431482,431536,431649,431665,431711,439057,439076&SEX=TOTAL"
2021,431114,"Pobla de Montornès, la",Y062,62 anys,TOTAL,POP,31,,"https://api.idescat.cat/taules/v2/censph/10/5975/mun/data?lang=ca&YEAR=2021&MUN=430120,430430,430477,430509,430957,430976,431009,431037,431093,431114,431227,431264,431310,431359,431444,431482,431536,431649,431665,431711,439057,439076&SEX=TOTAL"
2021,431114,"Pobla de Montornès, la",Y063,63 anys,TOTAL,POP,43,,"https://api.idescat.cat/taules/v2/censph/10/5975/mun/data?lang=ca&YEAR=2021&MUN=430120,430430,430477,430509,430957,430976,431009,431037,431093,431114,431227,431264,431310,431359,431444,431482,431536,431649,431665,431711,439057,439076&SEX=TOTAL"
2021,431114,"Pobla de Montornès, la",Y064,64 anys,TOTAL,POP,28,,"https://api.idescat.cat/taules/v2/censph/10/5975/mun/data?lang=ca&YEAR=2021&MUN=430120,430430,430477,430509,430957,430976,431009,431037,431093,431114,431227,431264,431310,431359,431444,431482,431536,431649,431665,431711,439057,439076&SEX=TOTAL"
2021,431114,"Pobla de Montornès, la",Y065,65 anys,TOTAL,POP,27,,"https://api.idescat.cat/taules/v2/censph/10/5975/mun/data?lang=ca&YEAR=2021&MUN=430120,430430,430477,430509,430957,430976,431009,431037,431093,431114,431227,431264,431310,431359,431444,431482,431536,431649,431665,431711,439057,439076&SEX=TOTAL"
2021,431114,"Pobla de Montornès, la",Y066,66 anys,TOTAL,POP,32,,"https://api.idescat.cat/taules/v2/censph/10/5975/mun/data?lang=ca&YEAR=2021&MUN=430120,430430,430477,430509,430957,430976,431009,431037,431093,431114,431227,431264,431310,431359,431444,431482,431536,431649,431665,431711,439057,439076&SEX=TOTAL"
2021,431114,"Pobla de Montornès, la",Y067,67 anys,TOTAL,POP,46,,"https://api.idescat.cat/taules/v2/censph/10/5975/mun/data?lang=ca&YEAR=2021&MUN=430120,430430,430477,430509,430957,430976,431009,431037,431093,431114,431227,431264,431310,431359,431444,431482,431536,431649,431665,431711,439057,439076&SEX=TOTAL"
2021,431114,"Pobla de Montornès, la",Y068,68 anys,TOTAL,POP,33,,"https://api.idescat.cat/taules/v2/censph/10/5975/mun/data?lang=ca&YEAR=2021&MUN=430120,430430,430477,430509,430957,430976,431009,431037,431093,431114,431227,431264,431310,431359,431444,431482,431536,431649,431665,431711,439057,439076&SEX=TOTAL"
2021,431114,"Pobla de Montornès, la",Y069,69 anys,TOTAL,POP,27,,"https://api.idescat.cat/taules/v2/censph/10/5975/mun/data?lang=ca&YEAR=2021&MUN=430120,430430,430477,430509,430957,430976,431009,431037,431093,431114,431227,431264,431310,431359,431444,431482,431536,431649,431665,431711,439057,439076&SEX=TOTAL"
2021,431114,"Pobla de Montornès, la",Y070,70 anys,TOTAL,POP,30.0,,"https://api.idescat.cat/taules/v2/censph/10/5975/mun/data?lang=ca&YEAR=2021&MUN=430120,430430,430477,430509,430957,430976,431009,431037,431093,431114,431227,431264,431310,431359,431444,431482,431536,431649,431665,431711,439057,439076&SEX=TOTAL"
2021,431114,"Pobla de Montornès, la",Y071,71 anys,TOTAL,POP,34,,"https://api.idescat.cat/taules/v2/censph/10/5975/mun/data?lang=ca&YEAR=2021&MUN=430120,430430,430477,430509,430957,430976,431009,431037,431093,431114,431227,431264,431310,431359,431444,431482,431536,431649,431665,431711,439057,439076&SEX=TOTAL"
2021,431114,"Pobla de Montornès, la",Y072,72 anys,TOTAL,POP,30.0,,"https://api.idescat.cat/taules/v2/censph/10/5975/mun/data?lang=ca&YEAR=2021&MUN=430120,430430,430477,430509,430957,430976,431009,431037,431093,431114,431227,431264,431310,431359,431444,431482,431536,431649,431665,431711,439057,439076&SEX=TOTAL"
2021,431114,"Pobla de Montornès, la",Y073,73 anys,TOTAL,POP,35,,"https://api.idescat.cat/taules/v2/censph/10/5975/mun/data?lang=ca&YEAR=2021&MUN=430120,430430,430477,430509,430957,430976,431009,431037,431093,431114,431227,431264,431310,431359,431444,431482,431536,431649,431665,431711,439057,439076&SEX=TOTAL"
2021,431114,"Pobla de Montornès, la",Y074,74 anys,TOTAL,POP,27,,"https://api.idescat.cat/taules/v2/censph/10/5975/mun/data?lang=ca&YEAR=2021&MUN=430120,430430,430477,430509,430957,430976,431009,431037,431093,431114,431227,431264,431310,431359,431444,431482,431536,431649,431665,431711,439057,439076&SEX=TOTAL"
2021,431114,"Pobla de Montornès, la",Y075,75 anys,TOTAL,POP,25,,"https://api.idescat.cat/taules/v2/censph/10/5975/mun/data?lang=ca&YEAR=2021&MUN=430120,430430,430477,430509,430957,430976,431009,431037,431093,431114,431227,431264,431310,431359,431444,431482,431536,431649,431665,431711,439057,439076&SEX=TOTAL"
2021,431114,"Pobla de Montornès, la",Y076,76 anys,TOTAL,POP,28,,"https://api.idescat.cat/taules/v2/censph/10/5975/mun/data?lang=ca&YEAR=2021&MUN=430120,430430,430477,430509,430957,430976,431009,431037,431093,431114,431227,431264,431310,431359,431444,431482,431536,431649,431665,431711,439057,439076&SEX=TOTAL"
2021,431114,"Pobla de Montornès, la",Y077,77 anys,TOTAL,POP,37,,"https://api.idescat.cat/taules/v2/censph/10/5975/mun/data?lang=ca&YEAR=2021&MUN=430120,430430,430477,430509,430957,430976,431009,431037,431093,431114,431227,431264,431310,431359,431444,431482,431536,431649,431665,431711,439057,439076&SEX=TOTAL"
2021,431114,"Pobla de Montornès, la",Y078,78 anys,TOTAL,POP,24,,"https://api.idescat.cat/taules/v2/censph/10/5975/mun/data?lang=ca&YEAR=2021&MUN=430120,430430,430477,430509,430957,430976,431009,431037,431093,431114,431227,431264,431310,431359,431444,431482,431536,431649,431665,431711,439057,439076&SEX=TOTAL"
2021,431114,"Pobla de Montornès, la",Y079,79 anys,TOTAL,POP,16,,"https://api.idescat.cat/taules/v2/censph/10/5975/mun/data?lang=ca&YEAR=2021&MUN=430120,430430,430477,430509,430957,430976,431009,431037,431093,431114,431227,431264,431310,431359,431444,431482,431536,431649,431665,431711,439057,439076&SEX=TOTAL"
2021,431114,"Pobla de Montornès, la",Y080,80 anys,TOTAL,POP,22,,"https://api.idescat.cat/taules/v2/censph/10/5975/mun/data?lang=ca&YEAR=2021&MUN=430120,430430,430477,430509,430957,430976,431009,431037,431093,431114,431227,431264,431310,431359,431444,431482,431536,431649,431665,431711,439057,439076&SEX=TOTAL"
2021,431114,"Pobla de Montornès, la",Y081,81 anys,TOTAL,POP,15,,"https://api.idescat.cat/taules/v2/censph/10/5975/mun/data?lang=ca&YEAR=2021&MUN=430120,430430,430477,430509,430957,430976,431009,431037,431093,431114,431227,431264,431310,431359,431444,431482,431536,431649,431665,431711,439057,439076&SEX=TOTAL"
2021,431114,"Pobla de Montornès, la",Y082,82 anys,TOTAL,POP,11,,"https://api.idescat.cat/taules/v2/censph/10/5975/mun/data?lang=ca&YEAR=2021&MUN=430120,430430,430477,430509,430957,430976,431009,431037,431093,431114,431227,431264,431310,431359,431444,431482,431536,431649,431665,431711,439057,439076&SEX=TOTAL"
2021,431114,"Pobla de Montornès, la",Y083,83 anys,TOTAL,POP,18,,"https://api.idescat.cat/taules/v2/censph/10/5975/mun/data?lang=ca&YEAR=2021&MUN=430120,430430,430477,430509,430957,430976,431009,431037,431093,431114,431227,431264,431310,431359,431444,431482,431536,431649,431665,431711,439057,439076&SEX=TOTAL"
2021,431114,"Pobla de Montornès, la",Y084,84 anys,TOTAL,POP,14,,"https://api.idescat.cat/taules/v2/censph/10/5975/mun/data?lang=ca&YEAR=2021&MUN=430120,430430,430477,430509,430957,430976,431009,431037,431093,431114,431227,431264,431310,431359,431444,431482,431536,431649,431665,431711,439057,439076&SEX=TOTAL"
2021,431114,"Pobla de Montornès, la",Y085,85 anys,TOTAL,POP,12,,"https://api.idescat.cat/taules/v2/censph/10/5975/mun/data?lang=ca&YEAR=2021&MUN=430120,430430,430477,430509,430957,430976,431009,431037,431093,431114,431227,431264,431310,431359,431444,431482,431536,431649,431665,431711,439057,439076&SEX=TOTAL"
2021,431114,"Pobla de Montornès, la",Y086,86 anys,TOTAL,POP,14,,"https://api.idescat.cat/taules/v2/censph/10/5975/mun/data?lang=ca&YEAR=2021&MUN=430120,430430,430477,430509,430957,430976,431009,431037,431093,431114,431227,431264,431310,431359,431444,431482,431536,431649,431665,431711,439057,439076&SEX=TOTAL"
2021,431114,"Pobla de Montornès, la",Y087,87 anys,TOTAL,POP,7,,"https://api.idescat.cat/taules/v2/censph/10/5975/mun/data?lang=ca&YEAR=2021&MUN=430120,430430,430477,430509,430957,430976,431009,431037,431093,431114,431227,431264,431310,431359,431444,431482,431536,431649,431665,431711,439057,439076&SEX=TOTAL"
2021,431114,"Pobla de Montornès, la",Y088,88 anys,TOTAL,POP,14,,"https://api.idescat.cat/taules/v2/censph/10/5975/mun/data?lang=ca&YEAR=2021&MUN=430120,430430,430477,430509,430957,430976,431009,431037,431093,431114,431227,431264,431310,431359,431444,431482,431536,431649,431665,431711,439057,439076&SEX=TOTAL"
2021,431114,"Pobla de Montornès, la",Y089,89 anys,TOTAL,POP,9,,"https://api.idescat.cat/taules/v2/censph/10/5975/mun/data?lang=ca&YEAR=2021&MUN=430120,430430,430477,430509,430957,430976,431009,431037,431093,431114,431227,431264,431310,431359,431444,431482,431536,431649,431665,431711,439057,439076&SEX=TOTAL"
2021,431114,"Pobla de Montornès, la",Y090,90 anys,TOTAL,POP,4,,"https://api.idescat.cat/taules/v2/censph/10/5975/mun/data?lang=ca&YEAR=2021&MUN=430120,430430,430477,430509,430957,430976,431009,431037,431093,431114,431227,431264,431310,431359,431444,431482,431536,431649,431665,431711,439057,439076&SEX=TOTAL"
2021,431114,"Pobla de Montornès, la",Y091,91 anys,TOTAL,POP,6,,"https://api.idescat.cat/taules/v2/censph/10/5975/mun/data?lang=ca&YEAR=2021&MUN=430120,430430,430477,430509,430957,430976,431009,431037,431093,431114,431227,431264,431310,431359,431444,431482,431536,431649,431665,431711,439057,439076&SEX=TOTAL"
2021,431114,"Pobla de Montornès, la",Y092,92 anys,TOTAL,POP,1,,"https://api.idescat.cat/taules/v2/censph/10/5975/mun/data?lang=ca&YEAR=2021&MUN=430120,430430,430477,430509,430957,430976,431009,431037,431093,431114,431227,431264,431310,431359,431444,431482,431536,431649,431665,431711,439057,439076&SEX=TOTAL"
2021,431114,"Pobla de Montornès, la",Y093,93 anys,TOTAL,POP,1,,"https://api.idescat.cat/taules/v2/censph/10/5975/mun/data?lang=ca&YEAR=2021&MUN=430120,430430,430477,430509,430957,430976,431009,431037,431093,431114,431227,431264,431310,431359,431444,431482,431536,431649,431665,431711,439057,439076&SEX=TOTAL"
2021,431114,"Pobla de Montornès, la",Y094,94 anys,TOTAL,POP,0,,"https://api.idescat.cat/taules/v2/censph/10/5975/mun/data?lang=ca&YEAR=2021&MUN=430120,430430,430477,430509,430957,430976,431009,431037,431093,431114,431227,431264,431310,431359,431444,431482,431536,431649,431665,431711,439057,439076&SEX=TOTAL"
2021,431114,"Pobla de Montornès, la",Y095,95 anys,TOTAL,POP,1,,"https://api.idescat.cat/taules/v2/censph/10/5975/mun/data?lang=ca&YEAR=2021&MUN=430120,430430,430477,430509,430957,430976,431009,431037,431093,431114,431227,431264,431310,431359,431444,431482,431536,431649,431665,431711,439057,439076&SEX=TOTAL"
2021,431114,"Pobla de Montornès, la",Y096,96 anys,TOTAL,POP,1,,"https://api.idescat.cat/taules/v2/censph/10/5975/mun/data?lang=ca&YEAR=2021&MUN=430120,430430,430477,430509,430957,430976,431009,431037,431093,431114,431227,431264,431310,431359,431444,431482,431536,431649,431665,431711,439057,439076&SEX=TOTAL"
2021,431114,"Pobla de Montornès, la",Y097,97 anys,TOTAL,POP,0,,"https://api.idescat.cat/taules/v2/censph/10/5975/mun/data?lang=ca&YEAR=2021&MUN=430120,430430,430477,430509,430957,430976,431009,431037,431093,431114,431227,431264,431310,431359,431444,431482,431536,431649,431665,431711,439057,439076&SEX=TOTAL"
2021,431114,"Pobla de Montornès, la",Y098,98 anys,TOTAL,POP,0,,"https://api.idescat.cat/taules/v2/censph/10/5975/mun/data?lang=ca&YEAR=2021&MUN=430120,430430,430477,430509,430957,430976,431009,431037,431093,431114,431227,431264,431310,431359,431444,431482,431536,431649,431665,431711,439057,439076&SEX=TOTAL"
2021,431114,"Pobla de Montornès, la",Y099,99 anys,TOTAL,POP,0,,"https://api.idescat.cat/taules/v2/censph/10/5975/mun/data?lang=ca&YEAR=2021&MUN=430120,430430,430477,430509,430957,430976,431009,431037,431093,431114,431227,431264,431310,431359,431444,431482,431536,431649,431665,431711,439057,439076&SEX=TOTAL"
2021,431114,"Pobla de Montornès, la",Y_GE100,100 anys o més,TOTAL,POP,1,,"https://api.idescat.cat/taules/v2/censph/10/5975/mun/data?lang=ca&YEAR=2021&MUN=430120,430430,430477,430509,430957,430976,431009,431037,431093,431114,431227,431264,431310,431359,431444,431482,431536,431649,431665,431711,439057,439076&SEX=TOTAL"
2021,431114,"Pobla de Montornès, la",TOTAL,total,TOTAL,POP,3002,,"https://api.idescat.cat/taules/v2/censph/10/5975/mun/data?lang=ca&YEAR=2021&MUN=430120,430430,430477,430509,430957,430976,431009,431037,431093,431114,431227,431264,431310,431359,431444,431482,431536,431649,431665,431711,439057,439076&SEX=TOTAL"
2021,431227,Renau,Y000,0 anys,TOTAL,POP,0,,"https://api.idescat.cat/taules/v2/censph/10/5975/mun/data?lang=ca&YEAR=2021&MUN=430120,430430,430477,430509,430957,430976,431009,431037,431093,431114,431227,431264,431310,431359,431444,431482,431536,431649,431665,431711,439057,439076&SEX=TOTAL"
2021,431227,Renau,Y001,1 any,TOTAL,POP,2,,"https://api.idescat.cat/taules/v2/censph/10/5975/mun/data?lang=ca&YEAR=2021&MUN=430120,430430,430477,430509,430957,430976,431009,431037,431093,431114,431227,431264,431310,431359,431444,431482,431536,431649,431665,431711,439057,439076&SEX=TOTAL"
2021,431227,Renau,Y002,2 anys,TOTAL,POP,2,,"https://api.idescat.cat/taules/v2/censph/10/5975/mun/data?lang=ca&YEAR=2021&MUN=430120,430430,430477,430509,430957,430976,431009,431037,431093,431114,431227,431264,431310,431359,431444,431482,431536,431649,431665,431711,439057,439076&SEX=TOTAL"
2021,431227,Renau,Y003,3 anys,TOTAL,POP,4,,"https://api.idescat.cat/taules/v2/censph/10/5975/mun/data?lang=ca&YEAR=2021&MUN=430120,430430,430477,430509,430957,430976,431009,431037,431093,431114,431227,431264,431310,431359,431444,431482,431536,431649,431665,431711,439057,439076&SEX=TOTAL"
2021,431227,Renau,Y004,4 anys,TOTAL,POP,2,,"https://api.idescat.cat/taules/v2/censph/10/5975/mun/data?lang=ca&YEAR=2021&MUN=430120,430430,430477,430509,430957,430976,431009,431037,431093,431114,431227,431264,431310,431359,431444,431482,431536,431649,431665,431711,439057,439076&SEX=TOTAL"
2021,431227,Renau,Y005,5 anys,TOTAL,POP,2,,"https://api.idescat.cat/taules/v2/censph/10/5975/mun/data?lang=ca&YEAR=2021&MUN=430120,430430,430477,430509,430957,430976,431009,431037,431093,431114,431227,431264,431310,431359,431444,431482,431536,431649,431665,431711,439057,439076&SEX=TOTAL"
2021,431227,Renau,Y006,6 anys,TOTAL,POP,1,,"https://api.idescat.cat/taules/v2/censph/10/5975/mun/data?lang=ca&YEAR=2021&MUN=430120,430430,430477,430509,430957,430976,431009,431037,431093,431114,431227,431264,431310,431359,431444,431482,431536,431649,431665,431711,439057,439076&SEX=TOTAL"
2021,431227,Renau,Y007,7 anys,TOTAL,POP,0,,"https://api.idescat.cat/taules/v2/censph/10/5975/mun/data?lang=ca&YEAR=2021&MUN=430120,430430,430477,430509,430957,430976,431009,431037,431093,431114,431227,431264,431310,431359,431444,431482,431536,431649,431665,431711,439057,439076&SEX=TOTAL"
2021,431227,Renau,Y008,8 anys,TOTAL,POP,3,,"https://api.idescat.cat/taules/v2/censph/10/5975/mun/data?lang=ca&YEAR=2021&MUN=430120,430430,430477,430509,430957,430976,431009,431037,431093,431114,431227,431264,431310,431359,431444,431482,431536,431649,431665,431711,439057,439076&SEX=TOTAL"
2021,431227,Renau,Y009,9 anys,TOTAL,POP,7,,"https://api.idescat.cat/taules/v2/censph/10/5975/mun/data?lang=ca&YEAR=2021&MUN=430120,430430,430477,430509,430957,430976,431009,431037,431093,431114,431227,431264,431310,431359,431444,431482,431536,431649,431665,431711,439057,439076&SEX=TOTAL"
2021,431227,Renau,Y010,10 anys,TOTAL,POP,5,,"https://api.idescat.cat/taules/v2/censph/10/5975/mun/data?lang=ca&YEAR=2021&MUN=430120,430430,430477,430509,430957,430976,431009,431037,431093,431114,431227,431264,431310,431359,431444,431482,431536,431649,431665,431711,439057,439076&SEX=TOTAL"
2021,431227,Renau,Y011,11 anys,TOTAL,POP,0,,"https://api.idescat.cat/taules/v2/censph/10/5975/mun/data?lang=ca&YEAR=2021&MUN=430120,430430,430477,430509,430957,430976,431009,431037,431093,431114,431227,431264,431310,431359,431444,431482,431536,431649,431665,431711,439057,439076&SEX=TOTAL"
2021,431227,Renau,Y012,12 anys,TOTAL,POP,1,,"https://api.idescat.cat/taules/v2/censph/10/5975/mun/data?lang=ca&YEAR=2021&MUN=430120,430430,430477,430509,430957,430976,431009,431037,431093,431114,431227,431264,431310,431359,431444,431482,431536,431649,431665,431711,439057,439076&SEX=TOTAL"
2021,431227,Renau,Y013,13 anys,TOTAL,POP,1,,"https://api.idescat.cat/taules/v2/censph/10/5975/mun/data?lang=ca&YEAR=2021&MUN=430120,430430,430477,430509,430957,430976,431009,431037,431093,431114,431227,431264,431310,431359,431444,431482,431536,431649,431665,431711,439057,439076&SEX=TOTAL"
2021,431227,Renau,Y014,14 anys,TOTAL,POP,1,,"https://api.idescat.cat/taules/v2/censph/10/5975/mun/data?lang=ca&YEAR=2021&MUN=430120,430430,430477,430509,430957,430976,431009,431037,431093,431114,431227,431264,431310,431359,431444,431482,431536,431649,431665,431711,439057,439076&SEX=TOTAL"
2021,431227,Renau,Y015,15 anys,TOTAL,POP,2,,"https://api.idescat.cat/taules/v2/censph/10/5975/mun/data?lang=ca&YEAR=2021&MUN=430120,430430,430477,430509,430957,430976,431009,431037,431093,431114,431227,431264,431310,431359,431444,431482,431536,431649,431665,431711,439057,439076&SEX=TOTAL"
2021,431227,Renau,Y016,16 anys,TOTAL,POP,4,,"https://api.idescat.cat/taules/v2/censph/10/5975/mun/data?lang=ca&YEAR=2021&MUN=430120,430430,430477,430509,430957,430976,431009,431037,431093,431114,431227,431264,431310,431359,431444,431482,431536,431649,431665,431711,439057,439076&SEX=TOTAL"
2021,431227,Renau,Y017,17 anys,TOTAL,POP,0,,"https://api.idescat.cat/taules/v2/censph/10/5975/mun/data?lang=ca&YEAR=2021&MUN=430120,430430,430477,430509,430957,430976,431009,431037,431093,431114,431227,431264,431310,431359,431444,431482,431536,431649,431665,431711,439057,439076&SEX=TOTAL"
2021,431227,Renau,Y018,18 anys,TOTAL,POP,1,,"https://api.idescat.cat/taules/v2/censph/10/5975/mun/data?lang=ca&YEAR=2021&MUN=430120,430430,430477,430509,430957,430976,431009,431037,431093,431114,431227,431264,431310,431359,431444,431482,431536,431649,431665,431711,439057,439076&SEX=TOTAL"
2021,431227,Renau,Y019,19 anys,TOTAL,POP,2,,"https://api.idescat.cat/taules/v2/censph/10/5975/mun/data?lang=ca&YEAR=2021&MUN=430120,430430,430477,430509,430957,430976,431009,431037,431093,431114,431227,431264,431310,431359,431444,431482,431536,431649,431665,431711,439057,439076&SEX=TOTAL"
2021,431227,Renau,Y020,20 anys,TOTAL,POP,0,,"https://api.idescat.cat/taules/v2/censph/10/5975/mun/data?lang=ca&YEAR=2021&MUN=430120,430430,430477,430509,430957,430976,431009,431037,431093,431114,431227,431264,431310,431359,431444,431482,431536,431649,431665,431711,439057,439076&SEX=TOTAL"
2021,431227,Renau,Y021,21 anys,TOTAL,POP,1,,"https://api.idescat.cat/taules/v2/censph/10/5975/mun/data?lang=ca&YEAR=2021&MUN=430120,430430,430477,430509,430957,430976,431009,431037,431093,431114,431227,431264,431310,431359,431444,431482,431536,431649,431665,431711,439057,439076&SEX=TOTAL"
2021,431227,Renau,Y022,22 anys,TOTAL,POP,2,,"https://api.idescat.cat/taules/v2/censph/10/5975/mun/data?lang=ca&YEAR=2021&MUN=430120,430430,430477,430509,430957,430976,431009,431037,431093,431114,431227,431264,431310,431359,431444,431482,431536,431649,431665,431711,439057,439076&SEX=TOTAL"
2021,431227,Renau,Y023,23 anys,TOTAL,POP,0,,"https://api.idescat.cat/taules/v2/censph/10/5975/mun/data?lang=ca&YEAR=2021&MUN=430120,430430,430477,430509,430957,430976,431009,431037,431093,431114,431227,431264,431310,431359,431444,431482,431536,431649,431665,431711,439057,439076&SEX=TOTAL"
2021,431227,Renau,Y024,24 anys,TOTAL,POP,0,,"https://api.idescat.cat/taules/v2/censph/10/5975/mun/data?lang=ca&YEAR=2021&MUN=430120,430430,430477,430509,430957,430976,431009,431037,431093,431114,431227,431264,431310,431359,431444,431482,431536,431649,431665,431711,439057,439076&SEX=TOTAL"
2021,431227,Renau,Y025,25 anys,TOTAL,POP,2,,"https://api.idescat.cat/taules/v2/censph/10/5975/mun/data?lang=ca&YEAR=2021&MUN=430120,430430,430477,430509,430957,430976,431009,431037,431093,431114,431227,431264,431310,431359,431444,431482,431536,431649,431665,431711,439057,439076&SEX=TOTAL"
2021,431227,Renau,Y026,26 anys,TOTAL,POP,2,,"https://api.idescat.cat/taules/v2/censph/10/5975/mun/data?lang=ca&YEAR=2021&MUN=430120,430430,430477,430509,430957,430976,431009,431037,431093,431114,431227,431264,431310,431359,431444,431482,431536,431649,431665,431711,439057,439076&SEX=TOTAL"
2021,431227,Renau,Y027,27 anys,TOTAL,POP,1,,"https://api.idescat.cat/taules/v2/censph/10/5975/mun/data?lang=ca&YEAR=2021&MUN=430120,430430,430477,430509,430957,430976,431009,431037,431093,431114,431227,431264,431310,431359,431444,431482,431536,431649,431665,431711,439057,439076&SEX=TOTAL"
2021,431227,Renau,Y028,28 anys,TOTAL,POP,0,,"https://api.idescat.cat/taules/v2/censph/10/5975/mun/data?lang=ca&YEAR=2021&MUN=430120,430430,430477,430509,430957,430976,431009,431037,431093,431114,431227,431264,431310,431359,431444,431482,431536,431649,431665,431711,439057,439076&SEX=TOTAL"
2021,431227,Renau,Y029,29 anys,TOTAL,POP,2,,"https://api.idescat.cat/taules/v2/censph/10/5975/mun/data?lang=ca&YEAR=2021&MUN=430120,430430,430477,430509,430957,430976,431009,431037,431093,431114,431227,431264,431310,431359,431444,431482,431536,431649,431665,431711,439057,439076&SEX=TOTAL"
2021,431227,Renau,Y030,30 anys,TOTAL,POP,2,,"https://api.idescat.cat/taules/v2/censph/10/5975/mun/data?lang=ca&YEAR=2021&MUN=430120,430430,430477,430509,430957,430976,431009,431037,431093,431114,431227,431264,431310,431359,431444,431482,431536,431649,431665,431711,439057,439076&SEX=TOTAL"
2021,431227,Renau,Y031,31 anys,TOTAL,POP,2,,"https://api.idescat.cat/taules/v2/censph/10/5975/mun/data?lang=ca&YEAR=2021&MUN=430120,430430,430477,430509,430957,430976,431009,431037,431093,431114,431227,431264,431310,431359,431444,431482,431536,431649,431665,431711,439057,439076&SEX=TOTAL"
2021,431227,Renau,Y032,32 anys,TOTAL,POP,3,,"https://api.idescat.cat/taules/v2/censph/10/5975/mun/data?lang=ca&YEAR=2021&MUN=430120,430430,430477,430509,430957,430976,431009,431037,431093,431114,431227,431264,431310,431359,431444,431482,431536,431649,431665,431711,439057,439076&SEX=TOTAL"
2021,431227,Renau,Y033,33 anys,TOTAL,POP,2,,"https://api.idescat.cat/taules/v2/censph/10/5975/mun/data?lang=ca&YEAR=2021&MUN=430120,430430,430477,430509,430957,430976,431009,431037,431093,431114,431227,431264,431310,431359,431444,431482,431536,431649,431665,431711,439057,439076&SEX=TOTAL"
2021,431227,Renau,Y034,34 anys,TOTAL,POP,1,,"https://api.idescat.cat/taules/v2/censph/10/5975/mun/data?lang=ca&YEAR=2021&MUN=430120,430430,430477,430509,430957,430976,431009,431037,431093,431114,431227,431264,431310,431359,431444,431482,431536,431649,431665,431711,439057,439076&SEX=TOTAL"
2021,431227,Renau,Y035,35 anys,TOTAL,POP,3,,"https://api.idescat.cat/taules/v2/censph/10/5975/mun/data?lang=ca&YEAR=2021&MUN=430120,430430,430477,430509,430957,430976,431009,431037,431093,431114,431227,431264,431310,431359,431444,431482,431536,431649,431665,431711,439057,439076&SEX=TOTAL"
2021,431227,Renau,Y036,36 anys,TOTAL,POP,2,,"https://api.idescat.cat/taules/v2/censph/10/5975/mun/data?lang=ca&YEAR=2021&MUN=430120,430430,430477,430509,430957,430976,431009,431037,431093,431114,431227,431264,431310,431359,431444,431482,431536,431649,431665,431711,439057,439076&SEX=TOTAL"
2021,431227,Renau,Y037,37 anys,TOTAL,POP,1,,"https://api.idescat.cat/taules/v2/censph/10/5975/mun/data?lang=ca&YEAR=2021&MUN=430120,430430,430477,430509,430957,430976,431009,431037,431093,431114,431227,431264,431310,431359,431444,431482,431536,431649,431665,431711,439057,439076&SEX=TOTAL"
2021,431227,Renau,Y038,38 anys,TOTAL,POP,1,,"https://api.idescat.cat/taules/v2/censph/10/5975/mun/data?lang=ca&YEAR=2021&MUN=430120,430430,430477,430509,430957,430976,431009,431037,431093,431114,431227,431264,431310,431359,431444,431482,431536,431649,431665,431711,439057,439076&SEX=TOTAL"
2021,431227,Renau,Y039,39 anys,TOTAL,POP,4,,"https://api.idescat.cat/taules/v2/censph/10/5975/mun/data?lang=ca&YEAR=2021&MUN=430120,430430,430477,430509,430957,430976,431009,431037,431093,431114,431227,431264,431310,431359,431444,431482,431536,431649,431665,431711,439057,439076&SEX=TOTAL"
2021,431227,Renau,Y040,40 anys,TOTAL,POP,4,,"https://api.idescat.cat/taules/v2/censph/10/5975/mun/data?lang=ca&YEAR=2021&MUN=430120,430430,430477,430509,430957,430976,431009,431037,431093,431114,431227,431264,431310,431359,431444,431482,431536,431649,431665,431711,439057,439076&SEX=TOTAL"
2021,431227,Renau,Y041,41 anys,TOTAL,POP,4,,"https://api.idescat.cat/taules/v2/censph/10/5975/mun/data?lang=ca&YEAR=2021&MUN=430120,430430,430477,430509,430957,430976,431009,431037,431093,431114,431227,431264,431310,431359,431444,431482,431536,431649,431665,431711,439057,439076&SEX=TOTAL"
2021,431227,Renau,Y042,42 anys,TOTAL,POP,5,,"https://api.idescat.cat/taules/v2/censph/10/5975/mun/data?lang=ca&YEAR=2021&MUN=430120,430430,430477,430509,430957,430976,431009,431037,431093,431114,431227,431264,431310,431359,431444,431482,431536,431649,431665,431711,439057,439076&SEX=TOTAL"
2021,431227,Renau,Y043,43 anys,TOTAL,POP,3,,"https://api.idescat.cat/taules/v2/censph/10/5975/mun/data?lang=ca&YEAR=2021&MUN=430120,430430,430477,430509,430957,430976,431009,431037,431093,431114,431227,431264,431310,431359,431444,431482,431536,431649,431665,431711,439057,439076&SEX=TOTAL"
2021,431227,Renau,Y044,44 anys,TOTAL,POP,5,,"https://api.idescat.cat/taules/v2/censph/10/5975/mun/data?lang=ca&YEAR=2021&MUN=430120,430430,430477,430509,430957,430976,431009,431037,431093,431114,431227,431264,431310,431359,431444,431482,431536,431649,431665,431711,439057,439076&SEX=TOTAL"
2021,431227,Renau,Y045,45 anys,TOTAL,POP,4,,"https://api.idescat.cat/taules/v2/censph/10/5975/mun/data?lang=ca&YEAR=2021&MUN=430120,430430,430477,430509,430957,430976,431009,431037,431093,431114,431227,431264,431310,431359,431444,431482,431536,431649,431665,431711,439057,439076&SEX=TOTAL"
2021,431227,Renau,Y046,46 anys,TOTAL,POP,3,,"https://api.idescat.cat/taules/v2/censph/10/5975/mun/data?lang=ca&YEAR=2021&MUN=430120,430430,430477,430509,430957,430976,431009,431037,431093,431114,431227,431264,431310,431359,431444,431482,431536,431649,431665,431711,439057,439076&SEX=TOTAL"
2021,431227,Renau,Y047,47 anys,TOTAL,POP,2,,"https://api.idescat.cat/taules/v2/censph/10/5975/mun/data?lang=ca&YEAR=2021&MUN=430120,430430,430477,430509,430957,430976,431009,431037,431093,431114,431227,431264,431310,431359,431444,431482,431536,431649,431665,431711,439057,439076&SEX=TOTAL"
2021,431227,Renau,Y048,48 anys,TOTAL,POP,2,,"https://api.idescat.cat/taules/v2/censph/10/5975/mun/data?lang=ca&YEAR=2021&MUN=430120,430430,430477,430509,430957,430976,431009,431037,431093,431114,431227,431264,431310,431359,431444,431482,431536,431649,431665,431711,439057,439076&SEX=TOTAL"
2021,431227,Renau,Y049,49 anys,TOTAL,POP,7,,"https://api.idescat.cat/taules/v2/censph/10/5975/mun/data?lang=ca&YEAR=2021&MUN=430120,430430,430477,430509,430957,430976,431009,431037,431093,431114,431227,431264,431310,431359,431444,431482,431536,431649,431665,431711,439057,439076&SEX=TOTAL"
2021,431227,Renau,Y050,50 anys,TOTAL,POP,1,,"https://api.idescat.cat/taules/v2/censph/10/5975/mun/data?lang=ca&YEAR=2021&MUN=430120,430430,430477,430509,430957,430976,431009,431037,431093,431114,431227,431264,431310,431359,431444,431482,431536,431649,431665,431711,439057,439076&SEX=TOTAL"
2021,431227,Renau,Y051,51 anys,TOTAL,POP,2,,"https://api.idescat.cat/taules/v2/censph/10/5975/mun/data?lang=ca&YEAR=2021&MUN=430120,430430,430477,430509,430957,430976,431009,431037,431093,431114,431227,431264,431310,431359,431444,431482,431536,431649,431665,431711,439057,439076&SEX=TOTAL"
2021,431227,Renau,Y052,52 anys,TOTAL,POP,3,,"https://api.idescat.cat/taules/v2/censph/10/5975/mun/data?lang=ca&YEAR=2021&MUN=430120,430430,430477,430509,430957,430976,431009,431037,431093,431114,431227,431264,431310,431359,431444,431482,431536,431649,431665,431711,439057,439076&SEX=TOTAL"
2021,431227,Renau,Y053,53 anys,TOTAL,POP,6,,"https://api.idescat.cat/taules/v2/censph/10/5975/mun/data?lang=ca&YEAR=2021&MUN=430120,430430,430477,430509,430957,430976,431009,431037,431093,431114,431227,431264,431310,431359,431444,431482,431536,431649,431665,431711,439057,439076&SEX=TOTAL"
2021,431227,Renau,Y054,54 anys,TOTAL,POP,1,,"https://api.idescat.cat/taules/v2/censph/10/5975/mun/data?lang=ca&YEAR=2021&MUN=430120,430430,430477,430509,430957,430976,431009,431037,431093,431114,431227,431264,431310,431359,431444,431482,431536,431649,431665,431711,439057,439076&SEX=TOTAL"
2021,431227,Renau,Y055,55 anys,TOTAL,POP,2,,"https://api.idescat.cat/taules/v2/censph/10/5975/mun/data?lang=ca&YEAR=2021&MUN=430120,430430,430477,430509,430957,430976,431009,431037,431093,431114,431227,431264,431310,431359,431444,431482,431536,431649,431665,431711,439057,439076&SEX=TOTAL"
2021,431227,Renau,Y056,56 anys,TOTAL,POP,4,,"https://api.idescat.cat/taules/v2/censph/10/5975/mun/data?lang=ca&YEAR=2021&MUN=430120,430430,430477,430509,430957,430976,431009,431037,431093,431114,431227,431264,431310,431359,431444,431482,431536,431649,431665,431711,439057,439076&SEX=TOTAL"
2021,431227,Renau,Y057,57 anys,TOTAL,POP,3,,"https://api.idescat.cat/taules/v2/censph/10/5975/mun/data?lang=ca&YEAR=2021&MUN=430120,430430,430477,430509,430957,430976,431009,431037,431093,431114,431227,431264,431310,431359,431444,431482,431536,431649,431665,431711,439057,439076&SEX=TOTAL"
2021,431227,Renau,Y058,58 anys,TOTAL,POP,2,,"https://api.idescat.cat/taules/v2/censph/10/5975/mun/data?lang=ca&YEAR=2021&MUN=430120,430430,430477,430509,430957,430976,431009,431037,431093,431114,431227,431264,431310,431359,431444,431482,431536,431649,431665,431711,439057,439076&SEX=TOTAL"
2021,431227,Renau,Y059,59 anys,TOTAL,POP,2,,"https://api.idescat.cat/taules/v2/censph/10/5975/mun/data?lang=ca&YEAR=2021&MUN=430120,430430,430477,430509,430957,430976,431009,431037,431093,431114,431227,431264,431310,431359,431444,431482,431536,431649,431665,431711,439057,439076&SEX=TOTAL"
2021,431227,Renau,Y060,60 anys,TOTAL,POP,0,,"https://api.idescat.cat/taules/v2/censph/10/5975/mun/data?lang=ca&YEAR=2021&MUN=430120,430430,430477,430509,430957,430976,431009,431037,431093,431114,431227,431264,431310,431359,431444,431482,431536,431649,431665,431711,439057,439076&SEX=TOTAL"
2021,431227,Renau,Y061,61 anys,TOTAL,POP,2,,"https://api.idescat.cat/taules/v2/censph/10/5975/mun/data?lang=ca&YEAR=2021&MUN=430120,430430,430477,430509,430957,430976,431009,431037,431093,431114,431227,431264,431310,431359,431444,431482,431536,431649,431665,431711,439057,439076&SEX=TOTAL"
2021,431227,Renau,Y062,62 anys,TOTAL,POP,1,,"https://api.idescat.cat/taules/v2/censph/10/5975/mun/data?lang=ca&YEAR=2021&MUN=430120,430430,430477,430509,430957,430976,431009,431037,431093,431114,431227,431264,431310,431359,431444,431482,431536,431649,431665,431711,439057,439076&SEX=TOTAL"
2021,431227,Renau,Y063,63 anys,TOTAL,POP,2,,"https://api.idescat.cat/taules/v2/censph/10/5975/mun/data?lang=ca&YEAR=2021&MUN=430120,430430,430477,430509,430957,430976,431009,431037,431093,431114,431227,431264,431310,431359,431444,431482,431536,431649,431665,431711,439057,439076&SEX=TOTAL"
2021,431227,Renau,Y064,64 anys,TOTAL,POP,2,,"https://api.idescat.cat/taules/v2/censph/10/5975/mun/data?lang=ca&YEAR=2021&MUN=430120,430430,430477,430509,430957,430976,431009,431037,431093,431114,431227,431264,431310,431359,431444,431482,431536,431649,431665,431711,439057,439076&SEX=TOTAL"
2021,431227,Renau,Y065,65 anys,TOTAL,POP,0,,"https://api.idescat.cat/taules/v2/censph/10/5975/mun/data?lang=ca&YEAR=2021&MUN=430120,430430,430477,430509,430957,430976,431009,431037,431093,431114,431227,431264,431310,431359,431444,431482,431536,431649,431665,431711,439057,439076&SEX=TOTAL"
2021,431227,Renau,Y066,66 anys,TOTAL,POP,1,,"https://api.idescat.cat/taules/v2/censph/10/5975/mun/data?lang=ca&YEAR=2021&MUN=430120,430430,430477,430509,430957,430976,431009,431037,431093,431114,431227,431264,431310,431359,431444,431482,431536,431649,431665,431711,439057,439076&SEX=TOTAL"
2021,431227,Renau,Y067,67 anys,TOTAL,POP,2,,"https://api.idescat.cat/taules/v2/censph/10/5975/mun/data?lang=ca&YEAR=2021&MUN=430120,430430,430477,430509,430957,430976,431009,431037,431093,431114,431227,431264,431310,431359,431444,431482,431536,431649,431665,431711,439057,439076&SEX=TOTAL"
2021,431227,Renau,Y068,68 anys,TOTAL,POP,0,,"https://api.idescat.cat/taules/v2/censph/10/5975/mun/data?lang=ca&YEAR=2021&MUN=430120,430430,430477,430509,430957,430976,431009,431037,431093,431114,431227,431264,431310,431359,431444,431482,431536,431649,431665,431711,439057,439076&SEX=TOTAL"
2021,431227,Renau,Y069,69 anys,TOTAL,POP,0,,"https://api.idescat.cat/taules/v2/censph/10/5975/mun/data?lang=ca&YEAR=2021&MUN=430120,430430,430477,430509,430957,430976,431009,431037,431093,431114,431227,431264,431310,431359,431444,431482,431536,431649,431665,431711,439057,439076&SEX=TOTAL"
2021,431227,Renau,Y070,70 anys,TOTAL,POP,0,,"https://api.idescat.cat/taules/v2/censph/10/5975/mun/data?lang=ca&YEAR=2021&MUN=430120,430430,430477,430509,430957,430976,431009,431037,431093,431114,431227,431264,431310,431359,431444,431482,431536,431649,431665,431711,439057,439076&SEX=TOTAL"
2021,431227,Renau,Y071,71 anys,TOTAL,POP,3,,"https://api.idescat.cat/taules/v2/censph/10/5975/mun/data?lang=ca&YEAR=2021&MUN=430120,430430,430477,430509,430957,430976,431009,431037,431093,431114,431227,431264,431310,431359,431444,431482,431536,431649,431665,431711,439057,439076&SEX=TOTAL"
2021,431227,Renau,Y072,72 anys,TOTAL,POP,2,,"https://api.idescat.cat/taules/v2/censph/10/5975/mun/data?lang=ca&YEAR=2021&MUN=430120,430430,430477,430509,430957,430976,431009,431037,431093,431114,431227,431264,431310,431359,431444,431482,431536,431649,431665,431711,439057,439076&SEX=TOTAL"
2021,431227,Renau,Y073,73 anys,TOTAL,POP,0,,"https://api.idescat.cat/taules/v2/censph/10/5975/mun/data?lang=ca&YEAR=2021&MUN=430120,430430,430477,430509,430957,430976,431009,431037,431093,431114,431227,431264,431310,431359,431444,431482,431536,431649,431665,431711,439057,439076&SEX=TOTAL"
2021,431227,Renau,Y074,74 anys,TOTAL,POP,0,,"https://api.idescat.cat/taules/v2/censph/10/5975/mun/data?lang=ca&YEAR=2021&MUN=430120,430430,430477,430509,430957,430976,431009,431037,431093,431114,431227,431264,431310,431359,431444,431482,431536,431649,431665,431711,439057,439076&SEX=TOTAL"
2021,431227,Renau,Y075,75 anys,TOTAL,POP,1,,"https://api.idescat.cat/taules/v2/censph/10/5975/mun/data?lang=ca&YEAR=2021&MUN=430120,430430,430477,430509,430957,430976,431009,431037,431093,431114,431227,431264,431310,431359,431444,431482,431536,431649,431665,431711,439057,439076&SEX=TOTAL"
2021,431227,Renau,Y076,76 anys,TOTAL,POP,0,,"https://api.idescat.cat/taules/v2/censph/10/5975/mun/data?lang=ca&YEAR=2021&MUN=430120,430430,430477,430509,430957,430976,431009,431037,431093,431114,431227,431264,431310,431359,431444,431482,431536,431649,431665,431711,439057,439076&SEX=TOTAL"
2021,431227,Renau,Y077,77 anys,TOTAL,POP,0,,"https://api.idescat.cat/taules/v2/censph/10/5975/mun/data?lang=ca&YEAR=2021&MUN=430120,430430,430477,430509,430957,430976,431009,431037,431093,431114,431227,431264,431310,431359,431444,431482,431536,431649,431665,431711,439057,439076&SEX=TOTAL"
2021,431227,Renau,Y078,78 anys,TOTAL,POP,0,,"https://api.idescat.cat/taules/v2/censph/10/5975/mun/data?lang=ca&YEAR=2021&MUN=430120,430430,430477,430509,430957,430976,431009,431037,431093,431114,431227,431264,431310,431359,431444,431482,431536,431649,431665,431711,439057,439076&SEX=TOTAL"
2021,431227,Renau,Y079,79 anys,TOTAL,POP,0,,"https://api.idescat.cat/taules/v2/censph/10/5975/mun/data?lang=ca&YEAR=2021&MUN=430120,430430,430477,430509,430957,430976,431009,431037,431093,431114,431227,431264,431310,431359,431444,431482,431536,431649,431665,431711,439057,439076&SEX=TOTAL"
2021,431227,Renau,Y080,80 anys,TOTAL,POP,0,,"https://api.idescat.cat/taules/v2/censph/10/5975/mun/data?lang=ca&YEAR=2021&MUN=430120,430430,430477,430509,430957,430976,431009,431037,431093,431114,431227,431264,431310,431359,431444,431482,431536,431649,431665,431711,439057,439076&SEX=TOTAL"
2021,431227,Renau,Y081,81 anys,TOTAL,POP,0,,"https://api.idescat.cat/taules/v2/censph/10/5975/mun/data?lang=ca&YEAR=2021&MUN=430120,430430,430477,430509,430957,430976,431009,431037,431093,431114,431227,431264,431310,431359,431444,431482,431536,431649,431665,431711,439057,439076&SEX=TOTAL"
2021,431227,Renau,Y082,82 anys,TOTAL,POP,0,,"https://api.idescat.cat/taules/v2/censph/10/5975/mun/data?lang=ca&YEAR=2021&MUN=430120,430430,430477,430509,430957,430976,431009,431037,431093,431114,431227,431264,431310,431359,431444,431482,431536,431649,431665,431711,439057,439076&SEX=TOTAL"
2021,431227,Renau,Y083,83 anys,TOTAL,POP,1,,"https://api.idescat.cat/taules/v2/censph/10/5975/mun/data?lang=ca&YEAR=2021&MUN=430120,430430,430477,430509,430957,430976,431009,431037,431093,431114,431227,431264,431310,431359,431444,431482,431536,431649,431665,431711,439057,439076&SEX=TOTAL"
2021,431227,Renau,Y084,84 anys,TOTAL,POP,1,,"https://api.idescat.cat/taules/v2/censph/10/5975/mun/data?lang=ca&YEAR=2021&MUN=430120,430430,430477,430509,430957,430976,431009,431037,431093,431114,431227,431264,431310,431359,431444,431482,431536,431649,431665,431711,439057,439076&SEX=TOTAL"
2021,431227,Renau,Y085,85 anys,TOTAL,POP,1,,"https://api.idescat.cat/taules/v2/censph/10/5975/mun/data?lang=ca&YEAR=2021&MUN=430120,430430,430477,430509,430957,430976,431009,431037,431093,431114,431227,431264,431310,431359,431444,431482,431536,431649,431665,431711,439057,439076&SEX=TOTAL"
2021,431227,Renau,Y086,86 anys,TOTAL,POP,0,,"https://api.idescat.cat/taules/v2/censph/10/5975/mun/data?lang=ca&YEAR=2021&MUN=430120,430430,430477,430509,430957,430976,431009,431037,431093,431114,431227,431264,431310,431359,431444,431482,431536,431649,431665,431711,439057,439076&SEX=TOTAL"
2021,431227,Renau,Y087,87 anys,TOTAL,POP,1,,"https://api.idescat.cat/taules/v2/censph/10/5975/mun/data?lang=ca&YEAR=2021&MUN=430120,430430,430477,430509,430957,430976,431009,431037,431093,431114,431227,431264,431310,431359,431444,431482,431536,431649,431665,431711,439057,439076&SEX=TOTAL"
2021,431227,Renau,Y088,88 anys,TOTAL,POP,0,,"https://api.idescat.cat/taules/v2/censph/10/5975/mun/data?lang=ca&YEAR=2021&MUN=430120,430430,430477,430509,430957,430976,431009,431037,431093,431114,431227,431264,431310,431359,431444,431482,431536,431649,431665,431711,439057,439076&SEX=TOTAL"
2021,431227,Renau,Y089,89 anys,TOTAL,POP,0,,"https://api.idescat.cat/taules/v2/censph/10/5975/mun/data?lang=ca&YEAR=2021&MUN=430120,430430,430477,430509,430957,430976,431009,431037,431093,431114,431227,431264,431310,431359,431444,431482,431536,431649,431665,431711,439057,439076&SEX=TOTAL"
2021,431227,Renau,Y090,90 anys,TOTAL,POP,0,,"https://api.idescat.cat/taules/v2/censph/10/5975/mun/data?lang=ca&YEAR=2021&MUN=430120,430430,430477,430509,430957,430976,431009,431037,431093,431114,431227,431264,431310,431359,431444,431482,431536,431649,431665,431711,439057,439076&SEX=TOTAL"
2021,431227,Renau,Y091,91 anys,TOTAL,POP,0,,"https://api.idescat.cat/taules/v2/censph/10/5975/mun/data?lang=ca&YEAR=2021&MUN=430120,430430,430477,430509,430957,430976,431009,431037,431093,431114,431227,431264,431310,431359,431444,431482,431536,431649,431665,431711,439057,439076&SEX=TOTAL"
2021,431227,Renau,Y092,92 anys,TOTAL,POP,0,,"https://api.idescat.cat/taules/v2/censph/10/5975/mun/data?lang=ca&YEAR=2021&MUN=430120,430430,430477,430509,430957,430976,431009,431037,431093,431114,431227,431264,431310,431359,431444,431482,431536,431649,431665,431711,439057,439076&SEX=TOTAL"
2021,431227,Renau,Y093,93 anys,TOTAL,POP,0,,"https://api.idescat.cat/taules/v2/censph/10/5975/mun/data?lang=ca&YEAR=2021&MUN=430120,430430,430477,430509,430957,430976,431009,431037,431093,431114,431227,431264,431310,431359,431444,431482,431536,431649,431665,431711,439057,439076&SEX=TOTAL"
2021,431227,Renau,Y094,94 anys,TOTAL,POP,0,,"https://api.idescat.cat/taules/v2/censph/10/5975/mun/data?lang=ca&YEAR=2021&MUN=430120,430430,430477,430509,430957,430976,431009,431037,431093,431114,431227,431264,431310,431359,431444,431482,431536,431649,431665,431711,439057,439076&SEX=TOTAL"
2021,431227,Renau,Y095,95 anys,TOTAL,POP,0,,"https://api.idescat.cat/taules/v2/censph/10/5975/mun/data?lang=ca&YEAR=2021&MUN=430120,430430,430477,430509,430957,430976,431009,431037,431093,431114,431227,431264,431310,431359,431444,431482,431536,431649,431665,431711,439057,439076&SEX=TOTAL"
2021,431227,Renau,Y096,96 anys,TOTAL,POP,0,,"https://api.idescat.cat/taules/v2/censph/10/5975/mun/data?lang=ca&YEAR=2021&MUN=430120,430430,430477,430509,430957,430976,431009,431037,431093,431114,431227,431264,431310,431359,431444,431482,431536,431649,431665,431711,439057,439076&SEX=TOTAL"
2021,431227,Renau,Y097,97 anys,TOTAL,POP,0,,"https://api.idescat.cat/taules/v2/censph/10/5975/mun/data?lang=ca&YEAR=2021&MUN=430120,430430,430477,430509,430957,430976,431009,431037,431093,431114,431227,431264,431310,431359,431444,431482,431536,431649,431665,431711,439057,439076&SEX=TOTAL"
2021,431227,Renau,Y098,98 anys,TOTAL,POP,0,,"https://api.idescat.cat/taules/v2/censph/10/5975/mun/data?lang=ca&YEAR=2021&MUN=430120,430430,430477,430509,430957,430976,431009,431037,431093,431114,431227,431264,431310,431359,431444,431482,431536,431649,431665,431711,439057,439076&SEX=TOTAL"
2021,431227,Renau,Y099,99 anys,TOTAL,POP,0,,"https://api.idescat.cat/taules/v2/censph/10/5975/mun/data?lang=ca&YEAR=2021&MUN=430120,430430,430477,430509,430957,430976,431009,431037,431093,431114,431227,431264,431310,431359,431444,431482,431536,431649,431665,431711,439057,439076&SEX=TOTAL"
2021,431227,Renau,Y_GE100,100 anys o més,TOTAL,POP,0,,"https://api.idescat.cat/taules/v2/censph/10/5975/mun/data?lang=ca&YEAR=2021&MUN=430120,430430,430477,430509,430957,430976,431009,431037,431093,431114,431227,431264,431310,431359,431444,431482,431536,431649,431665,431711,439057,439076&SEX=TOTAL"
2021,431227,Renau,TOTAL,total,TOTAL,POP,156,,"https://api.idescat.cat/taules/v2/censph/10/5975/mun/data?lang=ca&YEAR=2021&MUN=430120,430430,430477,430509,430957,430976,431009,431037,431093,431114,431227,431264,431310,431359,431444,431482,431536,431649,431665,431711,439057,439076&SEX=TOTAL"
2021,431264,"Riera de Gaià, la",Y000,0 anys,TOTAL,POP,15,,"https://api.idescat.cat/taules/v2/censph/10/5975/mun/data?lang=ca&YEAR=2021&MUN=430120,430430,430477,430509,430957,430976,431009,431037,431093,431114,431227,431264,431310,431359,431444,431482,431536,431649,431665,431711,439057,439076&SEX=TOTAL"
2021,431264,"Riera de Gaià, la",Y001,1 any,TOTAL,POP,14,,"https://api.idescat.cat/taules/v2/censph/10/5975/mun/data?lang=ca&YEAR=2021&MUN=430120,430430,430477,430509,430957,430976,431009,431037,431093,431114,431227,431264,431310,431359,431444,431482,431536,431649,431665,431711,439057,439076&SEX=TOTAL"
2021,431264,"Riera de Gaià, la",Y002,2 anys,TOTAL,POP,13,,"https://api.idescat.cat/taules/v2/censph/10/5975/mun/data?lang=ca&YEAR=2021&MUN=430120,430430,430477,430509,430957,430976,431009,431037,431093,431114,431227,431264,431310,431359,431444,431482,431536,431649,431665,431711,439057,439076&SEX=TOTAL"
2021,431264,"Riera de Gaià, la",Y003,3 anys,TOTAL,POP,17,,"https://api.idescat.cat/taules/v2/censph/10/5975/mun/data?lang=ca&YEAR=2021&MUN=430120,430430,430477,430509,430957,430976,431009,431037,431093,431114,431227,431264,431310,431359,431444,431482,431536,431649,431665,431711,439057,439076&SEX=TOTAL"
2021,431264,"Riera de Gaià, la",Y004,4 anys,TOTAL,POP,17,,"https://api.idescat.cat/taules/v2/censph/10/5975/mun/data?lang=ca&YEAR=2021&MUN=430120,430430,430477,430509,430957,430976,431009,431037,431093,431114,431227,431264,431310,431359,431444,431482,431536,431649,431665,431711,439057,439076&SEX=TOTAL"
2021,431264,"Riera de Gaià, la",Y005,5 anys,TOTAL,POP,21,,"https://api.idescat.cat/taules/v2/censph/10/5975/mun/data?lang=ca&YEAR=2021&MUN=430120,430430,430477,430509,430957,430976,431009,431037,431093,431114,431227,431264,431310,431359,431444,431482,431536,431649,431665,431711,439057,439076&SEX=TOTAL"
2021,431264,"Riera de Gaià, la",Y006,6 anys,TOTAL,POP,23,,"https://api.idescat.cat/taules/v2/censph/10/5975/mun/data?lang=ca&YEAR=2021&MUN=430120,430430,430477,430509,430957,430976,431009,431037,431093,431114,431227,431264,431310,431359,431444,431482,431536,431649,431665,431711,439057,439076&SEX=TOTAL"
2021,431264,"Riera de Gaià, la",Y007,7 anys,TOTAL,POP,21,,"https://api.idescat.cat/taules/v2/censph/10/5975/mun/data?lang=ca&YEAR=2021&MUN=430120,430430,430477,430509,430957,430976,431009,431037,431093,431114,431227,431264,431310,431359,431444,431482,431536,431649,431665,431711,439057,439076&SEX=TOTAL"
2021,431264,"Riera de Gaià, la",Y008,8 anys,TOTAL,POP,23,,"https://api.idescat.cat/taules/v2/censph/10/5975/mun/data?lang=ca&YEAR=2021&MUN=430120,430430,430477,430509,430957,430976,431009,431037,431093,431114,431227,431264,431310,431359,431444,431482,431536,431649,431665,431711,439057,439076&SEX=TOTAL"
2021,431264,"Riera de Gaià, la",Y009,9 anys,TOTAL,POP,25,,"https://api.idescat.cat/taules/v2/censph/10/5975/mun/data?lang=ca&YEAR=2021&MUN=430120,430430,430477,430509,430957,430976,431009,431037,431093,431114,431227,431264,431310,431359,431444,431482,431536,431649,431665,431711,439057,439076&SEX=TOTAL"
2021,431264,"Riera de Gaià, la",Y010,10 anys,TOTAL,POP,32,,"https://api.idescat.cat/taules/v2/censph/10/5975/mun/data?lang=ca&YEAR=2021&MUN=430120,430430,430477,430509,430957,430976,431009,431037,431093,431114,431227,431264,431310,431359,431444,431482,431536,431649,431665,431711,439057,439076&SEX=TOTAL"
2021,431264,"Riera de Gaià, la",Y011,11 anys,TOTAL,POP,32,,"https://api.idescat.cat/taules/v2/censph/10/5975/mun/data?lang=ca&YEAR=2021&MUN=430120,430430,430477,430509,430957,430976,431009,431037,431093,431114,431227,431264,431310,431359,431444,431482,431536,431649,431665,431711,439057,439076&SEX=TOTAL"
2021,431264,"Riera de Gaià, la",Y012,12 anys,TOTAL,POP,21,,"https://api.idescat.cat/taules/v2/censph/10/5975/mun/data?lang=ca&YEAR=2021&MUN=430120,430430,430477,430509,430957,430976,431009,431037,431093,431114,431227,431264,431310,431359,431444,431482,431536,431649,431665,431711,439057,439076&SEX=TOTAL"
2021,431264,"Riera de Gaià, la",Y013,13 anys,TOTAL,POP,27,,"https://api.idescat.cat/taules/v2/censph/10/5975/mun/data?lang=ca&YEAR=2021&MUN=430120,430430,430477,430509,430957,430976,431009,431037,431093,431114,431227,431264,431310,431359,431444,431482,431536,431649,431665,431711,439057,439076&SEX=TOTAL"
2021,431264,"Riera de Gaià, la",Y014,14 anys,TOTAL,POP,38,,"https://api.idescat.cat/taules/v2/censph/10/5975/mun/data?lang=ca&YEAR=2021&MUN=430120,430430,430477,430509,430957,430976,431009,431037,431093,431114,431227,431264,431310,431359,431444,431482,431536,431649,431665,431711,439057,439076&SEX=TOTAL"
2021,431264,"Riera de Gaià, la",Y015,15 anys,TOTAL,POP,28,,"https://api.idescat.cat/taules/v2/censph/10/5975/mun/data?lang=ca&YEAR=2021&MUN=430120,430430,430477,430509,430957,430976,431009,431037,431093,431114,431227,431264,431310,431359,431444,431482,431536,431649,431665,431711,439057,439076&SEX=TOTAL"
2021,431264,"Riera de Gaià, la",Y016,16 anys,TOTAL,POP,32,,"https://api.idescat.cat/taules/v2/censph/10/5975/mun/data?lang=ca&YEAR=2021&MUN=430120,430430,430477,430509,430957,430976,431009,431037,431093,431114,431227,431264,431310,431359,431444,431482,431536,431649,431665,431711,439057,439076&SEX=TOTAL"
2021,431264,"Riera de Gaià, la",Y017,17 anys,TOTAL,POP,30.0,,"https://api.idescat.cat/taules/v2/censph/10/5975/mun/data?lang=ca&YEAR=2021&MUN=430120,430430,430477,430509,430957,430976,431009,431037,431093,431114,431227,431264,431310,431359,431444,431482,431536,431649,431665,431711,439057,439076&SEX=TOTAL"
2021,431264,"Riera de Gaià, la",Y018,18 anys,TOTAL,POP,12,,"https://api.idescat.cat/taules/v2/censph/10/5975/mun/data?lang=ca&YEAR=2021&MUN=430120,430430,430477,430509,430957,430976,431009,431037,431093,431114,431227,431264,431310,431359,431444,431482,431536,431649,431665,431711,439057,439076&SEX=TOTAL"
2021,431264,"Riera de Gaià, la",Y019,19 anys,TOTAL,POP,23,,"https://api.idescat.cat/taules/v2/censph/10/5975/mun/data?lang=ca&YEAR=2021&MUN=430120,430430,430477,430509,430957,430976,431009,431037,431093,431114,431227,431264,431310,431359,431444,431482,431536,431649,431665,431711,439057,439076&SEX=TOTAL"
2021,431264,"Riera de Gaià, la",Y020,20 anys,TOTAL,POP,22,,"https://api.idescat.cat/taules/v2/censph/10/5975/mun/data?lang=ca&YEAR=2021&MUN=430120,430430,430477,430509,430957,430976,431009,431037,431093,431114,431227,431264,431310,431359,431444,431482,431536,431649,431665,431711,439057,439076&SEX=TOTAL"
2021,431264,"Riera de Gaià, la",Y021,21 anys,TOTAL,POP,9,,"https://api.idescat.cat/taules/v2/censph/10/5975/mun/data?lang=ca&YEAR=2021&MUN=430120,430430,430477,430509,430957,430976,431009,431037,431093,431114,431227,431264,431310,431359,431444,431482,431536,431649,431665,431711,439057,439076&SEX=TOTAL"
2021,431264,"Riera de Gaià, la",Y022,22 anys,TOTAL,POP,10.0,,"https://api.idescat.cat/taules/v2/censph/10/5975/mun/data?lang=ca&YEAR=2021&MUN=430120,430430,430477,430509,430957,430976,431009,431037,431093,431114,431227,431264,431310,431359,431444,431482,431536,431649,431665,431711,439057,439076&SEX=TOTAL"
2021,431264,"Riera de Gaià, la",Y023,23 anys,TOTAL,POP,12,,"https://api.idescat.cat/taules/v2/censph/10/5975/mun/data?lang=ca&YEAR=2021&MUN=430120,430430,430477,430509,430957,430976,431009,431037,431093,431114,431227,431264,431310,431359,431444,431482,431536,431649,431665,431711,439057,439076&SEX=TOTAL"
2021,431264,"Riera de Gaià, la",Y024,24 anys,TOTAL,POP,11,,"https://api.idescat.cat/taules/v2/censph/10/5975/mun/data?lang=ca&YEAR=2021&MUN=430120,430430,430477,430509,430957,430976,431009,431037,431093,431114,431227,431264,431310,431359,431444,431482,431536,431649,431665,431711,439057,439076&SEX=TOTAL"
2021,431264,"Riera de Gaià, la",Y025,25 anys,TOTAL,POP,12,,"https://api.idescat.cat/taules/v2/censph/10/5975/mun/data?lang=ca&YEAR=2021&MUN=430120,430430,430477,430509,430957,430976,431009,431037,431093,431114,431227,431264,431310,431359,431444,431482,431536,431649,431665,431711,439057,439076&SEX=TOTAL"
2021,431264,"Riera de Gaià, la",Y026,26 anys,TOTAL,POP,13,,"https://api.idescat.cat/taules/v2/censph/10/5975/mun/data?lang=ca&YEAR=2021&MUN=430120,430430,430477,430509,430957,430976,431009,431037,431093,431114,431227,431264,431310,431359,431444,431482,431536,431649,431665,431711,439057,439076&SEX=TOTAL"
2021,431264,"Riera de Gaià, la",Y027,27 anys,TOTAL,POP,14,,"https://api.idescat.cat/taules/v2/censph/10/5975/mun/data?lang=ca&YEAR=2021&MUN=430120,430430,430477,430509,430957,430976,431009,431037,431093,431114,431227,431264,431310,431359,431444,431482,431536,431649,431665,431711,439057,439076&SEX=TOTAL"
2021,431264,"Riera de Gaià, la",Y028,28 anys,TOTAL,POP,10.0,,"https://api.idescat.cat/taules/v2/censph/10/5975/mun/data?lang=ca&YEAR=2021&MUN=430120,430430,430477,430509,430957,430976,431009,431037,431093,431114,431227,431264,431310,431359,431444,431482,431536,431649,431665,431711,439057,439076&SEX=TOTAL"
2021,431264,"Riera de Gaià, la",Y029,29 anys,TOTAL,POP,13,,"https://api.idescat.cat/taules/v2/censph/10/5975/mun/data?lang=ca&YEAR=2021&MUN=430120,430430,430477,430509,430957,430976,431009,431037,431093,431114,431227,431264,431310,431359,431444,431482,431536,431649,431665,431711,439057,439076&SEX=TOTAL"
2021,431264,"Riera de Gaià, la",Y030,30 anys,TOTAL,POP,11,,"https://api.idescat.cat/taules/v2/censph/10/5975/mun/data?lang=ca&YEAR=2021&MUN=430120,430430,430477,430509,430957,430976,431009,431037,431093,431114,431227,431264,431310,431359,431444,431482,431536,431649,431665,431711,439057,439076&SEX=TOTAL"
2021,431264,"Riera de Gaià, la",Y031,31 anys,TOTAL,POP,10.0,,"https://api.idescat.cat/taules/v2/censph/10/5975/mun/data?lang=ca&YEAR=2021&MUN=430120,430430,430477,430509,430957,430976,431009,431037,431093,431114,431227,431264,431310,431359,431444,431482,431536,431649,431665,431711,439057,439076&SEX=TOTAL"
2021,431264,"Riera de Gaià, la",Y032,32 anys,TOTAL,POP,13,,"https://api.idescat.cat/taules/v2/censph/10/5975/mun/data?lang=ca&YEAR=2021&MUN=430120,430430,430477,430509,430957,430976,431009,431037,431093,431114,431227,431264,431310,431359,431444,431482,431536,431649,431665,431711,439057,439076&SEX=TOTAL"
2021,431264,"Riera de Gaià, la",Y033,33 anys,TOTAL,POP,24,,"https://api.idescat.cat/taules/v2/censph/10/5975/mun/data?lang=ca&YEAR=2021&MUN=430120,430430,430477,430509,430957,430976,431009,431037,431093,431114,431227,431264,431310,431359,431444,431482,431536,431649,431665,431711,439057,439076&SEX=TOTAL"
2021,431264,"Riera de Gaià, la",Y034,34 anys,TOTAL,POP,21,,"https://api.idescat.cat/taules/v2/censph/10/5975/mun/data?lang=ca&YEAR=2021&MUN=430120,430430,430477,430509,430957,430976,431009,431037,431093,431114,431227,431264,431310,431359,431444,431482,431536,431649,431665,431711,439057,439076&SEX=TOTAL"
2021,431264,"Riera de Gaià, la",Y035,35 anys,TOTAL,POP,19,,"https://api.idescat.cat/taules/v2/censph/10/5975/mun/data?lang=ca&YEAR=2021&MUN=430120,430430,430477,430509,430957,430976,431009,431037,431093,431114,431227,431264,431310,431359,431444,431482,431536,431649,431665,431711,439057,439076&SEX=TOTAL"
2021,431264,"Riera de Gaià, la",Y036,36 anys,TOTAL,POP,15,,"https://api.idescat.cat/taules/v2/censph/10/5975/mun/data?lang=ca&YEAR=2021&MUN=430120,430430,430477,430509,430957,430976,431009,431037,431093,431114,431227,431264,431310,431359,431444,431482,431536,431649,431665,431711,439057,439076&SEX=TOTAL"
2021,431264,"Riera de Gaià, la",Y037,37 anys,TOTAL,POP,22,,"https://api.idescat.cat/taules/v2/censph/10/5975/mun/data?lang=ca&YEAR=2021&MUN=430120,430430,430477,430509,430957,430976,431009,431037,431093,431114,431227,431264,431310,431359,431444,431482,431536,431649,431665,431711,439057,439076&SEX=TOTAL"
2021,431264,"Riera de Gaià, la",Y038,38 anys,TOTAL,POP,21,,"https://api.idescat.cat/taules/v2/censph/10/5975/mun/data?lang=ca&YEAR=2021&MUN=430120,430430,430477,430509,430957,430976,431009,431037,431093,431114,431227,431264,431310,431359,431444,431482,431536,431649,431665,431711,439057,439076&SEX=TOTAL"
2021,431264,"Riera de Gaià, la",Y039,39 anys,TOTAL,POP,22,,"https://api.idescat.cat/taules/v2/censph/10/5975/mun/data?lang=ca&YEAR=2021&MUN=430120,430430,430477,430509,430957,430976,431009,431037,431093,431114,431227,431264,431310,431359,431444,431482,431536,431649,431665,431711,439057,439076&SEX=TOTAL"
2021,431264,"Riera de Gaià, la",Y040,40 anys,TOTAL,POP,25,,"https://api.idescat.cat/taules/v2/censph/10/5975/mun/data?lang=ca&YEAR=2021&MUN=430120,430430,430477,430509,430957,430976,431009,431037,431093,431114,431227,431264,431310,431359,431444,431482,431536,431649,431665,431711,439057,439076&SEX=TOTAL"
2021,431264,"Riera de Gaià, la",Y041,41 anys,TOTAL,POP,30.0,,"https://api.idescat.cat/taules/v2/censph/10/5975/mun/data?lang=ca&YEAR=2021&MUN=430120,430430,430477,430509,430957,430976,431009,431037,431093,431114,431227,431264,431310,431359,431444,431482,431536,431649,431665,431711,439057,439076&SEX=TOTAL"
2021,431264,"Riera de Gaià, la",Y042,42 anys,TOTAL,POP,29,,"https://api.idescat.cat/taules/v2/censph/10/5975/mun/data?lang=ca&YEAR=2021&MUN=430120,430430,430477,430509,430957,430976,431009,431037,431093,431114,431227,431264,431310,431359,431444,431482,431536,431649,431665,431711,439057,439076&SEX=TOTAL"
2021,431264,"Riera de Gaià, la",Y043,43 anys,TOTAL,POP,37,,"https://api.idescat.cat/taules/v2/censph/10/5975/mun/data?lang=ca&YEAR=2021&MUN=430120,430430,430477,430509,430957,430976,431009,431037,431093,431114,431227,431264,431310,431359,431444,431482,431536,431649,431665,431711,439057,439076&SEX=TOTAL"
2021,431264,"Riera de Gaià, la",Y044,44 anys,TOTAL,POP,36,,"https://api.idescat.cat/taules/v2/censph/10/5975/mun/data?lang=ca&YEAR=2021&MUN=430120,430430,430477,430509,430957,430976,431009,431037,431093,431114,431227,431264,431310,431359,431444,431482,431536,431649,431665,431711,439057,439076&SEX=TOTAL"
2021,431264,"Riera de Gaià, la",Y045,45 anys,TOTAL,POP,44,,"https://api.idescat.cat/taules/v2/censph/10/5975/mun/data?lang=ca&YEAR=2021&MUN=430120,430430,430477,430509,430957,430976,431009,431037,431093,431114,431227,431264,431310,431359,431444,431482,431536,431649,431665,431711,439057,439076&SEX=TOTAL"
2021,431264,"Riera de Gaià, la",Y046,46 anys,TOTAL,POP,48,,"https://api.idescat.cat/taules/v2/censph/10/5975/mun/data?lang=ca&YEAR=2021&MUN=430120,430430,430477,430509,430957,430976,431009,431037,431093,431114,431227,431264,431310,431359,431444,431482,431536,431649,431665,431711,439057,439076&SEX=TOTAL"
2021,431264,"Riera de Gaià, la",Y047,47 anys,TOTAL,POP,42,,"https://api.idescat.cat/taules/v2/censph/10/5975/mun/data?lang=ca&YEAR=2021&MUN=430120,430430,430477,430509,430957,430976,431009,431037,431093,431114,431227,431264,431310,431359,431444,431482,431536,431649,431665,431711,439057,439076&SEX=TOTAL"
2021,431264,"Riera de Gaià, la",Y048,48 anys,TOTAL,POP,31,,"https://api.idescat.cat/taules/v2/censph/10/5975/mun/data?lang=ca&YEAR=2021&MUN=430120,430430,430477,430509,430957,430976,431009,431037,431093,431114,431227,431264,431310,431359,431444,431482,431536,431649,431665,431711,439057,439076&SEX=TOTAL"
2021,431264,"Riera de Gaià, la",Y049,49 anys,TOTAL,POP,40.0,,"https://api.idescat.cat/taules/v2/censph/10/5975/mun/data?lang=ca&YEAR=2021&MUN=430120,430430,430477,430509,430957,430976,431009,431037,431093,431114,431227,431264,431310,431359,431444,431482,431536,431649,431665,431711,439057,439076&SEX=TOTAL"
2021,431264,"Riera de Gaià, la",Y050,50 anys,TOTAL,POP,36,,"https://api.idescat.cat/taules/v2/censph/10/5975/mun/data?lang=ca&YEAR=2021&MUN=430120,430430,430477,430509,430957,430976,431009,431037,431093,431114,431227,431264,431310,431359,431444,431482,431536,431649,431665,431711,439057,439076&SEX=TOTAL"
2021,431264,"Riera de Gaià, la",Y051,51 anys,TOTAL,POP,34,,"https://api.idescat.cat/taules/v2/censph/10/5975/mun/data?lang=ca&YEAR=2021&MUN=430120,430430,430477,430509,430957,430976,431009,431037,431093,431114,431227,431264,431310,431359,431444,431482,431536,431649,431665,431711,439057,439076&SEX=TOTAL"
2021,431264,"Riera de Gaià, la",Y052,52 anys,TOTAL,POP,24,,"https://api.idescat.cat/taules/v2/censph/10/5975/mun/data?lang=ca&YEAR=2021&MUN=430120,430430,430477,430509,430957,430976,431009,431037,431093,431114,431227,431264,431310,431359,431444,431482,431536,431649,431665,431711,439057,439076&SEX=TOTAL"
2021,431264,"Riera de Gaià, la",Y053,53 anys,TOTAL,POP,25,,"https://api.idescat.cat/taules/v2/censph/10/5975/mun/data?lang=ca&YEAR=2021&MUN=430120,430430,430477,430509,430957,430976,431009,431037,431093,431114,431227,431264,431310,431359,431444,431482,431536,431649,431665,431711,439057,439076&SEX=TOTAL"
2021,431264,"Riera de Gaià, la",Y054,54 anys,TOTAL,POP,29,,"https://api.idescat.cat/taules/v2/censph/10/5975/mun/data?lang=ca&YEAR=2021&MUN=430120,430430,430477,430509,430957,430976,431009,431037,431093,431114,431227,431264,431310,431359,431444,431482,431536,431649,431665,431711,439057,439076&SEX=TOTAL"
2021,431264,"Riera de Gaià, la",Y055,55 anys,TOTAL,POP,20.0,,"https://api.idescat.cat/taules/v2/censph/10/5975/mun/data?lang=ca&YEAR=2021&MUN=430120,430430,430477,430509,430957,430976,431009,431037,431093,431114,431227,431264,431310,431359,431444,431482,431536,431649,431665,431711,439057,439076&SEX=TOTAL"
2021,431264,"Riera de Gaià, la",Y056,56 anys,TOTAL,POP,21,,"https://api.idescat.cat/taules/v2/censph/10/5975/mun/data?lang=ca&YEAR=2021&MUN=430120,430430,430477,430509,430957,430976,431009,431037,431093,431114,431227,431264,431310,431359,431444,431482,431536,431649,431665,431711,439057,439076&SEX=TOTAL"
2021,431264,"Riera de Gaià, la",Y057,57 anys,TOTAL,POP,23,,"https://api.idescat.cat/taules/v2/censph/10/5975/mun/data?lang=ca&YEAR=2021&MUN=430120,430430,430477,430509,430957,430976,431009,431037,431093,431114,431227,431264,431310,431359,431444,431482,431536,431649,431665,431711,439057,439076&SEX=TOTAL"
2021,431264,"Riera de Gaià, la",Y058,58 anys,TOTAL,POP,12,,"https://api.idescat.cat/taules/v2/censph/10/5975/mun/data?lang=ca&YEAR=2021&MUN=430120,430430,430477,430509,430957,430976,431009,431037,431093,431114,431227,431264,431310,431359,431444,431482,431536,431649,431665,431711,439057,439076&SEX=TOTAL"
2021,431264,"Riera de Gaià, la",Y059,59 anys,TOTAL,POP,23,,"https://api.idescat.cat/taules/v2/censph/10/5975/mun/data?lang=ca&YEAR=2021&MUN=430120,430430,430477,430509,430957,430976,431009,431037,431093,431114,431227,431264,431310,431359,431444,431482,431536,431649,431665,431711,439057,439076&SEX=TOTAL"
2021,431264,"Riera de Gaià, la",Y060,60 anys,TOTAL,POP,22,,"https://api.idescat.cat/taules/v2/censph/10/5975/mun/data?lang=ca&YEAR=2021&MUN=430120,430430,430477,430509,430957,430976,431009,431037,431093,431114,431227,431264,431310,431359,431444,431482,431536,431649,431665,431711,439057,439076&SEX=TOTAL"
2021,431264,"Riera de Gaià, la",Y061,61 anys,TOTAL,POP,19,,"https://api.idescat.cat/taules/v2/censph/10/5975/mun/data?lang=ca&YEAR=2021&MUN=430120,430430,430477,430509,430957,430976,431009,431037,431093,431114,431227,431264,431310,431359,431444,431482,431536,431649,431665,431711,439057,439076&SEX=TOTAL"
2021,431264,"Riera de Gaià, la",Y062,62 anys,TOTAL,POP,23,,"https://api.idescat.cat/taules/v2/censph/10/5975/mun/data?lang=ca&YEAR=2021&MUN=430120,430430,430477,430509,430957,430976,431009,431037,431093,431114,431227,431264,431310,431359,431444,431482,431536,431649,431665,431711,439057,439076&SEX=TOTAL"
2021,431264,"Riera de Gaià, la",Y063,63 anys,TOTAL,POP,12,,"https://api.idescat.cat/taules/v2/censph/10/5975/mun/data?lang=ca&YEAR=2021&MUN=430120,430430,430477,430509,430957,430976,431009,431037,431093,431114,431227,431264,431310,431359,431444,431482,431536,431649,431665,431711,439057,439076&SEX=TOTAL"
2021,431264,"Riera de Gaià, la",Y064,64 anys,TOTAL,POP,21,,"https://api.idescat.cat/taules/v2/censph/10/5975/mun/data?lang=ca&YEAR=2021&MUN=430120,430430,430477,430509,430957,430976,431009,431037,431093,431114,431227,431264,431310,431359,431444,431482,431536,431649,431665,431711,439057,439076&SEX=TOTAL"
2021,431264,"Riera de Gaià, la",Y065,65 anys,TOTAL,POP,16,,"https://api.idescat.cat/taules/v2/censph/10/5975/mun/data?lang=ca&YEAR=2021&MUN=430120,430430,430477,430509,430957,430976,431009,431037,431093,431114,431227,431264,431310,431359,431444,431482,431536,431649,431665,431711,439057,439076&SEX=TOTAL"
2021,431264,"Riera de Gaià, la",Y066,66 anys,TOTAL,POP,19,,"https://api.idescat.cat/taules/v2/censph/10/5975/mun/data?lang=ca&YEAR=2021&MUN=430120,430430,430477,430509,430957,430976,431009,431037,431093,431114,431227,431264,431310,431359,431444,431482,431536,431649,431665,431711,439057,439076&SEX=TOTAL"
2021,431264,"Riera de Gaià, la",Y067,67 anys,TOTAL,POP,13,,"https://api.idescat.cat/taules/v2/censph/10/5975/mun/data?lang=ca&YEAR=2021&MUN=430120,430430,430477,430509,430957,430976,431009,431037,431093,431114,431227,431264,431310,431359,431444,431482,431536,431649,431665,431711,439057,439076&SEX=TOTAL"
2021,431264,"Riera de Gaià, la",Y068,68 anys,TOTAL,POP,12,,"https://api.idescat.cat/taules/v2/censph/10/5975/mun/data?lang=ca&YEAR=2021&MUN=430120,430430,430477,430509,430957,430976,431009,431037,431093,431114,431227,431264,431310,431359,431444,431482,431536,431649,431665,431711,439057,439076&SEX=TOTAL"
2021,431264,"Riera de Gaià, la",Y069,69 anys,TOTAL,POP,17,,"https://api.idescat.cat/taules/v2/censph/10/5975/mun/data?lang=ca&YEAR=2021&MUN=430120,430430,430477,430509,430957,430976,431009,431037,431093,431114,431227,431264,431310,431359,431444,431482,431536,431649,431665,431711,439057,439076&SEX=TOTAL"
2021,431264,"Riera de Gaià, la",Y070,70 anys,TOTAL,POP,9,,"https://api.idescat.cat/taules/v2/censph/10/5975/mun/data?lang=ca&YEAR=2021&MUN=430120,430430,430477,430509,430957,430976,431009,431037,431093,431114,431227,431264,431310,431359,431444,431482,431536,431649,431665,431711,439057,439076&SEX=TOTAL"
2021,431264,"Riera de Gaià, la",Y071,71 anys,TOTAL,POP,7,,"https://api.idescat.cat/taules/v2/censph/10/5975/mun/data?lang=ca&YEAR=2021&MUN=430120,430430,430477,430509,430957,430976,431009,431037,431093,431114,431227,431264,431310,431359,431444,431482,431536,431649,431665,431711,439057,439076&SEX=TOTAL"
2021,431264,"Riera de Gaià, la",Y072,72 anys,TOTAL,POP,20.0,,"https://api.idescat.cat/taules/v2/censph/10/5975/mun/data?lang=ca&YEAR=2021&MUN=430120,430430,430477,430509,430957,430976,431009,431037,431093,431114,431227,431264,431310,431359,431444,431482,431536,431649,431665,431711,439057,439076&SEX=TOTAL"
2021,431264,"Riera de Gaià, la",Y073,73 anys,TOTAL,POP,12,,"https://api.idescat.cat/taules/v2/censph/10/5975/mun/data?lang=ca&YEAR=2021&MUN=430120,430430,430477,430509,430957,430976,431009,431037,431093,431114,431227,431264,431310,431359,431444,431482,431536,431649,431665,431711,439057,439076&SEX=TOTAL"
2021,431264,"Riera de Gaià, la",Y074,74 anys,TOTAL,POP,11,,"https://api.idescat.cat/taules/v2/censph/10/5975/mun/data?lang=ca&YEAR=2021&MUN=430120,430430,430477,430509,430957,430976,431009,431037,431093,431114,431227,431264,431310,431359,431444,431482,431536,431649,431665,431711,439057,439076&SEX=TOTAL"
2021,431264,"Riera de Gaià, la",Y075,75 anys,TOTAL,POP,13,,"https://api.idescat.cat/taules/v2/censph/10/5975/mun/data?lang=ca&YEAR=2021&MUN=430120,430430,430477,430509,430957,430976,431009,431037,431093,431114,431227,431264,431310,431359,431444,431482,431536,431649,431665,431711,439057,439076&SEX=TOTAL"
2021,431264,"Riera de Gaià, la",Y076,76 anys,TOTAL,POP,8,,"https://api.idescat.cat/taules/v2/censph/10/5975/mun/data?lang=ca&YEAR=2021&MUN=430120,430430,430477,430509,430957,430976,431009,431037,431093,431114,431227,431264,431310,431359,431444,431482,431536,431649,431665,431711,439057,439076&SEX=TOTAL"
2021,431264,"Riera de Gaià, la",Y077,77 anys,TOTAL,POP,12,,"https://api.idescat.cat/taules/v2/censph/10/5975/mun/data?lang=ca&YEAR=2021&MUN=430120,430430,430477,430509,430957,430976,431009,431037,431093,431114,431227,431264,431310,431359,431444,431482,431536,431649,431665,431711,439057,439076&SEX=TOTAL"
2021,431264,"Riera de Gaià, la",Y078,78 anys,TOTAL,POP,10.0,,"https://api.idescat.cat/taules/v2/censph/10/5975/mun/data?lang=ca&YEAR=2021&MUN=430120,430430,430477,430509,430957,430976,431009,431037,431093,431114,431227,431264,431310,431359,431444,431482,431536,431649,431665,431711,439057,439076&SEX=TOTAL"
2021,431264,"Riera de Gaià, la",Y079,79 anys,TOTAL,POP,10.0,,"https://api.idescat.cat/taules/v2/censph/10/5975/mun/data?lang=ca&YEAR=2021&MUN=430120,430430,430477,430509,430957,430976,431009,431037,431093,431114,431227,431264,431310,431359,431444,431482,431536,431649,431665,431711,439057,439076&SEX=TOTAL"
2021,431264,"Riera de Gaià, la",Y080,80 anys,TOTAL,POP,7,,"https://api.idescat.cat/taules/v2/censph/10/5975/mun/data?lang=ca&YEAR=2021&MUN=430120,430430,430477,430509,430957,430976,431009,431037,431093,431114,431227,431264,431310,431359,431444,431482,431536,431649,431665,431711,439057,439076&SEX=TOTAL"
2021,431264,"Riera de Gaià, la",Y081,81 anys,TOTAL,POP,3,,"https://api.idescat.cat/taules/v2/censph/10/5975/mun/data?lang=ca&YEAR=2021&MUN=430120,430430,430477,430509,430957,430976,431009,431037,431093,431114,431227,431264,431310,431359,431444,431482,431536,431649,431665,431711,439057,439076&SEX=TOTAL"
2021,431264,"Riera de Gaià, la",Y082,82 anys,TOTAL,POP,3,,"https://api.idescat.cat/taules/v2/censph/10/5975/mun/data?lang=ca&YEAR=2021&MUN=430120,430430,430477,430509,430957,430976,431009,431037,431093,431114,431227,431264,431310,431359,431444,431482,431536,431649,431665,431711,439057,439076&SEX=TOTAL"
2021,431264,"Riera de Gaià, la",Y083,83 anys,TOTAL,POP,10.0,,"https://api.idescat.cat/taules/v2/censph/10/5975/mun/data?lang=ca&YEAR=2021&MUN=430120,430430,430477,430509,430957,430976,431009,431037,431093,431114,431227,431264,431310,431359,431444,431482,431536,431649,431665,431711,439057,439076&SEX=TOTAL"
2021,431264,"Riera de Gaià, la",Y084,84 anys,TOTAL,POP,6,,"https://api.idescat.cat/taules/v2/censph/10/5975/mun/data?lang=ca&YEAR=2021&MUN=430120,430430,430477,430509,430957,430976,431009,431037,431093,431114,431227,431264,431310,431359,431444,431482,431536,431649,431665,431711,439057,439076&SEX=TOTAL"
2021,431264,"Riera de Gaià, la",Y085,85 anys,TOTAL,POP,8,,"https://api.idescat.cat/taules/v2/censph/10/5975/mun/data?lang=ca&YEAR=2021&MUN=430120,430430,430477,430509,430957,430976,431009,431037,431093,431114,431227,431264,431310,431359,431444,431482,431536,431649,431665,431711,439057,439076&SEX=TOTAL"
2021,431264,"Riera de Gaià, la",Y086,86 anys,TOTAL,POP,6,,"https://api.idescat.cat/taules/v2/censph/10/5975/mun/data?lang=ca&YEAR=2021&MUN=430120,430430,430477,430509,430957,430976,431009,431037,431093,431114,431227,431264,431310,431359,431444,431482,431536,431649,431665,431711,439057,439076&SEX=TOTAL"
2021,431264,"Riera de Gaià, la",Y087,87 anys,TOTAL,POP,8,,"https://api.idescat.cat/taules/v2/censph/10/5975/mun/data?lang=ca&YEAR=2021&MUN=430120,430430,430477,430509,430957,430976,431009,431037,431093,431114,431227,431264,431310,431359,431444,431482,431536,431649,431665,431711,439057,439076&SEX=TOTAL"
2021,431264,"Riera de Gaià, la",Y088,88 anys,TOTAL,POP,7,,"https://api.idescat.cat/taules/v2/censph/10/5975/mun/data?lang=ca&YEAR=2021&MUN=430120,430430,430477,430509,430957,430976,431009,431037,431093,431114,431227,431264,431310,431359,431444,431482,431536,431649,431665,431711,439057,439076&SEX=TOTAL"
2021,431264,"Riera de Gaià, la",Y089,89 anys,TOTAL,POP,4,,"https://api.idescat.cat/taules/v2/censph/10/5975/mun/data?lang=ca&YEAR=2021&MUN=430120,430430,430477,430509,430957,430976,431009,431037,431093,431114,431227,431264,431310,431359,431444,431482,431536,431649,431665,431711,439057,439076&SEX=TOTAL"
2021,431264,"Riera de Gaià, la",Y090,90 anys,TOTAL,POP,6,,"https://api.idescat.cat/taules/v2/censph/10/5975/mun/data?lang=ca&YEAR=2021&MUN=430120,430430,430477,430509,430957,430976,431009,431037,431093,431114,431227,431264,431310,431359,431444,431482,431536,431649,431665,431711,439057,439076&SEX=TOTAL"
2021,431264,"Riera de Gaià, la",Y091,91 anys,TOTAL,POP,6,,"https://api.idescat.cat/taules/v2/censph/10/5975/mun/data?lang=ca&YEAR=2021&MUN=430120,430430,430477,430509,430957,430976,431009,431037,431093,431114,431227,431264,431310,431359,431444,431482,431536,431649,431665,431711,439057,439076&SEX=TOTAL"
2021,431264,"Riera de Gaià, la",Y092,92 anys,TOTAL,POP,0,,"https://api.idescat.cat/taules/v2/censph/10/5975/mun/data?lang=ca&YEAR=2021&MUN=430120,430430,430477,430509,430957,430976,431009,431037,431093,431114,431227,431264,431310,431359,431444,431482,431536,431649,431665,431711,439057,439076&SEX=TOTAL"
2021,431264,"Riera de Gaià, la",Y093,93 anys,TOTAL,POP,4,,"https://api.idescat.cat/taules/v2/censph/10/5975/mun/data?lang=ca&YEAR=2021&MUN=430120,430430,430477,430509,430957,430976,431009,431037,431093,431114,431227,431264,431310,431359,431444,431482,431536,431649,431665,431711,439057,439076&SEX=TOTAL"
2021,431264,"Riera de Gaià, la",Y094,94 anys,TOTAL,POP,0,,"https://api.idescat.cat/taules/v2/censph/10/5975/mun/data?lang=ca&YEAR=2021&MUN=430120,430430,430477,430509,430957,430976,431009,431037,431093,431114,431227,431264,431310,431359,431444,431482,431536,431649,431665,431711,439057,439076&SEX=TOTAL"
2021,431264,"Riera de Gaià, la",Y095,95 anys,TOTAL,POP,2,,"https://api.idescat.cat/taules/v2/censph/10/5975/mun/data?lang=ca&YEAR=2021&MUN=430120,430430,430477,430509,430957,430976,431009,431037,431093,431114,431227,431264,431310,431359,431444,431482,431536,431649,431665,431711,439057,439076&SEX=TOTAL"
2021,431264,"Riera de Gaià, la",Y096,96 anys,TOTAL,POP,0,,"https://api.idescat.cat/taules/v2/censph/10/5975/mun/data?lang=ca&YEAR=2021&MUN=430120,430430,430477,430509,430957,430976,431009,431037,431093,431114,431227,431264,431310,431359,431444,431482,431536,431649,431665,431711,439057,439076&SEX=TOTAL"
2021,431264,"Riera de Gaià, la",Y097,97 anys,TOTAL,POP,1,,"https://api.idescat.cat/taules/v2/censph/10/5975/mun/data?lang=ca&YEAR=2021&MUN=430120,430430,430477,430509,430957,430976,431009,431037,431093,431114,431227,431264,431310,431359,431444,431482,431536,431649,431665,431711,439057,439076&SEX=TOTAL"
2021,431264,"Riera de Gaià, la",Y098,98 anys,TOTAL,POP,0,,"https://api.idescat.cat/taules/v2/censph/10/5975/mun/data?lang=ca&YEAR=2021&MUN=430120,430430,430477,430509,430957,430976,431009,431037,431093,431114,431227,431264,431310,431359,431444,431482,431536,431649,431665,431711,439057,439076&SEX=TOTAL"
2021,431264,"Riera de Gaià, la",Y099,99 anys,TOTAL,POP,1,,"https://api.idescat.cat/taules/v2/censph/10/5975/mun/data?lang=ca&YEAR=2021&MUN=430120,430430,430477,430509,430957,430976,431009,431037,431093,431114,431227,431264,431310,431359,431444,431482,431536,431649,431665,431711,439057,439076&SEX=TOTAL"
2021,431264,"Riera de Gaià, la",Y_GE100,100 anys o més,TOTAL,POP,0,,"https://api.idescat.cat/taules/v2/censph/10/5975/mun/data?lang=ca&YEAR=2021&MUN=430120,430430,430477,430509,430957,430976,431009,431037,431093,431114,431227,431264,431310,431359,431444,431482,431536,431649,431665,431711,439057,439076&SEX=TOTAL"
2021,431264,"Riera de Gaià, la",TOTAL,total,TOTAL,POP,1745,,"https://api.idescat.cat/taules/v2/censph/10/5975/mun/data?lang=ca&YEAR=2021&MUN=430120,430430,430477,430509,430957,430976,431009,431037,431093,431114,431227,431264,431310,431359,431444,431482,431536,431649,431665,431711,439057,439076&SEX=TOTAL"
2021,431310,Roda de Berà,Y000,0 anys,TOTAL,POP,64,,"https://api.idescat.cat/taules/v2/censph/10/5975/mun/data?lang=ca&YEAR=2021&MUN=430120,430430,430477,430509,430957,430976,431009,431037,431093,431114,431227,431264,431310,431359,431444,431482,431536,431649,431665,431711,439057,439076&SEX=TOTAL"
2021,431310,Roda de Berà,Y001,1 any,TOTAL,POP,69,,"https://api.idescat.cat/taules/v2/censph/10/5975/mun/data?lang=ca&YEAR=2021&MUN=430120,430430,430477,430509,430957,430976,431009,431037,431093,431114,431227,431264,431310,431359,431444,431482,431536,431649,431665,431711,439057,439076&SEX=TOTAL"
2021,431310,Roda de Berà,Y002,2 anys,TOTAL,POP,55,,"https://api.idescat.cat/taules/v2/censph/10/5975/mun/data?lang=ca&YEAR=2021&MUN=430120,430430,430477,430509,430957,430976,431009,431037,431093,431114,431227,431264,431310,431359,431444,431482,431536,431649,431665,431711,439057,439076&SEX=TOTAL"
2021,431310,Roda de Berà,Y003,3 anys,TOTAL,POP,75,,"https://api.idescat.cat/taules/v2/censph/10/5975/mun/data?lang=ca&YEAR=2021&MUN=430120,430430,430477,430509,430957,430976,431009,431037,431093,431114,431227,431264,431310,431359,431444,431482,431536,431649,431665,431711,439057,439076&SEX=TOTAL"
2021,431310,Roda de Berà,Y004,4 anys,TOTAL,POP,64,,"https://api.idescat.cat/taules/v2/censph/10/5975/mun/data?lang=ca&YEAR=2021&MUN=430120,430430,430477,430509,430957,430976,431009,431037,431093,431114,431227,431264,431310,431359,431444,431482,431536,431649,431665,431711,439057,439076&SEX=TOTAL"
2021,431310,Roda de Berà,Y005,5 anys,TOTAL,POP,82,,"https://api.idescat.cat/taules/v2/censph/10/5975/mun/data?lang=ca&YEAR=2021&MUN=430120,430430,430477,430509,430957,430976,431009,431037,431093,431114,431227,431264,431310,431359,431444,431482,431536,431649,431665,431711,439057,439076&SEX=TOTAL"
2021,431310,Roda de Berà,Y006,6 anys,TOTAL,POP,69,,"https://api.idescat.cat/taules/v2/censph/10/5975/mun/data?lang=ca&YEAR=2021&MUN=430120,430430,430477,430509,430957,430976,431009,431037,431093,431114,431227,431264,431310,431359,431444,431482,431536,431649,431665,431711,439057,439076&SEX=TOTAL"
2021,431310,Roda de Berà,Y007,7 anys,TOTAL,POP,82,,"https://api.idescat.cat/taules/v2/censph/10/5975/mun/data?lang=ca&YEAR=2021&MUN=430120,430430,430477,430509,430957,430976,431009,431037,431093,431114,431227,431264,431310,431359,431444,431482,431536,431649,431665,431711,439057,439076&SEX=TOTAL"
2021,431310,Roda de Berà,Y008,8 anys,TOTAL,POP,60.0,,"https://api.idescat.cat/taules/v2/censph/10/5975/mun/data?lang=ca&YEAR=2021&MUN=430120,430430,430477,430509,430957,430976,431009,431037,431093,431114,431227,431264,431310,431359,431444,431482,431536,431649,431665,431711,439057,439076&SEX=TOTAL"
2021,431310,Roda de Berà,Y009,9 anys,TOTAL,POP,62,,"https://api.idescat.cat/taules/v2/censph/10/5975/mun/data?lang=ca&YEAR=2021&MUN=430120,430430,430477,430509,430957,430976,431009,431037,431093,431114,431227,431264,431310,431359,431444,431482,431536,431649,431665,431711,439057,439076&SEX=TOTAL"
2021,431310,Roda de Berà,Y010,10 anys,TOTAL,POP,85,,"https://api.idescat.cat/taules/v2/censph/10/5975/mun/data?lang=ca&YEAR=2021&MUN=430120,430430,430477,430509,430957,430976,431009,431037,431093,431114,431227,431264,431310,431359,431444,431482,431536,431649,431665,431711,439057,439076&SEX=TOTAL"
2021,431310,Roda de Berà,Y011,11 anys,TOTAL,POP,75,,"https://api.idescat.cat/taules/v2/censph/10/5975/mun/data?lang=ca&YEAR=2021&MUN=430120,430430,430477,430509,430957,430976,431009,431037,431093,431114,431227,431264,431310,431359,431444,431482,431536,431649,431665,431711,439057,439076&SEX=TOTAL"
2021,431310,Roda de Berà,Y012,12 anys,TOTAL,POP,78,,"https://api.idescat.cat/taules/v2/censph/10/5975/mun/data?lang=ca&YEAR=2021&MUN=430120,430430,430477,430509,430957,430976,431009,431037,431093,431114,431227,431264,431310,431359,431444,431482,431536,431649,431665,431711,439057,439076&SEX=TOTAL"
2021,431310,Roda de Berà,Y013,13 anys,TOTAL,POP,79,,"https://api.idescat.cat/taules/v2/censph/10/5975/mun/data?lang=ca&YEAR=2021&MUN=430120,430430,430477,430509,430957,430976,431009,431037,431093,431114,431227,431264,431310,431359,431444,431482,431536,431649,431665,431711,439057,439076&SEX=TOTAL"
2021,431310,Roda de Berà,Y014,14 anys,TOTAL,POP,75,,"https://api.idescat.cat/taules/v2/censph/10/5975/mun/data?lang=ca&YEAR=2021&MUN=430120,430430,430477,430509,430957,430976,431009,431037,431093,431114,431227,431264,431310,431359,431444,431482,431536,431649,431665,431711,439057,439076&SEX=TOTAL"
2021,431310,Roda de Berà,Y015,15 anys,TOTAL,POP,70.0,,"https://api.idescat.cat/taules/v2/censph/10/5975/mun/data?lang=ca&YEAR=2021&MUN=430120,430430,430477,430509,430957,430976,431009,431037,431093,431114,431227,431264,431310,431359,431444,431482,431536,431649,431665,431711,439057,439076&SEX=TOTAL"
2021,431310,Roda de Berà,Y016,16 anys,TOTAL,POP,72,,"https://api.idescat.cat/taules/v2/censph/10/5975/mun/data?lang=ca&YEAR=2021&MUN=430120,430430,430477,430509,430957,430976,431009,431037,431093,431114,431227,431264,431310,431359,431444,431482,431536,431649,431665,431711,439057,439076&SEX=TOTAL"
2021,431310,Roda de Berà,Y017,17 anys,TOTAL,POP,68,,"https://api.idescat.cat/taules/v2/censph/10/5975/mun/data?lang=ca&YEAR=2021&MUN=430120,430430,430477,430509,430957,430976,431009,431037,431093,431114,431227,431264,431310,431359,431444,431482,431536,431649,431665,431711,439057,439076&SEX=TOTAL"
2021,431310,Roda de Berà,Y018,18 anys,TOTAL,POP,82,,"https://api.idescat.cat/taules/v2/censph/10/5975/mun/data?lang=ca&YEAR=2021&MUN=430120,430430,430477,430509,430957,430976,431009,431037,431093,431114,431227,431264,431310,431359,431444,431482,431536,431649,431665,431711,439057,439076&SEX=TOTAL"
2021,431310,Roda de Berà,Y019,19 anys,TOTAL,POP,68,,"https://api.idescat.cat/taules/v2/censph/10/5975/mun/data?lang=ca&YEAR=2021&MUN=430120,430430,430477,430509,430957,430976,431009,431037,431093,431114,431227,431264,431310,431359,431444,431482,431536,431649,431665,431711,439057,439076&SEX=TOTAL"
2021,431310,Roda de Berà,Y020,20 anys,TOTAL,POP,72,,"https://api.idescat.cat/taules/v2/censph/10/5975/mun/data?lang=ca&YEAR=2021&MUN=430120,430430,430477,430509,430957,430976,431009,431037,431093,431114,431227,431264,431310,431359,431444,431482,431536,431649,431665,431711,439057,439076&SEX=TOTAL"
2021,431310,Roda de Berà,Y021,21 anys,TOTAL,POP,62,,"https://api.idescat.cat/taules/v2/censph/10/5975/mun/data?lang=ca&YEAR=2021&MUN=430120,430430,430477,430509,430957,430976,431009,431037,431093,431114,431227,431264,431310,431359,431444,431482,431536,431649,431665,431711,439057,439076&SEX=TOTAL"
2021,431310,Roda de Berà,Y022,22 anys,TOTAL,POP,65,,"https://api.idescat.cat/taules/v2/censph/10/5975/mun/data?lang=ca&YEAR=2021&MUN=430120,430430,430477,430509,430957,430976,431009,431037,431093,431114,431227,431264,431310,431359,431444,431482,431536,431649,431665,431711,439057,439076&SEX=TOTAL"
2021,431310,Roda de Berà,Y023,23 anys,TOTAL,POP,58,,"https://api.idescat.cat/taules/v2/censph/10/5975/mun/data?lang=ca&YEAR=2021&MUN=430120,430430,430477,430509,430957,430976,431009,431037,431093,431114,431227,431264,431310,431359,431444,431482,431536,431649,431665,431711,439057,439076&SEX=TOTAL"
2021,431310,Roda de Berà,Y024,24 anys,TOTAL,POP,58,,"https://api.idescat.cat/taules/v2/censph/10/5975/mun/data?lang=ca&YEAR=2021&MUN=430120,430430,430477,430509,430957,430976,431009,431037,431093,431114,431227,431264,431310,431359,431444,431482,431536,431649,431665,431711,439057,439076&SEX=TOTAL"
2021,431310,Roda de Berà,Y025,25 anys,TOTAL,POP,48,,"https://api.idescat.cat/taules/v2/censph/10/5975/mun/data?lang=ca&YEAR=2021&MUN=430120,430430,430477,430509,430957,430976,431009,431037,431093,431114,431227,431264,431310,431359,431444,431482,431536,431649,431665,431711,439057,439076&SEX=TOTAL"
2021,431310,Roda de Berà,Y026,26 anys,TOTAL,POP,70.0,,"https://api.idescat.cat/taules/v2/censph/10/5975/mun/data?lang=ca&YEAR=2021&MUN=430120,430430,430477,430509,430957,430976,431009,431037,431093,431114,431227,431264,431310,431359,431444,431482,431536,431649,431665,431711,439057,439076&SEX=TOTAL"
2021,431310,Roda de Berà,Y027,27 anys,TOTAL,POP,63,,"https://api.idescat.cat/taules/v2/censph/10/5975/mun/data?lang=ca&YEAR=2021&MUN=430120,430430,430477,430509,430957,430976,431009,431037,431093,431114,431227,431264,431310,431359,431444,431482,431536,431649,431665,431711,439057,439076&SEX=TOTAL"
2021,431310,Roda de Berà,Y028,28 anys,TOTAL,POP,69,,"https://api.idescat.cat/taules/v2/censph/10/5975/mun/data?lang=ca&YEAR=2021&MUN=430120,430430,430477,430509,430957,430976,431009,431037,431093,431114,431227,431264,431310,431359,431444,431482,431536,431649,431665,431711,439057,439076&SEX=TOTAL"
2021,431310,Roda de Berà,Y029,29 anys,TOTAL,POP,54,,"https://api.idescat.cat/taules/v2/censph/10/5975/mun/data?lang=ca&YEAR=2021&MUN=430120,430430,430477,430509,430957,430976,431009,431037,431093,431114,431227,431264,431310,431359,431444,431482,431536,431649,431665,431711,439057,439076&SEX=TOTAL"
2021,431310,Roda de Berà,Y030,30 anys,TOTAL,POP,72,,"https://api.idescat.cat/taules/v2/censph/10/5975/mun/data?lang=ca&YEAR=2021&MUN=430120,430430,430477,430509,430957,430976,431009,431037,431093,431114,431227,431264,431310,431359,431444,431482,431536,431649,431665,431711,439057,439076&SEX=TOTAL"
2021,431310,Roda de Berà,Y031,31 anys,TOTAL,POP,75,,"https://api.idescat.cat/taules/v2/censph/10/5975/mun/data?lang=ca&YEAR=2021&MUN=430120,430430,430477,430509,430957,430976,431009,431037,431093,431114,431227,431264,431310,431359,431444,431482,431536,431649,431665,431711,439057,439076&SEX=TOTAL"
2021,431310,Roda de Berà,Y032,32 anys,TOTAL,POP,86,,"https://api.idescat.cat/taules/v2/censph/10/5975/mun/data?lang=ca&YEAR=2021&MUN=430120,430430,430477,430509,430957,430976,431009,431037,431093,431114,431227,431264,431310,431359,431444,431482,431536,431649,431665,431711,439057,439076&SEX=TOTAL"
2021,431310,Roda de Berà,Y033,33 anys,TOTAL,POP,78,,"https://api.idescat.cat/taules/v2/censph/10/5975/mun/data?lang=ca&YEAR=2021&MUN=430120,430430,430477,430509,430957,430976,431009,431037,431093,431114,431227,431264,431310,431359,431444,431482,431536,431649,431665,431711,439057,439076&SEX=TOTAL"
2021,431310,Roda de Berà,Y034,34 anys,TOTAL,POP,84,,"https://api.idescat.cat/taules/v2/censph/10/5975/mun/data?lang=ca&YEAR=2021&MUN=430120,430430,430477,430509,430957,430976,431009,431037,431093,431114,431227,431264,431310,431359,431444,431482,431536,431649,431665,431711,439057,439076&SEX=TOTAL"
2021,431310,Roda de Berà,Y035,35 anys,TOTAL,POP,95,,"https://api.idescat.cat/taules/v2/censph/10/5975/mun/data?lang=ca&YEAR=2021&MUN=430120,430430,430477,430509,430957,430976,431009,431037,431093,431114,431227,431264,431310,431359,431444,431482,431536,431649,431665,431711,439057,439076&SEX=TOTAL"
2021,431310,Roda de Berà,Y036,36 anys,TOTAL,POP,89,,"https://api.idescat.cat/taules/v2/censph/10/5975/mun/data?lang=ca&YEAR=2021&MUN=430120,430430,430477,430509,430957,430976,431009,431037,431093,431114,431227,431264,431310,431359,431444,431482,431536,431649,431665,431711,439057,439076&SEX=TOTAL"
2021,431310,Roda de Berà,Y037,37 anys,TOTAL,POP,89,,"https://api.idescat.cat/taules/v2/censph/10/5975/mun/data?lang=ca&YEAR=2021&MUN=430120,430430,430477,430509,430957,430976,431009,431037,431093,431114,431227,431264,431310,431359,431444,431482,431536,431649,431665,431711,439057,439076&SEX=TOTAL"
2021,431310,Roda de Berà,Y038,38 anys,TOTAL,POP,117,,"https://api.idescat.cat/taules/v2/censph/10/5975/mun/data?lang=ca&YEAR=2021&MUN=430120,430430,430477,430509,430957,430976,431009,431037,431093,431114,431227,431264,431310,431359,431444,431482,431536,431649,431665,431711,439057,439076&SEX=TOTAL"
2021,431310,Roda de Berà,Y039,39 anys,TOTAL,POP,114,,"https://api.idescat.cat/taules/v2/censph/10/5975/mun/data?lang=ca&YEAR=2021&MUN=430120,430430,430477,430509,430957,430976,431009,431037,431093,431114,431227,431264,431310,431359,431444,431482,431536,431649,431665,431711,439057,439076&SEX=TOTAL"
2021,431310,Roda de Berà,Y040,40 anys,TOTAL,POP,100.0,,"https://api.idescat.cat/taules/v2/censph/10/5975/mun/data?lang=ca&YEAR=2021&MUN=430120,430430,430477,430509,430957,430976,431009,431037,431093,431114,431227,431264,431310,431359,431444,431482,431536,431649,431665,431711,439057,439076&SEX=TOTAL"
2021,431310,Roda de Berà,Y041,41 anys,TOTAL,POP,108,,"https://api.idescat.cat/taules/v2/censph/10/5975/mun/data?lang=ca&YEAR=2021&MUN=430120,430430,430477,430509,430957,430976,431009,431037,431093,431114,431227,431264,431310,431359,431444,431482,431536,431649,431665,431711,439057,439076&SEX=TOTAL"
2021,431310,Roda de Berà,Y042,42 anys,TOTAL,POP,119,,"https://api.idescat.cat/taules/v2/censph/10/5975/mun/data?lang=ca&YEAR=2021&MUN=430120,430430,430477,430509,430957,430976,431009,431037,431093,431114,431227,431264,431310,431359,431444,431482,431536,431649,431665,431711,439057,439076&SEX=TOTAL"
2021,431310,Roda de Berà,Y043,43 anys,TOTAL,POP,138,,"https://api.idescat.cat/taules/v2/censph/10/5975/mun/data?lang=ca&YEAR=2021&MUN=430120,430430,430477,430509,430957,430976,431009,431037,431093,431114,431227,431264,431310,431359,431444,431482,431536,431649,431665,431711,439057,439076&SEX=TOTAL"
2021,431310,Roda de Berà,Y044,44 anys,TOTAL,POP,133,,"https://api.idescat.cat/taules/v2/censph/10/5975/mun/data?lang=ca&YEAR=2021&MUN=430120,430430,430477,430509,430957,430976,431009,431037,431093,431114,431227,431264,431310,431359,431444,431482,431536,431649,431665,431711,439057,439076&SEX=TOTAL"
2021,431310,Roda de Berà,Y045,45 anys,TOTAL,POP,140.0,,"https://api.idescat.cat/taules/v2/censph/10/5975/mun/data?lang=ca&YEAR=2021&MUN=430120,430430,430477,430509,430957,430976,431009,431037,431093,431114,431227,431264,431310,431359,431444,431482,431536,431649,431665,431711,439057,439076&SEX=TOTAL"
2021,431310,Roda de Berà,Y046,46 anys,TOTAL,POP,137,,"https://api.idescat.cat/taules/v2/censph/10/5975/mun/data?lang=ca&YEAR=2021&MUN=430120,430430,430477,430509,430957,430976,431009,431037,431093,431114,431227,431264,431310,431359,431444,431482,431536,431649,431665,431711,439057,439076&SEX=TOTAL"
2021,431310,Roda de Berà,Y047,47 anys,TOTAL,POP,138,,"https://api.idescat.cat/taules/v2/censph/10/5975/mun/data?lang=ca&YEAR=2021&MUN=430120,430430,430477,430509,430957,430976,431009,431037,431093,431114,431227,431264,431310,431359,431444,431482,431536,431649,431665,431711,439057,439076&SEX=TOTAL"
2021,431310,Roda de Berà,Y048,48 anys,TOTAL,POP,123,,"https://api.idescat.cat/taules/v2/censph/10/5975/mun/data?lang=ca&YEAR=2021&MUN=430120,430430,430477,430509,430957,430976,431009,431037,431093,431114,431227,431264,431310,431359,431444,431482,431536,431649,431665,431711,439057,439076&SEX=TOTAL"
2021,431310,Roda de Berà,Y049,49 anys,TOTAL,POP,132,,"https://api.idescat.cat/taules/v2/censph/10/5975/mun/data?lang=ca&YEAR=2021&MUN=430120,430430,430477,430509,430957,430976,431009,431037,431093,431114,431227,431264,431310,431359,431444,431482,431536,431649,431665,431711,439057,439076&SEX=TOTAL"
2021,431310,Roda de Berà,Y050,50 anys,TOTAL,POP,116,,"https://api.idescat.cat/taules/v2/censph/10/5975/mun/data?lang=ca&YEAR=2021&MUN=430120,430430,430477,430509,430957,430976,431009,431037,431093,431114,431227,431264,431310,431359,431444,431482,431536,431649,431665,431711,439057,439076&SEX=TOTAL"
2021,431310,Roda de Berà,Y051,51 anys,TOTAL,POP,98,,"https://api.idescat.cat/taules/v2/censph/10/5975/mun/data?lang=ca&YEAR=2021&MUN=430120,430430,430477,430509,430957,430976,431009,431037,431093,431114,431227,431264,431310,431359,431444,431482,431536,431649,431665,431711,439057,439076&SEX=TOTAL"
2021,431310,Roda de Berà,Y052,52 anys,TOTAL,POP,93,,"https://api.idescat.cat/taules/v2/censph/10/5975/mun/data?lang=ca&YEAR=2021&MUN=430120,430430,430477,430509,430957,430976,431009,431037,431093,431114,431227,431264,431310,431359,431444,431482,431536,431649,431665,431711,439057,439076&SEX=TOTAL"
2021,431310,Roda de Berà,Y053,53 anys,TOTAL,POP,116,,"https://api.idescat.cat/taules/v2/censph/10/5975/mun/data?lang=ca&YEAR=2021&MUN=430120,430430,430477,430509,430957,430976,431009,431037,431093,431114,431227,431264,431310,431359,431444,431482,431536,431649,431665,431711,439057,439076&SEX=TOTAL"
2021,431310,Roda de Berà,Y054,54 anys,TOTAL,POP,98,,"https://api.idescat.cat/taules/v2/censph/10/5975/mun/data?lang=ca&YEAR=2021&MUN=430120,430430,430477,430509,430957,430976,431009,431037,431093,431114,431227,431264,431310,431359,431444,431482,431536,431649,431665,431711,439057,439076&SEX=TOTAL"
2021,431310,Roda de Berà,Y055,55 anys,TOTAL,POP,86,,"https://api.idescat.cat/taules/v2/censph/10/5975/mun/data?lang=ca&YEAR=2021&MUN=430120,430430,430477,430509,430957,430976,431009,431037,431093,431114,431227,431264,431310,431359,431444,431482,431536,431649,431665,431711,439057,439076&SEX=TOTAL"
2021,431310,Roda de Berà,Y056,56 anys,TOTAL,POP,79,,"https://api.idescat.cat/taules/v2/censph/10/5975/mun/data?lang=ca&YEAR=2021&MUN=430120,430430,430477,430509,430957,430976,431009,431037,431093,431114,431227,431264,431310,431359,431444,431482,431536,431649,431665,431711,439057,439076&SEX=TOTAL"
2021,431310,Roda de Berà,Y057,57 anys,TOTAL,POP,71,,"https://api.idescat.cat/taules/v2/censph/10/5975/mun/data?lang=ca&YEAR=2021&MUN=430120,430430,430477,430509,430957,430976,431009,431037,431093,431114,431227,431264,431310,431359,431444,431482,431536,431649,431665,431711,439057,439076&SEX=TOTAL"
2021,431310,Roda de Berà,Y058,58 anys,TOTAL,POP,86,,"https://api.idescat.cat/taules/v2/censph/10/5975/mun/data?lang=ca&YEAR=2021&MUN=430120,430430,430477,430509,430957,430976,431009,431037,431093,431114,431227,431264,431310,431359,431444,431482,431536,431649,431665,431711,439057,439076&SEX=TOTAL"
2021,431310,Roda de Berà,Y059,59 anys,TOTAL,POP,76,,"https://api.idescat.cat/taules/v2/censph/10/5975/mun/data?lang=ca&YEAR=2021&MUN=430120,430430,430477,430509,430957,430976,431009,431037,431093,431114,431227,431264,431310,431359,431444,431482,431536,431649,431665,431711,439057,439076&SEX=TOTAL"
2021,431310,Roda de Berà,Y060,60 anys,TOTAL,POP,98,,"https://api.idescat.cat/taules/v2/censph/10/5975/mun/data?lang=ca&YEAR=2021&MUN=430120,430430,430477,430509,430957,430976,431009,431037,431093,431114,431227,431264,431310,431359,431444,431482,431536,431649,431665,431711,439057,439076&SEX=TOTAL"
2021,431310,Roda de Berà,Y061,61 anys,TOTAL,POP,112,,"https://api.idescat.cat/taules/v2/censph/10/5975/mun/data?lang=ca&YEAR=2021&MUN=430120,430430,430477,430509,430957,430976,431009,431037,431093,431114,431227,431264,431310,431359,431444,431482,431536,431649,431665,431711,439057,439076&SEX=TOTAL"
2021,431310,Roda de Berà,Y062,62 anys,TOTAL,POP,103,,"https://api.idescat.cat/taules/v2/censph/10/5975/mun/data?lang=ca&YEAR=2021&MUN=430120,430430,430477,430509,430957,430976,431009,431037,431093,431114,431227,431264,431310,431359,431444,431482,431536,431649,431665,431711,439057,439076&SEX=TOTAL"
2021,431310,Roda de Berà,Y063,63 anys,TOTAL,POP,84,,"https://api.idescat.cat/taules/v2/censph/10/5975/mun/data?lang=ca&YEAR=2021&MUN=430120,430430,430477,430509,430957,430976,431009,431037,431093,431114,431227,431264,431310,431359,431444,431482,431536,431649,431665,431711,439057,439076&SEX=TOTAL"
2021,431310,Roda de Berà,Y064,64 anys,TOTAL,POP,77,,"https://api.idescat.cat/taules/v2/censph/10/5975/mun/data?lang=ca&YEAR=2021&MUN=430120,430430,430477,430509,430957,430976,431009,431037,431093,431114,431227,431264,431310,431359,431444,431482,431536,431649,431665,431711,439057,439076&SEX=TOTAL"
2021,431310,Roda de Berà,Y065,65 anys,TOTAL,POP,98,,"https://api.idescat.cat/taules/v2/censph/10/5975/mun/data?lang=ca&YEAR=2021&MUN=430120,430430,430477,430509,430957,430976,431009,431037,431093,431114,431227,431264,431310,431359,431444,431482,431536,431649,431665,431711,439057,439076&SEX=TOTAL"
2021,431310,Roda de Berà,Y066,66 anys,TOTAL,POP,82,,"https://api.idescat.cat/taules/v2/censph/10/5975/mun/data?lang=ca&YEAR=2021&MUN=430120,430430,430477,430509,430957,430976,431009,431037,431093,431114,431227,431264,431310,431359,431444,431482,431536,431649,431665,431711,439057,439076&SEX=TOTAL"
2021,431310,Roda de Berà,Y067,67 anys,TOTAL,POP,90.0,,"https://api.idescat.cat/taules/v2/censph/10/5975/mun/data?lang=ca&YEAR=2021&MUN=430120,430430,430477,430509,430957,430976,431009,431037,431093,431114,431227,431264,431310,431359,431444,431482,431536,431649,431665,431711,439057,439076&SEX=TOTAL"
2021,431310,Roda de Berà,Y068,68 anys,TOTAL,POP,84,,"https://api.idescat.cat/taules/v2/censph/10/5975/mun/data?lang=ca&YEAR=2021&MUN=430120,430430,430477,430509,430957,430976,431009,431037,431093,431114,431227,431264,431310,431359,431444,431482,431536,431649,431665,431711,439057,439076&SEX=TOTAL"
2021,431310,Roda de Berà,Y069,69 anys,TOTAL,POP,90.0,,"https://api.idescat.cat/taules/v2/censph/10/5975/mun/data?lang=ca&YEAR=2021&MUN=430120,430430,430477,430509,430957,430976,431009,431037,431093,431114,431227,431264,431310,431359,431444,431482,431536,431649,431665,431711,439057,439076&SEX=TOTAL"
2021,431310,Roda de Berà,Y070,70 anys,TOTAL,POP,91,,"https://api.idescat.cat/taules/v2/censph/10/5975/mun/data?lang=ca&YEAR=2021&MUN=430120,430430,430477,430509,430957,430976,431009,431037,431093,431114,431227,431264,431310,431359,431444,431482,431536,431649,431665,431711,439057,439076&SEX=TOTAL"
2021,431310,Roda de Berà,Y071,71 anys,TOTAL,POP,90.0,,"https://api.idescat.cat/taules/v2/censph/10/5975/mun/data?lang=ca&YEAR=2021&MUN=430120,430430,430477,430509,430957,430976,431009,431037,431093,431114,431227,431264,431310,431359,431444,431482,431536,431649,431665,431711,439057,439076&SEX=TOTAL"
2021,431310,Roda de Berà,Y072,72 anys,TOTAL,POP,81,,"https://api.idescat.cat/taules/v2/censph/10/5975/mun/data?lang=ca&YEAR=2021&MUN=430120,430430,430477,430509,430957,430976,431009,431037,431093,431114,431227,431264,431310,431359,431444,431482,431536,431649,431665,431711,439057,439076&SEX=TOTAL"
2021,431310,Roda de Berà,Y073,73 anys,TOTAL,POP,86,,"https://api.idescat.cat/taules/v2/censph/10/5975/mun/data?lang=ca&YEAR=2021&MUN=430120,430430,430477,430509,430957,430976,431009,431037,431093,431114,431227,431264,431310,431359,431444,431482,431536,431649,431665,431711,439057,439076&SEX=TOTAL"
2021,431310,Roda de Berà,Y074,74 anys,TOTAL,POP,79,,"https://api.idescat.cat/taules/v2/censph/10/5975/mun/data?lang=ca&YEAR=2021&MUN=430120,430430,430477,430509,430957,430976,431009,431037,431093,431114,431227,431264,431310,431359,431444,431482,431536,431649,431665,431711,439057,439076&SEX=TOTAL"
2021,431310,Roda de Berà,Y075,75 anys,TOTAL,POP,58,,"https://api.idescat.cat/taules/v2/censph/10/5975/mun/data?lang=ca&YEAR=2021&MUN=430120,430430,430477,430509,430957,430976,431009,431037,431093,431114,431227,431264,431310,431359,431444,431482,431536,431649,431665,431711,439057,439076&SEX=TOTAL"
2021,431310,Roda de Berà,Y076,76 anys,TOTAL,POP,75,,"https://api.idescat.cat/taules/v2/censph/10/5975/mun/data?lang=ca&YEAR=2021&MUN=430120,430430,430477,430509,430957,430976,431009,431037,431093,431114,431227,431264,431310,431359,431444,431482,431536,431649,431665,431711,439057,439076&SEX=TOTAL"
2021,431310,Roda de Berà,Y077,77 anys,TOTAL,POP,69,,"https://api.idescat.cat/taules/v2/censph/10/5975/mun/data?lang=ca&YEAR=2021&MUN=430120,430430,430477,430509,430957,430976,431009,431037,431093,431114,431227,431264,431310,431359,431444,431482,431536,431649,431665,431711,439057,439076&SEX=TOTAL"
2021,431310,Roda de Berà,Y078,78 anys,TOTAL,POP,31,,"https://api.idescat.cat/taules/v2/censph/10/5975/mun/data?lang=ca&YEAR=2021&MUN=430120,430430,430477,430509,430957,430976,431009,431037,431093,431114,431227,431264,431310,431359,431444,431482,431536,431649,431665,431711,439057,439076&SEX=TOTAL"
2021,431310,Roda de Berà,Y079,79 anys,TOTAL,POP,36,,"https://api.idescat.cat/taules/v2/censph/10/5975/mun/data?lang=ca&YEAR=2021&MUN=430120,430430,430477,430509,430957,430976,431009,431037,431093,431114,431227,431264,431310,431359,431444,431482,431536,431649,431665,431711,439057,439076&SEX=TOTAL"
2021,431310,Roda de Berà,Y080,80 anys,TOTAL,POP,61,,"https://api.idescat.cat/taules/v2/censph/10/5975/mun/data?lang=ca&YEAR=2021&MUN=430120,430430,430477,430509,430957,430976,431009,431037,431093,431114,431227,431264,431310,431359,431444,431482,431536,431649,431665,431711,439057,439076&SEX=TOTAL"
2021,431310,Roda de Berà,Y081,81 anys,TOTAL,POP,35,,"https://api.idescat.cat/taules/v2/censph/10/5975/mun/data?lang=ca&YEAR=2021&MUN=430120,430430,430477,430509,430957,430976,431009,431037,431093,431114,431227,431264,431310,431359,431444,431482,431536,431649,431665,431711,439057,439076&SEX=TOTAL"
2021,431310,Roda de Berà,Y082,82 anys,TOTAL,POP,26,,"https://api.idescat.cat/taules/v2/censph/10/5975/mun/data?lang=ca&YEAR=2021&MUN=430120,430430,430477,430509,430957,430976,431009,431037,431093,431114,431227,431264,431310,431359,431444,431482,431536,431649,431665,431711,439057,439076&SEX=TOTAL"
2021,431310,Roda de Berà,Y083,83 anys,TOTAL,POP,33,,"https://api.idescat.cat/taules/v2/censph/10/5975/mun/data?lang=ca&YEAR=2021&MUN=430120,430430,430477,430509,430957,430976,431009,431037,431093,431114,431227,431264,431310,431359,431444,431482,431536,431649,431665,431711,439057,439076&SEX=TOTAL"
2021,431310,Roda de Berà,Y084,84 anys,TOTAL,POP,32,,"https://api.idescat.cat/taules/v2/censph/10/5975/mun/data?lang=ca&YEAR=2021&MUN=430120,430430,430477,430509,430957,430976,431009,431037,431093,431114,431227,431264,431310,431359,431444,431482,431536,431649,431665,431711,439057,439076&SEX=TOTAL"
2021,431310,Roda de Berà,Y085,85 anys,TOTAL,POP,38,,"https://api.idescat.cat/taules/v2/censph/10/5975/mun/data?lang=ca&YEAR=2021&MUN=430120,430430,430477,430509,430957,430976,431009,431037,431093,431114,431227,431264,431310,431359,431444,431482,431536,431649,431665,431711,439057,439076&SEX=TOTAL"
2021,431310,Roda de Berà,Y086,86 anys,TOTAL,POP,23,,"https://api.idescat.cat/taules/v2/censph/10/5975/mun/data?lang=ca&YEAR=2021&MUN=430120,430430,430477,430509,430957,430976,431009,431037,431093,431114,431227,431264,431310,431359,431444,431482,431536,431649,431665,431711,439057,439076&SEX=TOTAL"
2021,431310,Roda de Berà,Y087,87 anys,TOTAL,POP,30.0,,"https://api.idescat.cat/taules/v2/censph/10/5975/mun/data?lang=ca&YEAR=2021&MUN=430120,430430,430477,430509,430957,430976,431009,431037,431093,431114,431227,431264,431310,431359,431444,431482,431536,431649,431665,431711,439057,439076&SEX=TOTAL"
2021,431310,Roda de Berà,Y088,88 anys,TOTAL,POP,25,,"https://api.idescat.cat/taules/v2/censph/10/5975/mun/data?lang=ca&YEAR=2021&MUN=430120,430430,430477,430509,430957,430976,431009,431037,431093,431114,431227,431264,431310,431359,431444,431482,431536,431649,431665,431711,439057,439076&SEX=TOTAL"
2021,431310,Roda de Berà,Y089,89 anys,TOTAL,POP,24,,"https://api.idescat.cat/taules/v2/censph/10/5975/mun/data?lang=ca&YEAR=2021&MUN=430120,430430,430477,430509,430957,430976,431009,431037,431093,431114,431227,431264,431310,431359,431444,431482,431536,431649,431665,431711,439057,439076&SEX=TOTAL"
2021,431310,Roda de Berà,Y090,90 anys,TOTAL,POP,24,,"https://api.idescat.cat/taules/v2/censph/10/5975/mun/data?lang=ca&YEAR=2021&MUN=430120,430430,430477,430509,430957,430976,431009,431037,431093,431114,431227,431264,431310,431359,431444,431482,431536,431649,431665,431711,439057,439076&SEX=TOTAL"
2021,431310,Roda de Berà,Y091,91 anys,TOTAL,POP,9,,"https://api.idescat.cat/taules/v2/censph/10/5975/mun/data?lang=ca&YEAR=2021&MUN=430120,430430,430477,430509,430957,430976,431009,431037,431093,431114,431227,431264,431310,431359,431444,431482,431536,431649,431665,431711,439057,439076&SEX=TOTAL"
2021,431310,Roda de Berà,Y092,92 anys,TOTAL,POP,12,,"https://api.idescat.cat/taules/v2/censph/10/5975/mun/data?lang=ca&YEAR=2021&MUN=430120,430430,430477,430509,430957,430976,431009,431037,431093,431114,431227,431264,431310,431359,431444,431482,431536,431649,431665,431711,439057,439076&SEX=TOTAL"
2021,431310,Roda de Berà,Y093,93 anys,TOTAL,POP,2,,"https://api.idescat.cat/taules/v2/censph/10/5975/mun/data?lang=ca&YEAR=2021&MUN=430120,430430,430477,430509,430957,430976,431009,431037,431093,431114,431227,431264,431310,431359,431444,431482,431536,431649,431665,431711,439057,439076&SEX=TOTAL"
2021,431310,Roda de Berà,Y094,94 anys,TOTAL,POP,11,,"https://api.idescat.cat/taules/v2/censph/10/5975/mun/data?lang=ca&YEAR=2021&MUN=430120,430430,430477,430509,430957,430976,431009,431037,431093,431114,431227,431264,431310,431359,431444,431482,431536,431649,431665,431711,439057,439076&SEX=TOTAL"
2021,431310,Roda de Berà,Y095,95 anys,TOTAL,POP,5,,"https://api.idescat.cat/taules/v2/censph/10/5975/mun/data?lang=ca&YEAR=2021&MUN=430120,430430,430477,430509,430957,430976,431009,431037,431093,431114,431227,431264,431310,431359,431444,431482,431536,431649,431665,431711,439057,439076&SEX=TOTAL"
2021,431310,Roda de Berà,Y096,96 anys,TOTAL,POP,2,,"https://api.idescat.cat/taules/v2/censph/10/5975/mun/data?lang=ca&YEAR=2021&MUN=430120,430430,430477,430509,430957,430976,431009,431037,431093,431114,431227,431264,431310,431359,431444,431482,431536,431649,431665,431711,439057,439076&SEX=TOTAL"
2021,431310,Roda de Berà,Y097,97 anys,TOTAL,POP,3,,"https://api.idescat.cat/taules/v2/censph/10/5975/mun/data?lang=ca&YEAR=2021&MUN=430120,430430,430477,430509,430957,430976,431009,431037,431093,431114,431227,431264,431310,431359,431444,431482,431536,431649,431665,431711,439057,439076&SEX=TOTAL"
2021,431310,Roda de Berà,Y098,98 anys,TOTAL,POP,1,,"https://api.idescat.cat/taules/v2/censph/10/5975/mun/data?lang=ca&YEAR=2021&MUN=430120,430430,430477,430509,430957,430976,431009,431037,431093,431114,431227,431264,431310,431359,431444,431482,431536,431649,431665,431711,439057,439076&SEX=TOTAL"
2021,431310,Roda de Berà,Y099,99 anys,TOTAL,POP,1,,"https://api.idescat.cat/taules/v2/censph/10/5975/mun/data?lang=ca&YEAR=2021&MUN=430120,430430,430477,430509,430957,430976,431009,431037,431093,431114,431227,431264,431310,431359,431444,431482,431536,431649,431665,431711,439057,439076&SEX=TOTAL"
2021,431310,Roda de Berà,Y_GE100,100 anys o més,TOTAL,POP,4,,"https://api.idescat.cat/taules/v2/censph/10/5975/mun/data?lang=ca&YEAR=2021&MUN=430120,430430,430477,430509,430957,430976,431009,431037,431093,431114,431227,431264,431310,431359,431444,431482,431536,431649,431665,431711,439057,439076&SEX=TOTAL"
2021,431310,Roda de Berà,TOTAL,total,TOTAL,POP,7154,,"https://api.idescat.cat/taules/v2/censph/10/5975/mun/data?lang=ca&YEAR=2021&MUN=430120,430430,430477,430509,430957,430976,431009,431037,431093,431114,431227,431264,431310,431359,431444,431482,431536,431649,431665,431711,439057,439076&SEX=TOTAL"
2021,431359,Salomó,Y000,0 anys,TOTAL,POP,4,,"https://api.idescat.cat/taules/v2/censph/10/5975/mun/data?lang=ca&YEAR=2021&MUN=430120,430430,430477,430509,430957,430976,431009,431037,431093,431114,431227,431264,431310,431359,431444,431482,431536,431649,431665,431711,439057,439076&SEX=TOTAL"
2021,431359,Salomó,Y001,1 any,TOTAL,POP,3,,"https://api.idescat.cat/taules/v2/censph/10/5975/mun/data?lang=ca&YEAR=2021&MUN=430120,430430,430477,430509,430957,430976,431009,431037,431093,431114,431227,431264,431310,431359,431444,431482,431536,431649,431665,431711,439057,439076&SEX=TOTAL"
2021,431359,Salomó,Y002,2 anys,TOTAL,POP,7,,"https://api.idescat.cat/taules/v2/censph/10/5975/mun/data?lang=ca&YEAR=2021&MUN=430120,430430,430477,430509,430957,430976,431009,431037,431093,431114,431227,431264,431310,431359,431444,431482,431536,431649,431665,431711,439057,439076&SEX=TOTAL"
2021,431359,Salomó,Y003,3 anys,TOTAL,POP,3,,"https://api.idescat.cat/taules/v2/censph/10/5975/mun/data?lang=ca&YEAR=2021&MUN=430120,430430,430477,430509,430957,430976,431009,431037,431093,431114,431227,431264,431310,431359,431444,431482,431536,431649,431665,431711,439057,439076&SEX=TOTAL"
2021,431359,Salomó,Y004,4 anys,TOTAL,POP,11,,"https://api.idescat.cat/taules/v2/censph/10/5975/mun/data?lang=ca&YEAR=2021&MUN=430120,430430,430477,430509,430957,430976,431009,431037,431093,431114,431227,431264,431310,431359,431444,431482,431536,431649,431665,431711,439057,439076&SEX=TOTAL"
2021,431359,Salomó,Y005,5 anys,TOTAL,POP,8,,"https://api.idescat.cat/taules/v2/censph/10/5975/mun/data?lang=ca&YEAR=2021&MUN=430120,430430,430477,430509,430957,430976,431009,431037,431093,431114,431227,431264,431310,431359,431444,431482,431536,431649,431665,431711,439057,439076&SEX=TOTAL"
2021,431359,Salomó,Y006,6 anys,TOTAL,POP,5,,"https://api.idescat.cat/taules/v2/censph/10/5975/mun/data?lang=ca&YEAR=2021&MUN=430120,430430,430477,430509,430957,430976,431009,431037,431093,431114,431227,431264,431310,431359,431444,431482,431536,431649,431665,431711,439057,439076&SEX=TOTAL"
2021,431359,Salomó,Y007,7 anys,TOTAL,POP,7,,"https://api.idescat.cat/taules/v2/censph/10/5975/mun/data?lang=ca&YEAR=2021&MUN=430120,430430,430477,430509,430957,430976,431009,431037,431093,431114,431227,431264,431310,431359,431444,431482,431536,431649,431665,431711,439057,439076&SEX=TOTAL"
2021,431359,Salomó,Y008,8 anys,TOTAL,POP,4,,"https://api.idescat.cat/taules/v2/censph/10/5975/mun/data?lang=ca&YEAR=2021&MUN=430120,430430,430477,430509,430957,430976,431009,431037,431093,431114,431227,431264,431310,431359,431444,431482,431536,431649,431665,431711,439057,439076&SEX=TOTAL"
2021,431359,Salomó,Y009,9 anys,TOTAL,POP,3,,"https://api.idescat.cat/taules/v2/censph/10/5975/mun/data?lang=ca&YEAR=2021&MUN=430120,430430,430477,430509,430957,430976,431009,431037,431093,431114,431227,431264,431310,431359,431444,431482,431536,431649,431665,431711,439057,439076&SEX=TOTAL"
2021,431359,Salomó,Y010,10 anys,TOTAL,POP,5,,"https://api.idescat.cat/taules/v2/censph/10/5975/mun/data?lang=ca&YEAR=2021&MUN=430120,430430,430477,430509,430957,430976,431009,431037,431093,431114,431227,431264,431310,431359,431444,431482,431536,431649,431665,431711,439057,439076&SEX=TOTAL"
2021,431359,Salomó,Y011,11 anys,TOTAL,POP,8,,"https://api.idescat.cat/taules/v2/censph/10/5975/mun/data?lang=ca&YEAR=2021&MUN=430120,430430,430477,430509,430957,430976,431009,431037,431093,431114,431227,431264,431310,431359,431444,431482,431536,431649,431665,431711,439057,439076&SEX=TOTAL"
2021,431359,Salomó,Y012,12 anys,TOTAL,POP,8,,"https://api.idescat.cat/taules/v2/censph/10/5975/mun/data?lang=ca&YEAR=2021&MUN=430120,430430,430477,430509,430957,430976,431009,431037,431093,431114,431227,431264,431310,431359,431444,431482,431536,431649,431665,431711,439057,439076&SEX=TOTAL"
2021,431359,Salomó,Y013,13 anys,TOTAL,POP,7,,"https://api.idescat.cat/taules/v2/censph/10/5975/mun/data?lang=ca&YEAR=2021&MUN=430120,430430,430477,430509,430957,430976,431009,431037,431093,431114,431227,431264,431310,431359,431444,431482,431536,431649,431665,431711,439057,439076&SEX=TOTAL"
2021,431359,Salomó,Y014,14 anys,TOTAL,POP,6,,"https://api.idescat.cat/taules/v2/censph/10/5975/mun/data?lang=ca&YEAR=2021&MUN=430120,430430,430477,430509,430957,430976,431009,431037,431093,431114,431227,431264,431310,431359,431444,431482,431536,431649,431665,431711,439057,439076&SEX=TOTAL"
2021,431359,Salomó,Y015,15 anys,TOTAL,POP,6,,"https://api.idescat.cat/taules/v2/censph/10/5975/mun/data?lang=ca&YEAR=2021&MUN=430120,430430,430477,430509,430957,430976,431009,431037,431093,431114,431227,431264,431310,431359,431444,431482,431536,431649,431665,431711,439057,439076&SEX=TOTAL"
2021,431359,Salomó,Y016,16 anys,TOTAL,POP,6,,"https://api.idescat.cat/taules/v2/censph/10/5975/mun/data?lang=ca&YEAR=2021&MUN=430120,430430,430477,430509,430957,430976,431009,431037,431093,431114,431227,431264,431310,431359,431444,431482,431536,431649,431665,431711,439057,439076&SEX=TOTAL"
2021,431359,Salomó,Y017,17 anys,TOTAL,POP,9,,"https://api.idescat.cat/taules/v2/censph/10/5975/mun/data?lang=ca&YEAR=2021&MUN=430120,430430,430477,430509,430957,430976,431009,431037,431093,431114,431227,431264,431310,431359,431444,431482,431536,431649,431665,431711,439057,439076&SEX=TOTAL"
2021,431359,Salomó,Y018,18 anys,TOTAL,POP,7,,"https://api.idescat.cat/taules/v2/censph/10/5975/mun/data?lang=ca&YEAR=2021&MUN=430120,430430,430477,430509,430957,430976,431009,431037,431093,431114,431227,431264,431310,431359,431444,431482,431536,431649,431665,431711,439057,439076&SEX=TOTAL"
2021,431359,Salomó,Y019,19 anys,TOTAL,POP,7,,"https://api.idescat.cat/taules/v2/censph/10/5975/mun/data?lang=ca&YEAR=2021&MUN=430120,430430,430477,430509,430957,430976,431009,431037,431093,431114,431227,431264,431310,431359,431444,431482,431536,431649,431665,431711,439057,439076&SEX=TOTAL"
2021,431359,Salomó,Y020,20 anys,TOTAL,POP,4,,"https://api.idescat.cat/taules/v2/censph/10/5975/mun/data?lang=ca&YEAR=2021&MUN=430120,430430,430477,430509,430957,430976,431009,431037,431093,431114,431227,431264,431310,431359,431444,431482,431536,431649,431665,431711,439057,439076&SEX=TOTAL"
2021,431359,Salomó,Y021,21 anys,TOTAL,POP,4,,"https://api.idescat.cat/taules/v2/censph/10/5975/mun/data?lang=ca&YEAR=2021&MUN=430120,430430,430477,430509,430957,430976,431009,431037,431093,431114,431227,431264,431310,431359,431444,431482,431536,431649,431665,431711,439057,439076&SEX=TOTAL"
2021,431359,Salomó,Y022,22 anys,TOTAL,POP,4,,"https://api.idescat.cat/taules/v2/censph/10/5975/mun/data?lang=ca&YEAR=2021&MUN=430120,430430,430477,430509,430957,430976,431009,431037,431093,431114,431227,431264,431310,431359,431444,431482,431536,431649,431665,431711,439057,439076&SEX=TOTAL"
2021,431359,Salomó,Y023,23 anys,TOTAL,POP,6,,"https://api.idescat.cat/taules/v2/censph/10/5975/mun/data?lang=ca&YEAR=2021&MUN=430120,430430,430477,430509,430957,430976,431009,431037,431093,431114,431227,431264,431310,431359,431444,431482,431536,431649,431665,431711,439057,439076&SEX=TOTAL"
2021,431359,Salomó,Y024,24 anys,TOTAL,POP,5,,"https://api.idescat.cat/taules/v2/censph/10/5975/mun/data?lang=ca&YEAR=2021&MUN=430120,430430,430477,430509,430957,430976,431009,431037,431093,431114,431227,431264,431310,431359,431444,431482,431536,431649,431665,431711,439057,439076&SEX=TOTAL"
2021,431359,Salomó,Y025,25 anys,TOTAL,POP,6,,"https://api.idescat.cat/taules/v2/censph/10/5975/mun/data?lang=ca&YEAR=2021&MUN=430120,430430,430477,430509,430957,430976,431009,431037,431093,431114,431227,431264,431310,431359,431444,431482,431536,431649,431665,431711,439057,439076&SEX=TOTAL"
2021,431359,Salomó,Y026,26 anys,TOTAL,POP,7,,"https://api.idescat.cat/taules/v2/censph/10/5975/mun/data?lang=ca&YEAR=2021&MUN=430120,430430,430477,430509,430957,430976,431009,431037,431093,431114,431227,431264,431310,431359,431444,431482,431536,431649,431665,431711,439057,439076&SEX=TOTAL"
2021,431359,Salomó,Y027,27 anys,TOTAL,POP,2,,"https://api.idescat.cat/taules/v2/censph/10/5975/mun/data?lang=ca&YEAR=2021&MUN=430120,430430,430477,430509,430957,430976,431009,431037,431093,431114,431227,431264,431310,431359,431444,431482,431536,431649,431665,431711,439057,439076&SEX=TOTAL"
2021,431359,Salomó,Y028,28 anys,TOTAL,POP,5,,"https://api.idescat.cat/taules/v2/censph/10/5975/mun/data?lang=ca&YEAR=2021&MUN=430120,430430,430477,430509,430957,430976,431009,431037,431093,431114,431227,431264,431310,431359,431444,431482,431536,431649,431665,431711,439057,439076&SEX=TOTAL"
2021,431359,Salomó,Y029,29 anys,TOTAL,POP,5,,"https://api.idescat.cat/taules/v2/censph/10/5975/mun/data?lang=ca&YEAR=2021&MUN=430120,430430,430477,430509,430957,430976,431009,431037,431093,431114,431227,431264,431310,431359,431444,431482,431536,431649,431665,431711,439057,439076&SEX=TOTAL"
2021,431359,Salomó,Y030,30 anys,TOTAL,POP,7,,"https://api.idescat.cat/taules/v2/censph/10/5975/mun/data?lang=ca&YEAR=2021&MUN=430120,430430,430477,430509,430957,430976,431009,431037,431093,431114,431227,431264,431310,431359,431444,431482,431536,431649,431665,431711,439057,439076&SEX=TOTAL"
2021,431359,Salomó,Y031,31 anys,TOTAL,POP,5,,"https://api.idescat.cat/taules/v2/censph/10/5975/mun/data?lang=ca&YEAR=2021&MUN=430120,430430,430477,430509,430957,430976,431009,431037,431093,431114,431227,431264,431310,431359,431444,431482,431536,431649,431665,431711,439057,439076&SEX=TOTAL"
2021,431359,Salomó,Y032,32 anys,TOTAL,POP,4,,"https://api.idescat.cat/taules/v2/censph/10/5975/mun/data?lang=ca&YEAR=2021&MUN=430120,430430,430477,430509,430957,430976,431009,431037,431093,431114,431227,431264,431310,431359,431444,431482,431536,431649,431665,431711,439057,439076&SEX=TOTAL"
2021,431359,Salomó,Y033,33 anys,TOTAL,POP,7,,"https://api.idescat.cat/taules/v2/censph/10/5975/mun/data?lang=ca&YEAR=2021&MUN=430120,430430,430477,430509,430957,430976,431009,431037,431093,431114,431227,431264,431310,431359,431444,431482,431536,431649,431665,431711,439057,439076&SEX=TOTAL"
2021,431359,Salomó,Y034,34 anys,TOTAL,POP,1,,"https://api.idescat.cat/taules/v2/censph/10/5975/mun/data?lang=ca&YEAR=2021&MUN=430120,430430,430477,430509,430957,430976,431009,431037,431093,431114,431227,431264,431310,431359,431444,431482,431536,431649,431665,431711,439057,439076&SEX=TOTAL"
2021,431359,Salomó,Y035,35 anys,TOTAL,POP,6,,"https://api.idescat.cat/taules/v2/censph/10/5975/mun/data?lang=ca&YEAR=2021&MUN=430120,430430,430477,430509,430957,430976,431009,431037,431093,431114,431227,431264,431310,431359,431444,431482,431536,431649,431665,431711,439057,439076&SEX=TOTAL"
2021,431359,Salomó,Y036,36 anys,TOTAL,POP,7,,"https://api.idescat.cat/taules/v2/censph/10/5975/mun/data?lang=ca&YEAR=2021&MUN=430120,430430,430477,430509,430957,430976,431009,431037,431093,431114,431227,431264,431310,431359,431444,431482,431536,431649,431665,431711,439057,439076&SEX=TOTAL"
2021,431359,Salomó,Y037,37 anys,TOTAL,POP,10.0,,"https://api.idescat.cat/taules/v2/censph/10/5975/mun/data?lang=ca&YEAR=2021&MUN=430120,430430,430477,430509,430957,430976,431009,431037,431093,431114,431227,431264,431310,431359,431444,431482,431536,431649,431665,431711,439057,439076&SEX=TOTAL"
2021,431359,Salomó,Y038,38 anys,TOTAL,POP,13,,"https://api.idescat.cat/taules/v2/censph/10/5975/mun/data?lang=ca&YEAR=2021&MUN=430120,430430,430477,430509,430957,430976,431009,431037,431093,431114,431227,431264,431310,431359,431444,431482,431536,431649,431665,431711,439057,439076&SEX=TOTAL"
2021,431359,Salomó,Y039,39 anys,TOTAL,POP,6,,"https://api.idescat.cat/taules/v2/censph/10/5975/mun/data?lang=ca&YEAR=2021&MUN=430120,430430,430477,430509,430957,430976,431009,431037,431093,431114,431227,431264,431310,431359,431444,431482,431536,431649,431665,431711,439057,439076&SEX=TOTAL"
2021,431359,Salomó,Y040,40 anys,TOTAL,POP,9,,"https://api.idescat.cat/taules/v2/censph/10/5975/mun/data?lang=ca&YEAR=2021&MUN=430120,430430,430477,430509,430957,430976,431009,431037,431093,431114,431227,431264,431310,431359,431444,431482,431536,431649,431665,431711,439057,439076&SEX=TOTAL"
2021,431359,Salomó,Y041,41 anys,TOTAL,POP,6,,"https://api.idescat.cat/taules/v2/censph/10/5975/mun/data?lang=ca&YEAR=2021&MUN=430120,430430,430477,430509,430957,430976,431009,431037,431093,431114,431227,431264,431310,431359,431444,431482,431536,431649,431665,431711,439057,439076&SEX=TOTAL"
2021,431359,Salomó,Y042,42 anys,TOTAL,POP,10.0,,"https://api.idescat.cat/taules/v2/censph/10/5975/mun/data?lang=ca&YEAR=2021&MUN=430120,430430,430477,430509,430957,430976,431009,431037,431093,431114,431227,431264,431310,431359,431444,431482,431536,431649,431665,431711,439057,439076&SEX=TOTAL"
2021,431359,Salomó,Y043,43 anys,TOTAL,POP,12,,"https://api.idescat.cat/taules/v2/censph/10/5975/mun/data?lang=ca&YEAR=2021&MUN=430120,430430,430477,430509,430957,430976,431009,431037,431093,431114,431227,431264,431310,431359,431444,431482,431536,431649,431665,431711,439057,439076&SEX=TOTAL"
2021,431359,Salomó,Y044,44 anys,TOTAL,POP,11,,"https://api.idescat.cat/taules/v2/censph/10/5975/mun/data?lang=ca&YEAR=2021&MUN=430120,430430,430477,430509,430957,430976,431009,431037,431093,431114,431227,431264,431310,431359,431444,431482,431536,431649,431665,431711,439057,439076&SEX=TOTAL"
2021,431359,Salomó,Y045,45 anys,TOTAL,POP,7,,"https://api.idescat.cat/taules/v2/censph/10/5975/mun/data?lang=ca&YEAR=2021&MUN=430120,430430,430477,430509,430957,430976,431009,431037,431093,431114,431227,431264,431310,431359,431444,431482,431536,431649,431665,431711,439057,439076&SEX=TOTAL"
2021,431359,Salomó,Y046,46 anys,TOTAL,POP,8,,"https://api.idescat.cat/taules/v2/censph/10/5975/mun/data?lang=ca&YEAR=2021&MUN=430120,430430,430477,430509,430957,430976,431009,431037,431093,431114,431227,431264,431310,431359,431444,431482,431536,431649,431665,431711,439057,439076&SEX=TOTAL"
2021,431359,Salomó,Y047,47 anys,TOTAL,POP,5,,"https://api.idescat.cat/taules/v2/censph/10/5975/mun/data?lang=ca&YEAR=2021&MUN=430120,430430,430477,430509,430957,430976,431009,431037,431093,431114,431227,431264,431310,431359,431444,431482,431536,431649,431665,431711,439057,439076&SEX=TOTAL"
2021,431359,Salomó,Y048,48 anys,TOTAL,POP,3,,"https://api.idescat.cat/taules/v2/censph/10/5975/mun/data?lang=ca&YEAR=2021&MUN=430120,430430,430477,430509,430957,430976,431009,431037,431093,431114,431227,431264,431310,431359,431444,431482,431536,431649,431665,431711,439057,439076&SEX=TOTAL"
2021,431359,Salomó,Y049,49 anys,TOTAL,POP,6,,"https://api.idescat.cat/taules/v2/censph/10/5975/mun/data?lang=ca&YEAR=2021&MUN=430120,430430,430477,430509,430957,430976,431009,431037,431093,431114,431227,431264,431310,431359,431444,431482,431536,431649,431665,431711,439057,439076&SEX=TOTAL"
2021,431359,Salomó,Y050,50 anys,TOTAL,POP,7,,"https://api.idescat.cat/taules/v2/censph/10/5975/mun/data?lang=ca&YEAR=2021&MUN=430120,430430,430477,430509,430957,430976,431009,431037,431093,431114,431227,431264,431310,431359,431444,431482,431536,431649,431665,431711,439057,439076&SEX=TOTAL"
2021,431359,Salomó,Y051,51 anys,TOTAL,POP,8,,"https://api.idescat.cat/taules/v2/censph/10/5975/mun/data?lang=ca&YEAR=2021&MUN=430120,430430,430477,430509,430957,430976,431009,431037,431093,431114,431227,431264,431310,431359,431444,431482,431536,431649,431665,431711,439057,439076&SEX=TOTAL"
2021,431359,Salomó,Y052,52 anys,TOTAL,POP,9,,"https://api.idescat.cat/taules/v2/censph/10/5975/mun/data?lang=ca&YEAR=2021&MUN=430120,430430,430477,430509,430957,430976,431009,431037,431093,431114,431227,431264,431310,431359,431444,431482,431536,431649,431665,431711,439057,439076&SEX=TOTAL"
2021,431359,Salomó,Y053,53 anys,TOTAL,POP,12,,"https://api.idescat.cat/taules/v2/censph/10/5975/mun/data?lang=ca&YEAR=2021&MUN=430120,430430,430477,430509,430957,430976,431009,431037,431093,431114,431227,431264,431310,431359,431444,431482,431536,431649,431665,431711,439057,439076&SEX=TOTAL"
2021,431359,Salomó,Y054,54 anys,TOTAL,POP,11,,"https://api.idescat.cat/taules/v2/censph/10/5975/mun/data?lang=ca&YEAR=2021&MUN=430120,430430,430477,430509,430957,430976,431009,431037,431093,431114,431227,431264,431310,431359,431444,431482,431536,431649,431665,431711,439057,439076&SEX=TOTAL"
2021,431359,Salomó,Y055,55 anys,TOTAL,POP,6,,"https://api.idescat.cat/taules/v2/censph/10/5975/mun/data?lang=ca&YEAR=2021&MUN=430120,430430,430477,430509,430957,430976,431009,431037,431093,431114,431227,431264,431310,431359,431444,431482,431536,431649,431665,431711,439057,439076&SEX=TOTAL"
2021,431359,Salomó,Y056,56 anys,TOTAL,POP,4,,"https://api.idescat.cat/taules/v2/censph/10/5975/mun/data?lang=ca&YEAR=2021&MUN=430120,430430,430477,430509,430957,430976,431009,431037,431093,431114,431227,431264,431310,431359,431444,431482,431536,431649,431665,431711,439057,439076&SEX=TOTAL"
2021,431359,Salomó,Y057,57 anys,TOTAL,POP,7,,"https://api.idescat.cat/taules/v2/censph/10/5975/mun/data?lang=ca&YEAR=2021&MUN=430120,430430,430477,430509,430957,430976,431009,431037,431093,431114,431227,431264,431310,431359,431444,431482,431536,431649,431665,431711,439057,439076&SEX=TOTAL"
2021,431359,Salomó,Y058,58 anys,TOTAL,POP,9,,"https://api.idescat.cat/taules/v2/censph/10/5975/mun/data?lang=ca&YEAR=2021&MUN=430120,430430,430477,430509,430957,430976,431009,431037,431093,431114,431227,431264,431310,431359,431444,431482,431536,431649,431665,431711,439057,439076&SEX=TOTAL"
2021,431359,Salomó,Y059,59 anys,TOTAL,POP,12,,"https://api.idescat.cat/taules/v2/censph/10/5975/mun/data?lang=ca&YEAR=2021&MUN=430120,430430,430477,430509,430957,430976,431009,431037,431093,431114,431227,431264,431310,431359,431444,431482,431536,431649,431665,431711,439057,439076&SEX=TOTAL"
2021,431359,Salomó,Y060,60 anys,TOTAL,POP,7,,"https://api.idescat.cat/taules/v2/censph/10/5975/mun/data?lang=ca&YEAR=2021&MUN=430120,430430,430477,430509,430957,430976,431009,431037,431093,431114,431227,431264,431310,431359,431444,431482,431536,431649,431665,431711,439057,439076&SEX=TOTAL"
2021,431359,Salomó,Y061,61 anys,TOTAL,POP,5,,"https://api.idescat.cat/taules/v2/censph/10/5975/mun/data?lang=ca&YEAR=2021&MUN=430120,430430,430477,430509,430957,430976,431009,431037,431093,431114,431227,431264,431310,431359,431444,431482,431536,431649,431665,431711,439057,439076&SEX=TOTAL"
2021,431359,Salomó,Y062,62 anys,TOTAL,POP,6,,"https://api.idescat.cat/taules/v2/censph/10/5975/mun/data?lang=ca&YEAR=2021&MUN=430120,430430,430477,430509,430957,430976,431009,431037,431093,431114,431227,431264,431310,431359,431444,431482,431536,431649,431665,431711,439057,439076&SEX=TOTAL"
2021,431359,Salomó,Y063,63 anys,TOTAL,POP,7,,"https://api.idescat.cat/taules/v2/censph/10/5975/mun/data?lang=ca&YEAR=2021&MUN=430120,430430,430477,430509,430957,430976,431009,431037,431093,431114,431227,431264,431310,431359,431444,431482,431536,431649,431665,431711,439057,439076&SEX=TOTAL"
2021,431359,Salomó,Y064,64 anys,TOTAL,POP,10.0,,"https://api.idescat.cat/taules/v2/censph/10/5975/mun/data?lang=ca&YEAR=2021&MUN=430120,430430,430477,430509,430957,430976,431009,431037,431093,431114,431227,431264,431310,431359,431444,431482,431536,431649,431665,431711,439057,439076&SEX=TOTAL"
2021,431359,Salomó,Y065,65 anys,TOTAL,POP,3,,"https://api.idescat.cat/taules/v2/censph/10/5975/mun/data?lang=ca&YEAR=2021&MUN=430120,430430,430477,430509,430957,430976,431009,431037,431093,431114,431227,431264,431310,431359,431444,431482,431536,431649,431665,431711,439057,439076&SEX=TOTAL"
2021,431359,Salomó,Y066,66 anys,TOTAL,POP,9,,"https://api.idescat.cat/taules/v2/censph/10/5975/mun/data?lang=ca&YEAR=2021&MUN=430120,430430,430477,430509,430957,430976,431009,431037,431093,431114,431227,431264,431310,431359,431444,431482,431536,431649,431665,431711,439057,439076&SEX=TOTAL"
2021,431359,Salomó,Y067,67 anys,TOTAL,POP,1,,"https://api.idescat.cat/taules/v2/censph/10/5975/mun/data?lang=ca&YEAR=2021&MUN=430120,430430,430477,430509,430957,430976,431009,431037,431093,431114,431227,431264,431310,431359,431444,431482,431536,431649,431665,431711,439057,439076&SEX=TOTAL"
2021,431359,Salomó,Y068,68 anys,TOTAL,POP,4,,"https://api.idescat.cat/taules/v2/censph/10/5975/mun/data?lang=ca&YEAR=2021&MUN=430120,430430,430477,430509,430957,430976,431009,431037,431093,431114,431227,431264,431310,431359,431444,431482,431536,431649,431665,431711,439057,439076&SEX=TOTAL"
2021,431359,Salomó,Y069,69 anys,TOTAL,POP,6,,"https://api.idescat.cat/taules/v2/censph/10/5975/mun/data?lang=ca&YEAR=2021&MUN=430120,430430,430477,430509,430957,430976,431009,431037,431093,431114,431227,431264,431310,431359,431444,431482,431536,431649,431665,431711,439057,439076&SEX=TOTAL"
2021,431359,Salomó,Y070,70 anys,TOTAL,POP,4,,"https://api.idescat.cat/taules/v2/censph/10/5975/mun/data?lang=ca&YEAR=2021&MUN=430120,430430,430477,430509,430957,430976,431009,431037,431093,431114,431227,431264,431310,431359,431444,431482,431536,431649,431665,431711,439057,439076&SEX=TOTAL"
2021,431359,Salomó,Y071,71 anys,TOTAL,POP,3,,"https://api.idescat.cat/taules/v2/censph/10/5975/mun/data?lang=ca&YEAR=2021&MUN=430120,430430,430477,430509,430957,430976,431009,431037,431093,431114,431227,431264,431310,431359,431444,431482,431536,431649,431665,431711,439057,439076&SEX=TOTAL"
2021,431359,Salomó,Y072,72 anys,TOTAL,POP,5,,"https://api.idescat.cat/taules/v2/censph/10/5975/mun/data?lang=ca&YEAR=2021&MUN=430120,430430,430477,430509,430957,430976,431009,431037,431093,431114,431227,431264,431310,431359,431444,431482,431536,431649,431665,431711,439057,439076&SEX=TOTAL"
2021,431359,Salomó,Y073,73 anys,TOTAL,POP,5,,"https://api.idescat.cat/taules/v2/censph/10/5975/mun/data?lang=ca&YEAR=2021&MUN=430120,430430,430477,430509,430957,430976,431009,431037,431093,431114,431227,431264,431310,431359,431444,431482,431536,431649,431665,431711,439057,439076&SEX=TOTAL"
2021,431359,Salomó,Y074,74 anys,TOTAL,POP,10.0,,"https://api.idescat.cat/taules/v2/censph/10/5975/mun/data?lang=ca&YEAR=2021&MUN=430120,430430,430477,430509,430957,430976,431009,431037,431093,431114,431227,431264,431310,431359,431444,431482,431536,431649,431665,431711,439057,439076&SEX=TOTAL"
2021,431359,Salomó,Y075,75 anys,TOTAL,POP,6,,"https://api.idescat.cat/taules/v2/censph/10/5975/mun/data?lang=ca&YEAR=2021&MUN=430120,430430,430477,430509,430957,430976,431009,431037,431093,431114,431227,431264,431310,431359,431444,431482,431536,431649,431665,431711,439057,439076&SEX=TOTAL"
2021,431359,Salomó,Y076,76 anys,TOTAL,POP,2,,"https://api.idescat.cat/taules/v2/censph/10/5975/mun/data?lang=ca&YEAR=2021&MUN=430120,430430,430477,430509,430957,430976,431009,431037,431093,431114,431227,431264,431310,431359,431444,431482,431536,431649,431665,431711,439057,439076&SEX=TOTAL"
2021,431359,Salomó,Y077,77 anys,TOTAL,POP,1,,"https://api.idescat.cat/taules/v2/censph/10/5975/mun/data?lang=ca&YEAR=2021&MUN=430120,430430,430477,430509,430957,430976,431009,431037,431093,431114,431227,431264,431310,431359,431444,431482,431536,431649,431665,431711,439057,439076&SEX=TOTAL"
2021,431359,Salomó,Y078,78 anys,TOTAL,POP,4,,"https://api.idescat.cat/taules/v2/censph/10/5975/mun/data?lang=ca&YEAR=2021&MUN=430120,430430,430477,430509,430957,430976,431009,431037,431093,431114,431227,431264,431310,431359,431444,431482,431536,431649,431665,431711,439057,439076&SEX=TOTAL"
2021,431359,Salomó,Y079,79 anys,TOTAL,POP,1,,"https://api.idescat.cat/taules/v2/censph/10/5975/mun/data?lang=ca&YEAR=2021&MUN=430120,430430,430477,430509,430957,430976,431009,431037,431093,431114,431227,431264,431310,431359,431444,431482,431536,431649,431665,431711,439057,439076&SEX=TOTAL"
2021,431359,Salomó,Y080,80 anys,TOTAL,POP,3,,"https://api.idescat.cat/taules/v2/censph/10/5975/mun/data?lang=ca&YEAR=2021&MUN=430120,430430,430477,430509,430957,430976,431009,431037,431093,431114,431227,431264,431310,431359,431444,431482,431536,431649,431665,431711,439057,439076&SEX=TOTAL"
2021,431359,Salomó,Y081,81 anys,TOTAL,POP,2,,"https://api.idescat.cat/taules/v2/censph/10/5975/mun/data?lang=ca&YEAR=2021&MUN=430120,430430,430477,430509,430957,430976,431009,431037,431093,431114,431227,431264,431310,431359,431444,431482,431536,431649,431665,431711,439057,439076&SEX=TOTAL"
2021,431359,Salomó,Y082,82 anys,TOTAL,POP,2,,"https://api.idescat.cat/taules/v2/censph/10/5975/mun/data?lang=ca&YEAR=2021&MUN=430120,430430,430477,430509,430957,430976,431009,431037,431093,431114,431227,431264,431310,431359,431444,431482,431536,431649,431665,431711,439057,439076&SEX=TOTAL"
2021,431359,Salomó,Y083,83 anys,TOTAL,POP,5,,"https://api.idescat.cat/taules/v2/censph/10/5975/mun/data?lang=ca&YEAR=2021&MUN=430120,430430,430477,430509,430957,430976,431009,431037,431093,431114,431227,431264,431310,431359,431444,431482,431536,431649,431665,431711,439057,439076&SEX=TOTAL"
2021,431359,Salomó,Y084,84 anys,TOTAL,POP,6,,"https://api.idescat.cat/taules/v2/censph/10/5975/mun/data?lang=ca&YEAR=2021&MUN=430120,430430,430477,430509,430957,430976,431009,431037,431093,431114,431227,431264,431310,431359,431444,431482,431536,431649,431665,431711,439057,439076&SEX=TOTAL"
2021,431359,Salomó,Y085,85 anys,TOTAL,POP,1,,"https://api.idescat.cat/taules/v2/censph/10/5975/mun/data?lang=ca&YEAR=2021&MUN=430120,430430,430477,430509,430957,430976,431009,431037,431093,431114,431227,431264,431310,431359,431444,431482,431536,431649,431665,431711,439057,439076&SEX=TOTAL"
2021,431359,Salomó,Y086,86 anys,TOTAL,POP,4,,"https://api.idescat.cat/taules/v2/censph/10/5975/mun/data?lang=ca&YEAR=2021&MUN=430120,430430,430477,430509,430957,430976,431009,431037,431093,431114,431227,431264,431310,431359,431444,431482,431536,431649,431665,431711,439057,439076&SEX=TOTAL"
2021,431359,Salomó,Y087,87 anys,TOTAL,POP,2,,"https://api.idescat.cat/taules/v2/censph/10/5975/mun/data?lang=ca&YEAR=2021&MUN=430120,430430,430477,430509,430957,430976,431009,431037,431093,431114,431227,431264,431310,431359,431444,431482,431536,431649,431665,431711,439057,439076&SEX=TOTAL"
2021,431359,Salomó,Y088,88 anys,TOTAL,POP,5,,"https://api.idescat.cat/taules/v2/censph/10/5975/mun/data?lang=ca&YEAR=2021&MUN=430120,430430,430477,430509,430957,430976,431009,431037,431093,431114,431227,431264,431310,431359,431444,431482,431536,431649,431665,431711,439057,439076&SEX=TOTAL"
2021,431359,Salomó,Y089,89 anys,TOTAL,POP,2,,"https://api.idescat.cat/taules/v2/censph/10/5975/mun/data?lang=ca&YEAR=2021&MUN=430120,430430,430477,430509,430957,430976,431009,431037,431093,431114,431227,431264,431310,431359,431444,431482,431536,431649,431665,431711,439057,439076&SEX=TOTAL"
2021,431359,Salomó,Y090,90 anys,TOTAL,POP,2,,"https://api.idescat.cat/taules/v2/censph/10/5975/mun/data?lang=ca&YEAR=2021&MUN=430120,430430,430477,430509,430957,430976,431009,431037,431093,431114,431227,431264,431310,431359,431444,431482,431536,431649,431665,431711,439057,439076&SEX=TOTAL"
2021,431359,Salomó,Y091,91 anys,TOTAL,POP,5,,"https://api.idescat.cat/taules/v2/censph/10/5975/mun/data?lang=ca&YEAR=2021&MUN=430120,430430,430477,430509,430957,430976,431009,431037,431093,431114,431227,431264,431310,431359,431444,431482,431536,431649,431665,431711,439057,439076&SEX=TOTAL"
2021,431359,Salomó,Y092,92 anys,TOTAL,POP,0,,"https://api.idescat.cat/taules/v2/censph/10/5975/mun/data?lang=ca&YEAR=2021&MUN=430120,430430,430477,430509,430957,430976,431009,431037,431093,431114,431227,431264,431310,431359,431444,431482,431536,431649,431665,431711,439057,439076&SEX=TOTAL"
2021,431359,Salomó,Y093,93 anys,TOTAL,POP,0,,"https://api.idescat.cat/taules/v2/censph/10/5975/mun/data?lang=ca&YEAR=2021&MUN=430120,430430,430477,430509,430957,430976,431009,431037,431093,431114,431227,431264,431310,431359,431444,431482,431536,431649,431665,431711,439057,439076&SEX=TOTAL"
2021,431359,Salomó,Y094,94 anys,TOTAL,POP,1,,"https://api.idescat.cat/taules/v2/censph/10/5975/mun/data?lang=ca&YEAR=2021&MUN=430120,430430,430477,430509,430957,430976,431009,431037,431093,431114,431227,431264,431310,431359,431444,431482,431536,431649,431665,431711,439057,439076&SEX=TOTAL"
2021,431359,Salomó,Y095,95 anys,TOTAL,POP,2,,"https://api.idescat.cat/taules/v2/censph/10/5975/mun/data?lang=ca&YEAR=2021&MUN=430120,430430,430477,430509,430957,430976,431009,431037,431093,431114,431227,431264,431310,431359,431444,431482,431536,431649,431665,431711,439057,439076&SEX=TOTAL"
2021,431359,Salomó,Y096,96 anys,TOTAL,POP,0,,"https://api.idescat.cat/taules/v2/censph/10/5975/mun/data?lang=ca&YEAR=2021&MUN=430120,430430,430477,430509,430957,430976,431009,431037,431093,431114,431227,431264,431310,431359,431444,431482,431536,431649,431665,431711,439057,439076&SEX=TOTAL"
2021,431359,Salomó,Y097,97 anys,TOTAL,POP,1,,"https://api.idescat.cat/taules/v2/censph/10/5975/mun/data?lang=ca&YEAR=2021&MUN=430120,430430,430477,430509,430957,430976,431009,431037,431093,431114,431227,431264,431310,431359,431444,431482,431536,431649,431665,431711,439057,439076&SEX=TOTAL"
2021,431359,Salomó,Y098,98 anys,TOTAL,POP,0,,"https://api.idescat.cat/taules/v2/censph/10/5975/mun/data?lang=ca&YEAR=2021&MUN=430120,430430,430477,430509,430957,430976,431009,431037,431093,431114,431227,431264,431310,431359,431444,431482,431536,431649,431665,431711,439057,439076&SEX=TOTAL"
2021,431359,Salomó,Y099,99 anys,TOTAL,POP,0,,"https://api.idescat.cat/taules/v2/censph/10/5975/mun/data?lang=ca&YEAR=2021&MUN=430120,430430,430477,430509,430957,430976,431009,431037,431093,431114,431227,431264,431310,431359,431444,431482,431536,431649,431665,431711,439057,439076&SEX=TOTAL"
2021,431359,Salomó,Y_GE100,100 anys o més,TOTAL,POP,0,,"https://api.idescat.cat/taules/v2/censph/10/5975/mun/data?lang=ca&YEAR=2021&MUN=430120,430430,430477,430509,430957,430976,431009,431037,431093,431114,431227,431264,431310,431359,431444,431482,431536,431649,431665,431711,439057,439076&SEX=TOTAL"
2021,431359,Salomó,TOTAL,total,TOTAL,POP,542,,"https://api.idescat.cat/taules/v2/censph/10/5975/mun/data?lang=ca&YEAR=2021&MUN=430120,430430,430477,430509,430957,430976,431009,431037,431093,431114,431227,431264,431310,431359,431444,431482,431536,431649,431665,431711,439057,439076&SEX=TOTAL"
2021,439057,Salou,Y000,0 anys,TOTAL,POP,231,,"https://api.idescat.cat/taules/v2/censph/10/5975/mun/data?lang=ca&YEAR=2021&MUN=430120,430430,430477,430509,430957,430976,431009,431037,431093,431114,431227,431264,431310,431359,431444,431482,431536,431649,431665,431711,439057,439076&SEX=TOTAL"
2021,439057,Salou,Y001,1 any,TOTAL,POP,262,,"https://api.idescat.cat/taules/v2/censph/10/5975/mun/data?lang=ca&YEAR=2021&MUN=430120,430430,430477,430509,430957,430976,431009,431037,431093,431114,431227,431264,431310,431359,431444,431482,431536,431649,431665,431711,439057,439076&SEX=TOTAL"
2021,439057,Salou,Y002,2 anys,TOTAL,POP,274,,"https://api.idescat.cat/taules/v2/censph/10/5975/mun/data?lang=ca&YEAR=2021&MUN=430120,430430,430477,430509,430957,430976,431009,431037,431093,431114,431227,431264,431310,431359,431444,431482,431536,431649,431665,431711,439057,439076&SEX=TOTAL"
2021,439057,Salou,Y003,3 anys,TOTAL,POP,265,,"https://api.idescat.cat/taules/v2/censph/10/5975/mun/data?lang=ca&YEAR=2021&MUN=430120,430430,430477,430509,430957,430976,431009,431037,431093,431114,431227,431264,431310,431359,431444,431482,431536,431649,431665,431711,439057,439076&SEX=TOTAL"
2021,439057,Salou,Y004,4 anys,TOTAL,POP,274,,"https://api.idescat.cat/taules/v2/censph/10/5975/mun/data?lang=ca&YEAR=2021&MUN=430120,430430,430477,430509,430957,430976,431009,431037,431093,431114,431227,431264,431310,431359,431444,431482,431536,431649,431665,431711,439057,439076&SEX=TOTAL"
2021,439057,Salou,Y005,5 anys,TOTAL,POP,308,,"https://api.idescat.cat/taules/v2/censph/10/5975/mun/data?lang=ca&YEAR=2021&MUN=430120,430430,430477,430509,430957,430976,431009,431037,431093,431114,431227,431264,431310,431359,431444,431482,431536,431649,431665,431711,439057,439076&SEX=TOTAL"
2021,439057,Salou,Y006,6 anys,TOTAL,POP,283,,"https://api.idescat.cat/taules/v2/censph/10/5975/mun/data?lang=ca&YEAR=2021&MUN=430120,430430,430477,430509,430957,430976,431009,431037,431093,431114,431227,431264,431310,431359,431444,431482,431536,431649,431665,431711,439057,439076&SEX=TOTAL"
2021,439057,Salou,Y007,7 anys,TOTAL,POP,286,,"https://api.idescat.cat/taules/v2/censph/10/5975/mun/data?lang=ca&YEAR=2021&MUN=430120,430430,430477,430509,430957,430976,431009,431037,431093,431114,431227,431264,431310,431359,431444,431482,431536,431649,431665,431711,439057,439076&SEX=TOTAL"
2021,439057,Salou,Y008,8 anys,TOTAL,POP,291,,"https://api.idescat.cat/taules/v2/censph/10/5975/mun/data?lang=ca&YEAR=2021&MUN=430120,430430,430477,430509,430957,430976,431009,431037,431093,431114,431227,431264,431310,431359,431444,431482,431536,431649,431665,431711,439057,439076&SEX=TOTAL"
2021,439057,Salou,Y009,9 anys,TOTAL,POP,300.0,,"https://api.idescat.cat/taules/v2/censph/10/5975/mun/data?lang=ca&YEAR=2021&MUN=430120,430430,430477,430509,430957,430976,431009,431037,431093,431114,431227,431264,431310,431359,431444,431482,431536,431649,431665,431711,439057,439076&SEX=TOTAL"
2021,439057,Salou,Y010,10 anys,TOTAL,POP,302,,"https://api.idescat.cat/taules/v2/censph/10/5975/mun/data?lang=ca&YEAR=2021&MUN=430120,430430,430477,430509,430957,430976,431009,431037,431093,431114,431227,431264,431310,431359,431444,431482,431536,431649,431665,431711,439057,439076&SEX=TOTAL"
2021,439057,Salou,Y011,11 anys,TOTAL,POP,327,,"https://api.idescat.cat/taules/v2/censph/10/5975/mun/data?lang=ca&YEAR=2021&MUN=430120,430430,430477,430509,430957,430976,431009,431037,431093,431114,431227,431264,431310,431359,431444,431482,431536,431649,431665,431711,439057,439076&SEX=TOTAL"
2021,439057,Salou,Y012,12 anys,TOTAL,POP,337,,"https://api.idescat.cat/taules/v2/censph/10/5975/mun/data?lang=ca&YEAR=2021&MUN=430120,430430,430477,430509,430957,430976,431009,431037,431093,431114,431227,431264,431310,431359,431444,431482,431536,431649,431665,431711,439057,439076&SEX=TOTAL"
2021,439057,Salou,Y013,13 anys,TOTAL,POP,337,,"https://api.idescat.cat/taules/v2/censph/10/5975/mun/data?lang=ca&YEAR=2021&MUN=430120,430430,430477,430509,430957,430976,431009,431037,431093,431114,431227,431264,431310,431359,431444,431482,431536,431649,431665,431711,439057,439076&SEX=TOTAL"
2021,439057,Salou,Y014,14 anys,TOTAL,POP,289,,"https://api.idescat.cat/taules/v2/censph/10/5975/mun/data?lang=ca&YEAR=2021&MUN=430120,430430,430477,430509,430957,430976,431009,431037,431093,431114,431227,431264,431310,431359,431444,431482,431536,431649,431665,431711,439057,439076&SEX=TOTAL"
2021,439057,Salou,Y015,15 anys,TOTAL,POP,262,,"https://api.idescat.cat/taules/v2/censph/10/5975/mun/data?lang=ca&YEAR=2021&MUN=430120,430430,430477,430509,430957,430976,431009,431037,431093,431114,431227,431264,431310,431359,431444,431482,431536,431649,431665,431711,439057,439076&SEX=TOTAL"
2021,439057,Salou,Y016,16 anys,TOTAL,POP,286,,"https://api.idescat.cat/taules/v2/censph/10/5975/mun/data?lang=ca&YEAR=2021&MUN=430120,430430,430477,430509,430957,430976,431009,431037,431093,431114,431227,431264,431310,431359,431444,431482,431536,431649,431665,431711,439057,439076&SEX=TOTAL"
2021,439057,Salou,Y017,17 anys,TOTAL,POP,263,,"https://api.idescat.cat/taules/v2/censph/10/5975/mun/data?lang=ca&YEAR=2021&MUN=430120,430430,430477,430509,430957,430976,431009,431037,431093,431114,431227,431264,431310,431359,431444,431482,431536,431649,431665,431711,439057,439076&SEX=TOTAL"
2021,439057,Salou,Y018,18 anys,TOTAL,POP,254,,"https://api.idescat.cat/taules/v2/censph/10/5975/mun/data?lang=ca&YEAR=2021&MUN=430120,430430,430477,430509,430957,430976,431009,431037,431093,431114,431227,431264,431310,431359,431444,431482,431536,431649,431665,431711,439057,439076&SEX=TOTAL"
2021,439057,Salou,Y019,19 anys,TOTAL,POP,257,,"https://api.idescat.cat/taules/v2/censph/10/5975/mun/data?lang=ca&YEAR=2021&MUN=430120,430430,430477,430509,430957,430976,431009,431037,431093,431114,431227,431264,431310,431359,431444,431482,431536,431649,431665,431711,439057,439076&SEX=TOTAL"
2021,439057,Salou,Y020,20 anys,TOTAL,POP,279,,"https://api.idescat.cat/taules/v2/censph/10/5975/mun/data?lang=ca&YEAR=2021&MUN=430120,430430,430477,430509,430957,430976,431009,431037,431093,431114,431227,431264,431310,431359,431444,431482,431536,431649,431665,431711,439057,439076&SEX=TOTAL"
2021,439057,Salou,Y021,21 anys,TOTAL,POP,309,,"https://api.idescat.cat/taules/v2/censph/10/5975/mun/data?lang=ca&YEAR=2021&MUN=430120,430430,430477,430509,430957,430976,431009,431037,431093,431114,431227,431264,431310,431359,431444,431482,431536,431649,431665,431711,439057,439076&SEX=TOTAL"
2021,439057,Salou,Y022,22 anys,TOTAL,POP,318,,"https://api.idescat.cat/taules/v2/censph/10/5975/mun/data?lang=ca&YEAR=2021&MUN=430120,430430,430477,430509,430957,430976,431009,431037,431093,431114,431227,431264,431310,431359,431444,431482,431536,431649,431665,431711,439057,439076&SEX=TOTAL"
2021,439057,Salou,Y023,23 anys,TOTAL,POP,324,,"https://api.idescat.cat/taules/v2/censph/10/5975/mun/data?lang=ca&YEAR=2021&MUN=430120,430430,430477,430509,430957,430976,431009,431037,431093,431114,431227,431264,431310,431359,431444,431482,431536,431649,431665,431711,439057,439076&SEX=TOTAL"
2021,439057,Salou,Y024,24 anys,TOTAL,POP,295,,"https://api.idescat.cat/taules/v2/censph/10/5975/mun/data?lang=ca&YEAR=2021&MUN=430120,430430,430477,430509,430957,430976,431009,431037,431093,431114,431227,431264,431310,431359,431444,431482,431536,431649,431665,431711,439057,439076&SEX=TOTAL"
2021,439057,Salou,Y025,25 anys,TOTAL,POP,313,,"https://api.idescat.cat/taules/v2/censph/10/5975/mun/data?lang=ca&YEAR=2021&MUN=430120,430430,430477,430509,430957,430976,431009,431037,431093,431114,431227,431264,431310,431359,431444,431482,431536,431649,431665,431711,439057,439076&SEX=TOTAL"
2021,439057,Salou,Y026,26 anys,TOTAL,POP,324,,"https://api.idescat.cat/taules/v2/censph/10/5975/mun/data?lang=ca&YEAR=2021&MUN=430120,430430,430477,430509,430957,430976,431009,431037,431093,431114,431227,431264,431310,431359,431444,431482,431536,431649,431665,431711,439057,439076&SEX=TOTAL"
2021,439057,Salou,Y027,27 anys,TOTAL,POP,330.0,,"https://api.idescat.cat/taules/v2/censph/10/5975/mun/data?lang=ca&YEAR=2021&MUN=430120,430430,430477,430509,430957,430976,431009,431037,431093,431114,431227,431264,431310,431359,431444,431482,431536,431649,431665,431711,439057,439076&SEX=TOTAL"
2021,439057,Salou,Y028,28 anys,TOTAL,POP,361,,"https://api.idescat.cat/taules/v2/censph/10/5975/mun/data?lang=ca&YEAR=2021&MUN=430120,430430,430477,430509,430957,430976,431009,431037,431093,431114,431227,431264,431310,431359,431444,431482,431536,431649,431665,431711,439057,439076&SEX=TOTAL"
2021,439057,Salou,Y029,29 anys,TOTAL,POP,325,,"https://api.idescat.cat/taules/v2/censph/10/5975/mun/data?lang=ca&YEAR=2021&MUN=430120,430430,430477,430509,430957,430976,431009,431037,431093,431114,431227,431264,431310,431359,431444,431482,431536,431649,431665,431711,439057,439076&SEX=TOTAL"
2021,439057,Salou,Y030,30 anys,TOTAL,POP,361,,"https://api.idescat.cat/taules/v2/censph/10/5975/mun/data?lang=ca&YEAR=2021&MUN=430120,430430,430477,430509,430957,430976,431009,431037,431093,431114,431227,431264,431310,431359,431444,431482,431536,431649,431665,431711,439057,439076&SEX=TOTAL"
2021,439057,Salou,Y031,31 anys,TOTAL,POP,339,,"https://api.idescat.cat/taules/v2/censph/10/5975/mun/data?lang=ca&YEAR=2021&MUN=430120,430430,430477,430509,430957,430976,431009,431037,431093,431114,431227,431264,431310,431359,431444,431482,431536,431649,431665,431711,439057,439076&SEX=TOTAL"
2021,439057,Salou,Y032,32 anys,TOTAL,POP,407,,"https://api.idescat.cat/taules/v2/censph/10/5975/mun/data?lang=ca&YEAR=2021&MUN=430120,430430,430477,430509,430957,430976,431009,431037,431093,431114,431227,431264,431310,431359,431444,431482,431536,431649,431665,431711,439057,439076&SEX=TOTAL"
2021,439057,Salou,Y033,33 anys,TOTAL,POP,389,,"https://api.idescat.cat/taules/v2/censph/10/5975/mun/data?lang=ca&YEAR=2021&MUN=430120,430430,430477,430509,430957,430976,431009,431037,431093,431114,431227,431264,431310,431359,431444,431482,431536,431649,431665,431711,439057,439076&SEX=TOTAL"
2021,439057,Salou,Y034,34 anys,TOTAL,POP,400.0,,"https://api.idescat.cat/taules/v2/censph/10/5975/mun/data?lang=ca&YEAR=2021&MUN=430120,430430,430477,430509,430957,430976,431009,431037,431093,431114,431227,431264,431310,431359,431444,431482,431536,431649,431665,431711,439057,439076&SEX=TOTAL"
2021,439057,Salou,Y035,35 anys,TOTAL,POP,449,,"https://api.idescat.cat/taules/v2/censph/10/5975/mun/data?lang=ca&YEAR=2021&MUN=430120,430430,430477,430509,430957,430976,431009,431037,431093,431114,431227,431264,431310,431359,431444,431482,431536,431649,431665,431711,439057,439076&SEX=TOTAL"
2021,439057,Salou,Y036,36 anys,TOTAL,POP,478,,"https://api.idescat.cat/taules/v2/censph/10/5975/mun/data?lang=ca&YEAR=2021&MUN=430120,430430,430477,430509,430957,430976,431009,431037,431093,431114,431227,431264,431310,431359,431444,431482,431536,431649,431665,431711,439057,439076&SEX=TOTAL"
2021,439057,Salou,Y037,37 anys,TOTAL,POP,487,,"https://api.idescat.cat/taules/v2/censph/10/5975/mun/data?lang=ca&YEAR=2021&MUN=430120,430430,430477,430509,430957,430976,431009,431037,431093,431114,431227,431264,431310,431359,431444,431482,431536,431649,431665,431711,439057,439076&SEX=TOTAL"
2021,439057,Salou,Y038,38 anys,TOTAL,POP,484,,"https://api.idescat.cat/taules/v2/censph/10/5975/mun/data?lang=ca&YEAR=2021&MUN=430120,430430,430477,430509,430957,430976,431009,431037,431093,431114,431227,431264,431310,431359,431444,431482,431536,431649,431665,431711,439057,439076&SEX=TOTAL"
2021,439057,Salou,Y039,39 anys,TOTAL,POP,518,,"https://api.idescat.cat/taules/v2/censph/10/5975/mun/data?lang=ca&YEAR=2021&MUN=430120,430430,430477,430509,430957,430976,431009,431037,431093,431114,431227,431264,431310,431359,431444,431482,431536,431649,431665,431711,439057,439076&SEX=TOTAL"
2021,439057,Salou,Y040,40 anys,TOTAL,POP,572,,"https://api.idescat.cat/taules/v2/censph/10/5975/mun/data?lang=ca&YEAR=2021&MUN=430120,430430,430477,430509,430957,430976,431009,431037,431093,431114,431227,431264,431310,431359,431444,431482,431536,431649,431665,431711,439057,439076&SEX=TOTAL"
2021,439057,Salou,Y041,41 anys,TOTAL,POP,538,,"https://api.idescat.cat/taules/v2/censph/10/5975/mun/data?lang=ca&YEAR=2021&MUN=430120,430430,430477,430509,430957,430976,431009,431037,431093,431114,431227,431264,431310,431359,431444,431482,431536,431649,431665,431711,439057,439076&SEX=TOTAL"
2021,439057,Salou,Y042,42 anys,TOTAL,POP,561,,"https://api.idescat.cat/taules/v2/censph/10/5975/mun/data?lang=ca&YEAR=2021&MUN=430120,430430,430477,430509,430957,430976,431009,431037,431093,431114,431227,431264,431310,431359,431444,431482,431536,431649,431665,431711,439057,439076&SEX=TOTAL"
2021,439057,Salou,Y043,43 anys,TOTAL,POP,589,,"https://api.idescat.cat/taules/v2/censph/10/5975/mun/data?lang=ca&YEAR=2021&MUN=430120,430430,430477,430509,430957,430976,431009,431037,431093,431114,431227,431264,431310,431359,431444,431482,431536,431649,431665,431711,439057,439076&SEX=TOTAL"
2021,439057,Salou,Y044,44 anys,TOTAL,POP,605,,"https://api.idescat.cat/taules/v2/censph/10/5975/mun/data?lang=ca&YEAR=2021&MUN=430120,430430,430477,430509,430957,430976,431009,431037,431093,431114,431227,431264,431310,431359,431444,431482,431536,431649,431665,431711,439057,439076&SEX=TOTAL"
2021,439057,Salou,Y045,45 anys,TOTAL,POP,548,,"https://api.idescat.cat/taules/v2/censph/10/5975/mun/data?lang=ca&YEAR=2021&MUN=430120,430430,430477,430509,430957,430976,431009,431037,431093,431114,431227,431264,431310,431359,431444,431482,431536,431649,431665,431711,439057,439076&SEX=TOTAL"
2021,439057,Salou,Y046,46 anys,TOTAL,POP,557,,"https://api.idescat.cat/taules/v2/censph/10/5975/mun/data?lang=ca&YEAR=2021&MUN=430120,430430,430477,430509,430957,430976,431009,431037,431093,431114,431227,431264,431310,431359,431444,431482,431536,431649,431665,431711,439057,439076&SEX=TOTAL"
2021,439057,Salou,Y047,47 anys,TOTAL,POP,512,,"https://api.idescat.cat/taules/v2/censph/10/5975/mun/data?lang=ca&YEAR=2021&MUN=430120,430430,430477,430509,430957,430976,431009,431037,431093,431114,431227,431264,431310,431359,431444,431482,431536,431649,431665,431711,439057,439076&SEX=TOTAL"
2021,439057,Salou,Y048,48 anys,TOTAL,POP,491,,"https://api.idescat.cat/taules/v2/censph/10/5975/mun/data?lang=ca&YEAR=2021&MUN=430120,430430,430477,430509,430957,430976,431009,431037,431093,431114,431227,431264,431310,431359,431444,431482,431536,431649,431665,431711,439057,439076&SEX=TOTAL"
2021,439057,Salou,Y049,49 anys,TOTAL,POP,457,,"https://api.idescat.cat/taules/v2/censph/10/5975/mun/data?lang=ca&YEAR=2021&MUN=430120,430430,430477,430509,430957,430976,431009,431037,431093,431114,431227,431264,431310,431359,431444,431482,431536,431649,431665,431711,439057,439076&SEX=TOTAL"
2021,439057,Salou,Y050,50 anys,TOTAL,POP,504,,"https://api.idescat.cat/taules/v2/censph/10/5975/mun/data?lang=ca&YEAR=2021&MUN=430120,430430,430477,430509,430957,430976,431009,431037,431093,431114,431227,431264,431310,431359,431444,431482,431536,431649,431665,431711,439057,439076&SEX=TOTAL"
2021,439057,Salou,Y051,51 anys,TOTAL,POP,459,,"https://api.idescat.cat/taules/v2/censph/10/5975/mun/data?lang=ca&YEAR=2021&MUN=430120,430430,430477,430509,430957,430976,431009,431037,431093,431114,431227,431264,431310,431359,431444,431482,431536,431649,431665,431711,439057,439076&SEX=TOTAL"
2021,439057,Salou,Y052,52 anys,TOTAL,POP,488,,"https://api.idescat.cat/taules/v2/censph/10/5975/mun/data?lang=ca&YEAR=2021&MUN=430120,430430,430477,430509,430957,430976,431009,431037,431093,431114,431227,431264,431310,431359,431444,431482,431536,431649,431665,431711,439057,439076&SEX=TOTAL"
2021,439057,Salou,Y053,53 anys,TOTAL,POP,447,,"https://api.idescat.cat/taules/v2/censph/10/5975/mun/data?lang=ca&YEAR=2021&MUN=430120,430430,430477,430509,430957,430976,431009,431037,431093,431114,431227,431264,431310,431359,431444,431482,431536,431649,431665,431711,439057,439076&SEX=TOTAL"
2021,439057,Salou,Y054,54 anys,TOTAL,POP,444,,"https://api.idescat.cat/taules/v2/censph/10/5975/mun/data?lang=ca&YEAR=2021&MUN=430120,430430,430477,430509,430957,430976,431009,431037,431093,431114,431227,431264,431310,431359,431444,431482,431536,431649,431665,431711,439057,439076&SEX=TOTAL"
2021,439057,Salou,Y055,55 anys,TOTAL,POP,433,,"https://api.idescat.cat/taules/v2/censph/10/5975/mun/data?lang=ca&YEAR=2021&MUN=430120,430430,430477,430509,430957,430976,431009,431037,431093,431114,431227,431264,431310,431359,431444,431482,431536,431649,431665,431711,439057,439076&SEX=TOTAL"
2021,439057,Salou,Y056,56 anys,TOTAL,POP,376,,"https://api.idescat.cat/taules/v2/censph/10/5975/mun/data?lang=ca&YEAR=2021&MUN=430120,430430,430477,430509,430957,430976,431009,431037,431093,431114,431227,431264,431310,431359,431444,431482,431536,431649,431665,431711,439057,439076&SEX=TOTAL"
2021,439057,Salou,Y057,57 anys,TOTAL,POP,396,,"https://api.idescat.cat/taules/v2/censph/10/5975/mun/data?lang=ca&YEAR=2021&MUN=430120,430430,430477,430509,430957,430976,431009,431037,431093,431114,431227,431264,431310,431359,431444,431482,431536,431649,431665,431711,439057,439076&SEX=TOTAL"
2021,439057,Salou,Y058,58 anys,TOTAL,POP,376,,"https://api.idescat.cat/taules/v2/censph/10/5975/mun/data?lang=ca&YEAR=2021&MUN=430120,430430,430477,430509,430957,430976,431009,431037,431093,431114,431227,431264,431310,431359,431444,431482,431536,431649,431665,431711,439057,439076&SEX=TOTAL"
2021,439057,Salou,Y059,59 anys,TOTAL,POP,359,,"https://api.idescat.cat/taules/v2/censph/10/5975/mun/data?lang=ca&YEAR=2021&MUN=430120,430430,430477,430509,430957,430976,431009,431037,431093,431114,431227,431264,431310,431359,431444,431482,431536,431649,431665,431711,439057,439076&SEX=TOTAL"
2021,439057,Salou,Y060,60 anys,TOTAL,POP,356,,"https://api.idescat.cat/taules/v2/censph/10/5975/mun/data?lang=ca&YEAR=2021&MUN=430120,430430,430477,430509,430957,430976,431009,431037,431093,431114,431227,431264,431310,431359,431444,431482,431536,431649,431665,431711,439057,439076&SEX=TOTAL"
2021,439057,Salou,Y061,61 anys,TOTAL,POP,327,,"https://api.idescat.cat/taules/v2/censph/10/5975/mun/data?lang=ca&YEAR=2021&MUN=430120,430430,430477,430509,430957,430976,431009,431037,431093,431114,431227,431264,431310,431359,431444,431482,431536,431649,431665,431711,439057,439076&SEX=TOTAL"
2021,439057,Salou,Y062,62 anys,TOTAL,POP,349,,"https://api.idescat.cat/taules/v2/censph/10/5975/mun/data?lang=ca&YEAR=2021&MUN=430120,430430,430477,430509,430957,430976,431009,431037,431093,431114,431227,431264,431310,431359,431444,431482,431536,431649,431665,431711,439057,439076&SEX=TOTAL"
2021,439057,Salou,Y063,63 anys,TOTAL,POP,308,,"https://api.idescat.cat/taules/v2/censph/10/5975/mun/data?lang=ca&YEAR=2021&MUN=430120,430430,430477,430509,430957,430976,431009,431037,431093,431114,431227,431264,431310,431359,431444,431482,431536,431649,431665,431711,439057,439076&SEX=TOTAL"
2021,439057,Salou,Y064,64 anys,TOTAL,POP,269,,"https://api.idescat.cat/taules/v2/censph/10/5975/mun/data?lang=ca&YEAR=2021&MUN=430120,430430,430477,430509,430957,430976,431009,431037,431093,431114,431227,431264,431310,431359,431444,431482,431536,431649,431665,431711,439057,439076&SEX=TOTAL"
2021,439057,Salou,Y065,65 anys,TOTAL,POP,276,,"https://api.idescat.cat/taules/v2/censph/10/5975/mun/data?lang=ca&YEAR=2021&MUN=430120,430430,430477,430509,430957,430976,431009,431037,431093,431114,431227,431264,431310,431359,431444,431482,431536,431649,431665,431711,439057,439076&SEX=TOTAL"
2021,439057,Salou,Y066,66 anys,TOTAL,POP,246,,"https://api.idescat.cat/taules/v2/censph/10/5975/mun/data?lang=ca&YEAR=2021&MUN=430120,430430,430477,430509,430957,430976,431009,431037,431093,431114,431227,431264,431310,431359,431444,431482,431536,431649,431665,431711,439057,439076&SEX=TOTAL"
2021,439057,Salou,Y067,67 anys,TOTAL,POP,231,,"https://api.idescat.cat/taules/v2/censph/10/5975/mun/data?lang=ca&YEAR=2021&MUN=430120,430430,430477,430509,430957,430976,431009,431037,431093,431114,431227,431264,431310,431359,431444,431482,431536,431649,431665,431711,439057,439076&SEX=TOTAL"
2021,439057,Salou,Y068,68 anys,TOTAL,POP,253,,"https://api.idescat.cat/taules/v2/censph/10/5975/mun/data?lang=ca&YEAR=2021&MUN=430120,430430,430477,430509,430957,430976,431009,431037,431093,431114,431227,431264,431310,431359,431444,431482,431536,431649,431665,431711,439057,439076&SEX=TOTAL"
2021,439057,Salou,Y069,69 anys,TOTAL,POP,236,,"https://api.idescat.cat/taules/v2/censph/10/5975/mun/data?lang=ca&YEAR=2021&MUN=430120,430430,430477,430509,430957,430976,431009,431037,431093,431114,431227,431264,431310,431359,431444,431482,431536,431649,431665,431711,439057,439076&SEX=TOTAL"
2021,439057,Salou,Y070,70 anys,TOTAL,POP,205,,"https://api.idescat.cat/taules/v2/censph/10/5975/mun/data?lang=ca&YEAR=2021&MUN=430120,430430,430477,430509,430957,430976,431009,431037,431093,431114,431227,431264,431310,431359,431444,431482,431536,431649,431665,431711,439057,439076&SEX=TOTAL"
2021,439057,Salou,Y071,71 anys,TOTAL,POP,220.0,,"https://api.idescat.cat/taules/v2/censph/10/5975/mun/data?lang=ca&YEAR=2021&MUN=430120,430430,430477,430509,430957,430976,431009,431037,431093,431114,431227,431264,431310,431359,431444,431482,431536,431649,431665,431711,439057,439076&SEX=TOTAL"
2021,439057,Salou,Y072,72 anys,TOTAL,POP,217,,"https://api.idescat.cat/taules/v2/censph/10/5975/mun/data?lang=ca&YEAR=2021&MUN=430120,430430,430477,430509,430957,430976,431009,431037,431093,431114,431227,431264,431310,431359,431444,431482,431536,431649,431665,431711,439057,439076&SEX=TOTAL"
2021,439057,Salou,Y073,73 anys,TOTAL,POP,193,,"https://api.idescat.cat/taules/v2/censph/10/5975/mun/data?lang=ca&YEAR=2021&MUN=430120,430430,430477,430509,430957,430976,431009,431037,431093,431114,431227,431264,431310,431359,431444,431482,431536,431649,431665,431711,439057,439076&SEX=TOTAL"
2021,439057,Salou,Y074,74 anys,TOTAL,POP,186,,"https://api.idescat.cat/taules/v2/censph/10/5975/mun/data?lang=ca&YEAR=2021&MUN=430120,430430,430477,430509,430957,430976,431009,431037,431093,431114,431227,431264,431310,431359,431444,431482,431536,431649,431665,431711,439057,439076&SEX=TOTAL"
2021,439057,Salou,Y075,75 anys,TOTAL,POP,169,,"https://api.idescat.cat/taules/v2/censph/10/5975/mun/data?lang=ca&YEAR=2021&MUN=430120,430430,430477,430509,430957,430976,431009,431037,431093,431114,431227,431264,431310,431359,431444,431482,431536,431649,431665,431711,439057,439076&SEX=TOTAL"
2021,439057,Salou,Y076,76 anys,TOTAL,POP,146,,"https://api.idescat.cat/taules/v2/censph/10/5975/mun/data?lang=ca&YEAR=2021&MUN=430120,430430,430477,430509,430957,430976,431009,431037,431093,431114,431227,431264,431310,431359,431444,431482,431536,431649,431665,431711,439057,439076&SEX=TOTAL"
2021,439057,Salou,Y077,77 anys,TOTAL,POP,126,,"https://api.idescat.cat/taules/v2/censph/10/5975/mun/data?lang=ca&YEAR=2021&MUN=430120,430430,430477,430509,430957,430976,431009,431037,431093,431114,431227,431264,431310,431359,431444,431482,431536,431649,431665,431711,439057,439076&SEX=TOTAL"
2021,439057,Salou,Y078,78 anys,TOTAL,POP,98,,"https://api.idescat.cat/taules/v2/censph/10/5975/mun/data?lang=ca&YEAR=2021&MUN=430120,430430,430477,430509,430957,430976,431009,431037,431093,431114,431227,431264,431310,431359,431444,431482,431536,431649,431665,431711,439057,439076&SEX=TOTAL"
2021,439057,Salou,Y079,79 anys,TOTAL,POP,93,,"https://api.idescat.cat/taules/v2/censph/10/5975/mun/data?lang=ca&YEAR=2021&MUN=430120,430430,430477,430509,430957,430976,431009,431037,431093,431114,431227,431264,431310,431359,431444,431482,431536,431649,431665,431711,439057,439076&SEX=TOTAL"
2021,439057,Salou,Y080,80 anys,TOTAL,POP,108,,"https://api.idescat.cat/taules/v2/censph/10/5975/mun/data?lang=ca&YEAR=2021&MUN=430120,430430,430477,430509,430957,430976,431009,431037,431093,431114,431227,431264,431310,431359,431444,431482,431536,431649,431665,431711,439057,439076&SEX=TOTAL"
2021,439057,Salou,Y081,81 anys,TOTAL,POP,65,,"https://api.idescat.cat/taules/v2/censph/10/5975/mun/data?lang=ca&YEAR=2021&MUN=430120,430430,430477,430509,430957,430976,431009,431037,431093,431114,431227,431264,431310,431359,431444,431482,431536,431649,431665,431711,439057,439076&SEX=TOTAL"
2021,439057,Salou,Y082,82 anys,TOTAL,POP,81,,"https://api.idescat.cat/taules/v2/censph/10/5975/mun/data?lang=ca&YEAR=2021&MUN=430120,430430,430477,430509,430957,430976,431009,431037,431093,431114,431227,431264,431310,431359,431444,431482,431536,431649,431665,431711,439057,439076&SEX=TOTAL"
2021,439057,Salou,Y083,83 anys,TOTAL,POP,79,,"https://api.idescat.cat/taules/v2/censph/10/5975/mun/data?lang=ca&YEAR=2021&MUN=430120,430430,430477,430509,430957,430976,431009,431037,431093,431114,431227,431264,431310,431359,431444,431482,431536,431649,431665,431711,439057,439076&SEX=TOTAL"
2021,439057,Salou,Y084,84 anys,TOTAL,POP,97,,"https://api.idescat.cat/taules/v2/censph/10/5975/mun/data?lang=ca&YEAR=2021&MUN=430120,430430,430477,430509,430957,430976,431009,431037,431093,431114,431227,431264,431310,431359,431444,431482,431536,431649,431665,431711,439057,439076&SEX=TOTAL"
2021,439057,Salou,Y085,85 anys,TOTAL,POP,80.0,,"https://api.idescat.cat/taules/v2/censph/10/5975/mun/data?lang=ca&YEAR=2021&MUN=430120,430430,430477,430509,430957,430976,431009,431037,431093,431114,431227,431264,431310,431359,431444,431482,431536,431649,431665,431711,439057,439076&SEX=TOTAL"
2021,439057,Salou,Y086,86 anys,TOTAL,POP,75,,"https://api.idescat.cat/taules/v2/censph/10/5975/mun/data?lang=ca&YEAR=2021&MUN=430120,430430,430477,430509,430957,430976,431009,431037,431093,431114,431227,431264,431310,431359,431444,431482,431536,431649,431665,431711,439057,439076&SEX=TOTAL"
2021,439057,Salou,Y087,87 anys,TOTAL,POP,64,,"https://api.idescat.cat/taules/v2/censph/10/5975/mun/data?lang=ca&YEAR=2021&MUN=430120,430430,430477,430509,430957,430976,431009,431037,431093,431114,431227,431264,431310,431359,431444,431482,431536,431649,431665,431711,439057,439076&SEX=TOTAL"
2021,439057,Salou,Y088,88 anys,TOTAL,POP,49,,"https://api.idescat.cat/taules/v2/censph/10/5975/mun/data?lang=ca&YEAR=2021&MUN=430120,430430,430477,430509,430957,430976,431009,431037,431093,431114,431227,431264,431310,431359,431444,431482,431536,431649,431665,431711,439057,439076&SEX=TOTAL"
2021,439057,Salou,Y089,89 anys,TOTAL,POP,42,,"https://api.idescat.cat/taules/v2/censph/10/5975/mun/data?lang=ca&YEAR=2021&MUN=430120,430430,430477,430509,430957,430976,431009,431037,431093,431114,431227,431264,431310,431359,431444,431482,431536,431649,431665,431711,439057,439076&SEX=TOTAL"
2021,439057,Salou,Y090,90 anys,TOTAL,POP,43,,"https://api.idescat.cat/taules/v2/censph/10/5975/mun/data?lang=ca&YEAR=2021&MUN=430120,430430,430477,430509,430957,430976,431009,431037,431093,431114,431227,431264,431310,431359,431444,431482,431536,431649,431665,431711,439057,439076&SEX=TOTAL"
2021,439057,Salou,Y091,91 anys,TOTAL,POP,32,,"https://api.idescat.cat/taules/v2/censph/10/5975/mun/data?lang=ca&YEAR=2021&MUN=430120,430430,430477,430509,430957,430976,431009,431037,431093,431114,431227,431264,431310,431359,431444,431482,431536,431649,431665,431711,439057,439076&SEX=TOTAL"
2021,439057,Salou,Y092,92 anys,TOTAL,POP,37,,"https://api.idescat.cat/taules/v2/censph/10/5975/mun/data?lang=ca&YEAR=2021&MUN=430120,430430,430477,430509,430957,430976,431009,431037,431093,431114,431227,431264,431310,431359,431444,431482,431536,431649,431665,431711,439057,439076&SEX=TOTAL"
2021,439057,Salou,Y093,93 anys,TOTAL,POP,18,,"https://api.idescat.cat/taules/v2/censph/10/5975/mun/data?lang=ca&YEAR=2021&MUN=430120,430430,430477,430509,430957,430976,431009,431037,431093,431114,431227,431264,431310,431359,431444,431482,431536,431649,431665,431711,439057,439076&SEX=TOTAL"
2021,439057,Salou,Y094,94 anys,TOTAL,POP,19,,"https://api.idescat.cat/taules/v2/censph/10/5975/mun/data?lang=ca&YEAR=2021&MUN=430120,430430,430477,430509,430957,430976,431009,431037,431093,431114,431227,431264,431310,431359,431444,431482,431536,431649,431665,431711,439057,439076&SEX=TOTAL"
2021,439057,Salou,Y095,95 anys,TOTAL,POP,13,,"https://api.idescat.cat/taules/v2/censph/10/5975/mun/data?lang=ca&YEAR=2021&MUN=430120,430430,430477,430509,430957,430976,431009,431037,431093,431114,431227,431264,431310,431359,431444,431482,431536,431649,431665,431711,439057,439076&SEX=TOTAL"
2021,439057,Salou,Y096,96 anys,TOTAL,POP,7,,"https://api.idescat.cat/taules/v2/censph/10/5975/mun/data?lang=ca&YEAR=2021&MUN=430120,430430,430477,430509,430957,430976,431009,431037,431093,431114,431227,431264,431310,431359,431444,431482,431536,431649,431665,431711,439057,439076&SEX=TOTAL"
2021,439057,Salou,Y097,97 anys,TOTAL,POP,3,,"https://api.idescat.cat/taules/v2/censph/10/5975/mun/data?lang=ca&YEAR=2021&MUN=430120,430430,430477,430509,430957,430976,431009,431037,431093,431114,431227,431264,431310,431359,431444,431482,431536,431649,431665,431711,439057,439076&SEX=TOTAL"
2021,439057,Salou,Y098,98 anys,TOTAL,POP,2,,"https://api.idescat.cat/taules/v2/censph/10/5975/mun/data?lang=ca&YEAR=2021&MUN=430120,430430,430477,430509,430957,430976,431009,431037,431093,431114,431227,431264,431310,431359,431444,431482,431536,431649,431665,431711,439057,439076&SEX=TOTAL"
2021,439057,Salou,Y099,99 anys,TOTAL,POP,2,,"https://api.idescat.cat/taules/v2/censph/10/5975/mun/data?lang=ca&YEAR=2021&MUN=430120,430430,430477,430509,430957,430976,431009,431037,431093,431114,431227,431264,431310,431359,431444,431482,431536,431649,431665,431711,439057,439076&SEX=TOTAL"
2021,439057,Salou,Y_GE100,100 anys o més,TOTAL,POP,4,,"https://api.idescat.cat/taules/v2/censph/10/5975/mun/data?lang=ca&YEAR=2021&MUN=430120,430430,430477,430509,430957,430976,431009,431037,431093,431114,431227,431264,431310,431359,431444,431482,431536,431649,431665,431711,439057,439076&SEX=TOTAL"
2021,439057,Salou,TOTAL,total,TOTAL,POP,28314,,"https://api.idescat.cat/taules/v2/censph/10/5975/mun/data?lang=ca&YEAR=2021&MUN=430120,430430,430477,430509,430957,430976,431009,431037,431093,431114,431227,431264,431310,431359,431444,431482,431536,431649,431665,431711,439057,439076&SEX=TOTAL"
2021,431444,"Secuita, la",Y000,0 anys,TOTAL,POP,13,,"https://api.idescat.cat/taules/v2/censph/10/5975/mun/data?lang=ca&YEAR=2021&MUN=430120,430430,430477,430509,430957,430976,431009,431037,431093,431114,431227,431264,431310,431359,431444,431482,431536,431649,431665,431711,439057,439076&SEX=TOTAL"
2021,431444,"Secuita, la",Y001,1 any,TOTAL,POP,24,,"https://api.idescat.cat/taules/v2/censph/10/5975/mun/data?lang=ca&YEAR=2021&MUN=430120,430430,430477,430509,430957,430976,431009,431037,431093,431114,431227,431264,431310,431359,431444,431482,431536,431649,431665,431711,439057,439076&SEX=TOTAL"
2021,431444,"Secuita, la",Y002,2 anys,TOTAL,POP,11,,"https://api.idescat.cat/taules/v2/censph/10/5975/mun/data?lang=ca&YEAR=2021&MUN=430120,430430,430477,430509,430957,430976,431009,431037,431093,431114,431227,431264,431310,431359,431444,431482,431536,431649,431665,431711,439057,439076&SEX=TOTAL"
2021,431444,"Secuita, la",Y003,3 anys,TOTAL,POP,18,,"https://api.idescat.cat/taules/v2/censph/10/5975/mun/data?lang=ca&YEAR=2021&MUN=430120,430430,430477,430509,430957,430976,431009,431037,431093,431114,431227,431264,431310,431359,431444,431482,431536,431649,431665,431711,439057,439076&SEX=TOTAL"
2021,431444,"Secuita, la",Y004,4 anys,TOTAL,POP,22,,"https://api.idescat.cat/taules/v2/censph/10/5975/mun/data?lang=ca&YEAR=2021&MUN=430120,430430,430477,430509,430957,430976,431009,431037,431093,431114,431227,431264,431310,431359,431444,431482,431536,431649,431665,431711,439057,439076&SEX=TOTAL"
2021,431444,"Secuita, la",Y005,5 anys,TOTAL,POP,20.0,,"https://api.idescat.cat/taules/v2/censph/10/5975/mun/data?lang=ca&YEAR=2021&MUN=430120,430430,430477,430509,430957,430976,431009,431037,431093,431114,431227,431264,431310,431359,431444,431482,431536,431649,431665,431711,439057,439076&SEX=TOTAL"
2021,431444,"Secuita, la",Y006,6 anys,TOTAL,POP,13,,"https://api.idescat.cat/taules/v2/censph/10/5975/mun/data?lang=ca&YEAR=2021&MUN=430120,430430,430477,430509,430957,430976,431009,431037,431093,431114,431227,431264,431310,431359,431444,431482,431536,431649,431665,431711,439057,439076&SEX=TOTAL"
2021,431444,"Secuita, la",Y007,7 anys,TOTAL,POP,22,,"https://api.idescat.cat/taules/v2/censph/10/5975/mun/data?lang=ca&YEAR=2021&MUN=430120,430430,430477,430509,430957,430976,431009,431037,431093,431114,431227,431264,431310,431359,431444,431482,431536,431649,431665,431711,439057,439076&SEX=TOTAL"
2021,431444,"Secuita, la",Y008,8 anys,TOTAL,POP,25,,"https://api.idescat.cat/taules/v2/censph/10/5975/mun/data?lang=ca&YEAR=2021&MUN=430120,430430,430477,430509,430957,430976,431009,431037,431093,431114,431227,431264,431310,431359,431444,431482,431536,431649,431665,431711,439057,439076&SEX=TOTAL"
2021,431444,"Secuita, la",Y009,9 anys,TOTAL,POP,7,,"https://api.idescat.cat/taules/v2/censph/10/5975/mun/data?lang=ca&YEAR=2021&MUN=430120,430430,430477,430509,430957,430976,431009,431037,431093,431114,431227,431264,431310,431359,431444,431482,431536,431649,431665,431711,439057,439076&SEX=TOTAL"
2021,431444,"Secuita, la",Y010,10 anys,TOTAL,POP,29,,"https://api.idescat.cat/taules/v2/censph/10/5975/mun/data?lang=ca&YEAR=2021&MUN=430120,430430,430477,430509,430957,430976,431009,431037,431093,431114,431227,431264,431310,431359,431444,431482,431536,431649,431665,431711,439057,439076&SEX=TOTAL"
2021,431444,"Secuita, la",Y011,11 anys,TOTAL,POP,18,,"https://api.idescat.cat/taules/v2/censph/10/5975/mun/data?lang=ca&YEAR=2021&MUN=430120,430430,430477,430509,430957,430976,431009,431037,431093,431114,431227,431264,431310,431359,431444,431482,431536,431649,431665,431711,439057,439076&SEX=TOTAL"
2021,431444,"Secuita, la",Y012,12 anys,TOTAL,POP,30.0,,"https://api.idescat.cat/taules/v2/censph/10/5975/mun/data?lang=ca&YEAR=2021&MUN=430120,430430,430477,430509,430957,430976,431009,431037,431093,431114,431227,431264,431310,431359,431444,431482,431536,431649,431665,431711,439057,439076&SEX=TOTAL"
2021,431444,"Secuita, la",Y013,13 anys,TOTAL,POP,24,,"https://api.idescat.cat/taules/v2/censph/10/5975/mun/data?lang=ca&YEAR=2021&MUN=430120,430430,430477,430509,430957,430976,431009,431037,431093,431114,431227,431264,431310,431359,431444,431482,431536,431649,431665,431711,439057,439076&SEX=TOTAL"
2021,431444,"Secuita, la",Y014,14 anys,TOTAL,POP,25,,"https://api.idescat.cat/taules/v2/censph/10/5975/mun/data?lang=ca&YEAR=2021&MUN=430120,430430,430477,430509,430957,430976,431009,431037,431093,431114,431227,431264,431310,431359,431444,431482,431536,431649,431665,431711,439057,439076&SEX=TOTAL"
2021,431444,"Secuita, la",Y015,15 anys,TOTAL,POP,16,,"https://api.idescat.cat/taules/v2/censph/10/5975/mun/data?lang=ca&YEAR=2021&MUN=430120,430430,430477,430509,430957,430976,431009,431037,431093,431114,431227,431264,431310,431359,431444,431482,431536,431649,431665,431711,439057,439076&SEX=TOTAL"
2021,431444,"Secuita, la",Y016,16 anys,TOTAL,POP,12,,"https://api.idescat.cat/taules/v2/censph/10/5975/mun/data?lang=ca&YEAR=2021&MUN=430120,430430,430477,430509,430957,430976,431009,431037,431093,431114,431227,431264,431310,431359,431444,431482,431536,431649,431665,431711,439057,439076&SEX=TOTAL"
2021,431444,"Secuita, la",Y017,17 anys,TOTAL,POP,23,,"https://api.idescat.cat/taules/v2/censph/10/5975/mun/data?lang=ca&YEAR=2021&MUN=430120,430430,430477,430509,430957,430976,431009,431037,431093,431114,431227,431264,431310,431359,431444,431482,431536,431649,431665,431711,439057,439076&SEX=TOTAL"
2021,431444,"Secuita, la",Y018,18 anys,TOTAL,POP,15,,"https://api.idescat.cat/taules/v2/censph/10/5975/mun/data?lang=ca&YEAR=2021&MUN=430120,430430,430477,430509,430957,430976,431009,431037,431093,431114,431227,431264,431310,431359,431444,431482,431536,431649,431665,431711,439057,439076&SEX=TOTAL"
2021,431444,"Secuita, la",Y019,19 anys,TOTAL,POP,12,,"https://api.idescat.cat/taules/v2/censph/10/5975/mun/data?lang=ca&YEAR=2021&MUN=430120,430430,430477,430509,430957,430976,431009,431037,431093,431114,431227,431264,431310,431359,431444,431482,431536,431649,431665,431711,439057,439076&SEX=TOTAL"
2021,431444,"Secuita, la",Y020,20 anys,TOTAL,POP,12,,"https://api.idescat.cat/taules/v2/censph/10/5975/mun/data?lang=ca&YEAR=2021&MUN=430120,430430,430477,430509,430957,430976,431009,431037,431093,431114,431227,431264,431310,431359,431444,431482,431536,431649,431665,431711,439057,439076&SEX=TOTAL"
2021,431444,"Secuita, la",Y021,21 anys,TOTAL,POP,20.0,,"https://api.idescat.cat/taules/v2/censph/10/5975/mun/data?lang=ca&YEAR=2021&MUN=430120,430430,430477,430509,430957,430976,431009,431037,431093,431114,431227,431264,431310,431359,431444,431482,431536,431649,431665,431711,439057,439076&SEX=TOTAL"
2021,431444,"Secuita, la",Y022,22 anys,TOTAL,POP,12,,"https://api.idescat.cat/taules/v2/censph/10/5975/mun/data?lang=ca&YEAR=2021&MUN=430120,430430,430477,430509,430957,430976,431009,431037,431093,431114,431227,431264,431310,431359,431444,431482,431536,431649,431665,431711,439057,439076&SEX=TOTAL"
2021,431444,"Secuita, la",Y023,23 anys,TOTAL,POP,8,,"https://api.idescat.cat/taules/v2/censph/10/5975/mun/data?lang=ca&YEAR=2021&MUN=430120,430430,430477,430509,430957,430976,431009,431037,431093,431114,431227,431264,431310,431359,431444,431482,431536,431649,431665,431711,439057,439076&SEX=TOTAL"
2021,431444,"Secuita, la",Y024,24 anys,TOTAL,POP,15,,"https://api.idescat.cat/taules/v2/censph/10/5975/mun/data?lang=ca&YEAR=2021&MUN=430120,430430,430477,430509,430957,430976,431009,431037,431093,431114,431227,431264,431310,431359,431444,431482,431536,431649,431665,431711,439057,439076&SEX=TOTAL"
2021,431444,"Secuita, la",Y025,25 anys,TOTAL,POP,13,,"https://api.idescat.cat/taules/v2/censph/10/5975/mun/data?lang=ca&YEAR=2021&MUN=430120,430430,430477,430509,430957,430976,431009,431037,431093,431114,431227,431264,431310,431359,431444,431482,431536,431649,431665,431711,439057,439076&SEX=TOTAL"
2021,431444,"Secuita, la",Y026,26 anys,TOTAL,POP,17,,"https://api.idescat.cat/taules/v2/censph/10/5975/mun/data?lang=ca&YEAR=2021&MUN=430120,430430,430477,430509,430957,430976,431009,431037,431093,431114,431227,431264,431310,431359,431444,431482,431536,431649,431665,431711,439057,439076&SEX=TOTAL"
2021,431444,"Secuita, la",Y027,27 anys,TOTAL,POP,16,,"https://api.idescat.cat/taules/v2/censph/10/5975/mun/data?lang=ca&YEAR=2021&MUN=430120,430430,430477,430509,430957,430976,431009,431037,431093,431114,431227,431264,431310,431359,431444,431482,431536,431649,431665,431711,439057,439076&SEX=TOTAL"
2021,431444,"Secuita, la",Y028,28 anys,TOTAL,POP,22,,"https://api.idescat.cat/taules/v2/censph/10/5975/mun/data?lang=ca&YEAR=2021&MUN=430120,430430,430477,430509,430957,430976,431009,431037,431093,431114,431227,431264,431310,431359,431444,431482,431536,431649,431665,431711,439057,439076&SEX=TOTAL"
2021,431444,"Secuita, la",Y029,29 anys,TOTAL,POP,20.0,,"https://api.idescat.cat/taules/v2/censph/10/5975/mun/data?lang=ca&YEAR=2021&MUN=430120,430430,430477,430509,430957,430976,431009,431037,431093,431114,431227,431264,431310,431359,431444,431482,431536,431649,431665,431711,439057,439076&SEX=TOTAL"
2021,431444,"Secuita, la",Y030,30 anys,TOTAL,POP,21,,"https://api.idescat.cat/taules/v2/censph/10/5975/mun/data?lang=ca&YEAR=2021&MUN=430120,430430,430477,430509,430957,430976,431009,431037,431093,431114,431227,431264,431310,431359,431444,431482,431536,431649,431665,431711,439057,439076&SEX=TOTAL"
2021,431444,"Secuita, la",Y031,31 anys,TOTAL,POP,24,,"https://api.idescat.cat/taules/v2/censph/10/5975/mun/data?lang=ca&YEAR=2021&MUN=430120,430430,430477,430509,430957,430976,431009,431037,431093,431114,431227,431264,431310,431359,431444,431482,431536,431649,431665,431711,439057,439076&SEX=TOTAL"
2021,431444,"Secuita, la",Y032,32 anys,TOTAL,POP,34,,"https://api.idescat.cat/taules/v2/censph/10/5975/mun/data?lang=ca&YEAR=2021&MUN=430120,430430,430477,430509,430957,430976,431009,431037,431093,431114,431227,431264,431310,431359,431444,431482,431536,431649,431665,431711,439057,439076&SEX=TOTAL"
2021,431444,"Secuita, la",Y033,33 anys,TOTAL,POP,22,,"https://api.idescat.cat/taules/v2/censph/10/5975/mun/data?lang=ca&YEAR=2021&MUN=430120,430430,430477,430509,430957,430976,431009,431037,431093,431114,431227,431264,431310,431359,431444,431482,431536,431649,431665,431711,439057,439076&SEX=TOTAL"
2021,431444,"Secuita, la",Y034,34 anys,TOTAL,POP,21,,"https://api.idescat.cat/taules/v2/censph/10/5975/mun/data?lang=ca&YEAR=2021&MUN=430120,430430,430477,430509,430957,430976,431009,431037,431093,431114,431227,431264,431310,431359,431444,431482,431536,431649,431665,431711,439057,439076&SEX=TOTAL"
2021,431444,"Secuita, la",Y035,35 anys,TOTAL,POP,27,,"https://api.idescat.cat/taules/v2/censph/10/5975/mun/data?lang=ca&YEAR=2021&MUN=430120,430430,430477,430509,430957,430976,431009,431037,431093,431114,431227,431264,431310,431359,431444,431482,431536,431649,431665,431711,439057,439076&SEX=TOTAL"
2021,431444,"Secuita, la",Y036,36 anys,TOTAL,POP,28,,"https://api.idescat.cat/taules/v2/censph/10/5975/mun/data?lang=ca&YEAR=2021&MUN=430120,430430,430477,430509,430957,430976,431009,431037,431093,431114,431227,431264,431310,431359,431444,431482,431536,431649,431665,431711,439057,439076&SEX=TOTAL"
2021,431444,"Secuita, la",Y037,37 anys,TOTAL,POP,27,,"https://api.idescat.cat/taules/v2/censph/10/5975/mun/data?lang=ca&YEAR=2021&MUN=430120,430430,430477,430509,430957,430976,431009,431037,431093,431114,431227,431264,431310,431359,431444,431482,431536,431649,431665,431711,439057,439076&SEX=TOTAL"
2021,431444,"Secuita, la",Y038,38 anys,TOTAL,POP,26,,"https://api.idescat.cat/taules/v2/censph/10/5975/mun/data?lang=ca&YEAR=2021&MUN=430120,430430,430477,430509,430957,430976,431009,431037,431093,431114,431227,431264,431310,431359,431444,431482,431536,431649,431665,431711,439057,439076&SEX=TOTAL"
2021,431444,"Secuita, la",Y039,39 anys,TOTAL,POP,32,,"https://api.idescat.cat/taules/v2/censph/10/5975/mun/data?lang=ca&YEAR=2021&MUN=430120,430430,430477,430509,430957,430976,431009,431037,431093,431114,431227,431264,431310,431359,431444,431482,431536,431649,431665,431711,439057,439076&SEX=TOTAL"
2021,431444,"Secuita, la",Y040,40 anys,TOTAL,POP,30.0,,"https://api.idescat.cat/taules/v2/censph/10/5975/mun/data?lang=ca&YEAR=2021&MUN=430120,430430,430477,430509,430957,430976,431009,431037,431093,431114,431227,431264,431310,431359,431444,431482,431536,431649,431665,431711,439057,439076&SEX=TOTAL"
2021,431444,"Secuita, la",Y041,41 anys,TOTAL,POP,37,,"https://api.idescat.cat/taules/v2/censph/10/5975/mun/data?lang=ca&YEAR=2021&MUN=430120,430430,430477,430509,430957,430976,431009,431037,431093,431114,431227,431264,431310,431359,431444,431482,431536,431649,431665,431711,439057,439076&SEX=TOTAL"
2021,431444,"Secuita, la",Y042,42 anys,TOTAL,POP,32,,"https://api.idescat.cat/taules/v2/censph/10/5975/mun/data?lang=ca&YEAR=2021&MUN=430120,430430,430477,430509,430957,430976,431009,431037,431093,431114,431227,431264,431310,431359,431444,431482,431536,431649,431665,431711,439057,439076&SEX=TOTAL"
2021,431444,"Secuita, la",Y043,43 anys,TOTAL,POP,26,,"https://api.idescat.cat/taules/v2/censph/10/5975/mun/data?lang=ca&YEAR=2021&MUN=430120,430430,430477,430509,430957,430976,431009,431037,431093,431114,431227,431264,431310,431359,431444,431482,431536,431649,431665,431711,439057,439076&SEX=TOTAL"
2021,431444,"Secuita, la",Y044,44 anys,TOTAL,POP,33,,"https://api.idescat.cat/taules/v2/censph/10/5975/mun/data?lang=ca&YEAR=2021&MUN=430120,430430,430477,430509,430957,430976,431009,431037,431093,431114,431227,431264,431310,431359,431444,431482,431536,431649,431665,431711,439057,439076&SEX=TOTAL"
2021,431444,"Secuita, la",Y045,45 anys,TOTAL,POP,29,,"https://api.idescat.cat/taules/v2/censph/10/5975/mun/data?lang=ca&YEAR=2021&MUN=430120,430430,430477,430509,430957,430976,431009,431037,431093,431114,431227,431264,431310,431359,431444,431482,431536,431649,431665,431711,439057,439076&SEX=TOTAL"
2021,431444,"Secuita, la",Y046,46 anys,TOTAL,POP,34,,"https://api.idescat.cat/taules/v2/censph/10/5975/mun/data?lang=ca&YEAR=2021&MUN=430120,430430,430477,430509,430957,430976,431009,431037,431093,431114,431227,431264,431310,431359,431444,431482,431536,431649,431665,431711,439057,439076&SEX=TOTAL"
2021,431444,"Secuita, la",Y047,47 anys,TOTAL,POP,21,,"https://api.idescat.cat/taules/v2/censph/10/5975/mun/data?lang=ca&YEAR=2021&MUN=430120,430430,430477,430509,430957,430976,431009,431037,431093,431114,431227,431264,431310,431359,431444,431482,431536,431649,431665,431711,439057,439076&SEX=TOTAL"
2021,431444,"Secuita, la",Y048,48 anys,TOTAL,POP,40.0,,"https://api.idescat.cat/taules/v2/censph/10/5975/mun/data?lang=ca&YEAR=2021&MUN=430120,430430,430477,430509,430957,430976,431009,431037,431093,431114,431227,431264,431310,431359,431444,431482,431536,431649,431665,431711,439057,439076&SEX=TOTAL"
2021,431444,"Secuita, la",Y049,49 anys,TOTAL,POP,20.0,,"https://api.idescat.cat/taules/v2/censph/10/5975/mun/data?lang=ca&YEAR=2021&MUN=430120,430430,430477,430509,430957,430976,431009,431037,431093,431114,431227,431264,431310,431359,431444,431482,431536,431649,431665,431711,439057,439076&SEX=TOTAL"
2021,431444,"Secuita, la",Y050,50 anys,TOTAL,POP,26,,"https://api.idescat.cat/taules/v2/censph/10/5975/mun/data?lang=ca&YEAR=2021&MUN=430120,430430,430477,430509,430957,430976,431009,431037,431093,431114,431227,431264,431310,431359,431444,431482,431536,431649,431665,431711,439057,439076&SEX=TOTAL"
2021,431444,"Secuita, la",Y051,51 anys,TOTAL,POP,28,,"https://api.idescat.cat/taules/v2/censph/10/5975/mun/data?lang=ca&YEAR=2021&MUN=430120,430430,430477,430509,430957,430976,431009,431037,431093,431114,431227,431264,431310,431359,431444,431482,431536,431649,431665,431711,439057,439076&SEX=TOTAL"
2021,431444,"Secuita, la",Y052,52 anys,TOTAL,POP,26,,"https://api.idescat.cat/taules/v2/censph/10/5975/mun/data?lang=ca&YEAR=2021&MUN=430120,430430,430477,430509,430957,430976,431009,431037,431093,431114,431227,431264,431310,431359,431444,431482,431536,431649,431665,431711,439057,439076&SEX=TOTAL"
2021,431444,"Secuita, la",Y053,53 anys,TOTAL,POP,27,,"https://api.idescat.cat/taules/v2/censph/10/5975/mun/data?lang=ca&YEAR=2021&MUN=430120,430430,430477,430509,430957,430976,431009,431037,431093,431114,431227,431264,431310,431359,431444,431482,431536,431649,431665,431711,439057,439076&SEX=TOTAL"
2021,431444,"Secuita, la",Y054,54 anys,TOTAL,POP,29,,"https://api.idescat.cat/taules/v2/censph/10/5975/mun/data?lang=ca&YEAR=2021&MUN=430120,430430,430477,430509,430957,430976,431009,431037,431093,431114,431227,431264,431310,431359,431444,431482,431536,431649,431665,431711,439057,439076&SEX=TOTAL"
2021,431444,"Secuita, la",Y055,55 anys,TOTAL,POP,26,,"https://api.idescat.cat/taules/v2/censph/10/5975/mun/data?lang=ca&YEAR=2021&MUN=430120,430430,430477,430509,430957,430976,431009,431037,431093,431114,431227,431264,431310,431359,431444,431482,431536,431649,431665,431711,439057,439076&SEX=TOTAL"
2021,431444,"Secuita, la",Y056,56 anys,TOTAL,POP,26,,"https://api.idescat.cat/taules/v2/censph/10/5975/mun/data?lang=ca&YEAR=2021&MUN=430120,430430,430477,430509,430957,430976,431009,431037,431093,431114,431227,431264,431310,431359,431444,431482,431536,431649,431665,431711,439057,439076&SEX=TOTAL"
2021,431444,"Secuita, la",Y057,57 anys,TOTAL,POP,21,,"https://api.idescat.cat/taules/v2/censph/10/5975/mun/data?lang=ca&YEAR=2021&MUN=430120,430430,430477,430509,430957,430976,431009,431037,431093,431114,431227,431264,431310,431359,431444,431482,431536,431649,431665,431711,439057,439076&SEX=TOTAL"
2021,431444,"Secuita, la",Y058,58 anys,TOTAL,POP,22,,"https://api.idescat.cat/taules/v2/censph/10/5975/mun/data?lang=ca&YEAR=2021&MUN=430120,430430,430477,430509,430957,430976,431009,431037,431093,431114,431227,431264,431310,431359,431444,431482,431536,431649,431665,431711,439057,439076&SEX=TOTAL"
2021,431444,"Secuita, la",Y059,59 anys,TOTAL,POP,21,,"https://api.idescat.cat/taules/v2/censph/10/5975/mun/data?lang=ca&YEAR=2021&MUN=430120,430430,430477,430509,430957,430976,431009,431037,431093,431114,431227,431264,431310,431359,431444,431482,431536,431649,431665,431711,439057,439076&SEX=TOTAL"
2021,431444,"Secuita, la",Y060,60 anys,TOTAL,POP,17,,"https://api.idescat.cat/taules/v2/censph/10/5975/mun/data?lang=ca&YEAR=2021&MUN=430120,430430,430477,430509,430957,430976,431009,431037,431093,431114,431227,431264,431310,431359,431444,431482,431536,431649,431665,431711,439057,439076&SEX=TOTAL"
2021,431444,"Secuita, la",Y061,61 anys,TOTAL,POP,31,,"https://api.idescat.cat/taules/v2/censph/10/5975/mun/data?lang=ca&YEAR=2021&MUN=430120,430430,430477,430509,430957,430976,431009,431037,431093,431114,431227,431264,431310,431359,431444,431482,431536,431649,431665,431711,439057,439076&SEX=TOTAL"
2021,431444,"Secuita, la",Y062,62 anys,TOTAL,POP,22,,"https://api.idescat.cat/taules/v2/censph/10/5975/mun/data?lang=ca&YEAR=2021&MUN=430120,430430,430477,430509,430957,430976,431009,431037,431093,431114,431227,431264,431310,431359,431444,431482,431536,431649,431665,431711,439057,439076&SEX=TOTAL"
2021,431444,"Secuita, la",Y063,63 anys,TOTAL,POP,18,,"https://api.idescat.cat/taules/v2/censph/10/5975/mun/data?lang=ca&YEAR=2021&MUN=430120,430430,430477,430509,430957,430976,431009,431037,431093,431114,431227,431264,431310,431359,431444,431482,431536,431649,431665,431711,439057,439076&SEX=TOTAL"
2021,431444,"Secuita, la",Y064,64 anys,TOTAL,POP,13,,"https://api.idescat.cat/taules/v2/censph/10/5975/mun/data?lang=ca&YEAR=2021&MUN=430120,430430,430477,430509,430957,430976,431009,431037,431093,431114,431227,431264,431310,431359,431444,431482,431536,431649,431665,431711,439057,439076&SEX=TOTAL"
2021,431444,"Secuita, la",Y065,65 anys,TOTAL,POP,16,,"https://api.idescat.cat/taules/v2/censph/10/5975/mun/data?lang=ca&YEAR=2021&MUN=430120,430430,430477,430509,430957,430976,431009,431037,431093,431114,431227,431264,431310,431359,431444,431482,431536,431649,431665,431711,439057,439076&SEX=TOTAL"
2021,431444,"Secuita, la",Y066,66 anys,TOTAL,POP,16,,"https://api.idescat.cat/taules/v2/censph/10/5975/mun/data?lang=ca&YEAR=2021&MUN=430120,430430,430477,430509,430957,430976,431009,431037,431093,431114,431227,431264,431310,431359,431444,431482,431536,431649,431665,431711,439057,439076&SEX=TOTAL"
2021,431444,"Secuita, la",Y067,67 anys,TOTAL,POP,17,,"https://api.idescat.cat/taules/v2/censph/10/5975/mun/data?lang=ca&YEAR=2021&MUN=430120,430430,430477,430509,430957,430976,431009,431037,431093,431114,431227,431264,431310,431359,431444,431482,431536,431649,431665,431711,439057,439076&SEX=TOTAL"
2021,431444,"Secuita, la",Y068,68 anys,TOTAL,POP,22,,"https://api.idescat.cat/taules/v2/censph/10/5975/mun/data?lang=ca&YEAR=2021&MUN=430120,430430,430477,430509,430957,430976,431009,431037,431093,431114,431227,431264,431310,431359,431444,431482,431536,431649,431665,431711,439057,439076&SEX=TOTAL"
2021,431444,"Secuita, la",Y069,69 anys,TOTAL,POP,13,,"https://api.idescat.cat/taules/v2/censph/10/5975/mun/data?lang=ca&YEAR=2021&MUN=430120,430430,430477,430509,430957,430976,431009,431037,431093,431114,431227,431264,431310,431359,431444,431482,431536,431649,431665,431711,439057,439076&SEX=TOTAL"
2021,431444,"Secuita, la",Y070,70 anys,TOTAL,POP,12,,"https://api.idescat.cat/taules/v2/censph/10/5975/mun/data?lang=ca&YEAR=2021&MUN=430120,430430,430477,430509,430957,430976,431009,431037,431093,431114,431227,431264,431310,431359,431444,431482,431536,431649,431665,431711,439057,439076&SEX=TOTAL"
2021,431444,"Secuita, la",Y071,71 anys,TOTAL,POP,16,,"https://api.idescat.cat/taules/v2/censph/10/5975/mun/data?lang=ca&YEAR=2021&MUN=430120,430430,430477,430509,430957,430976,431009,431037,431093,431114,431227,431264,431310,431359,431444,431482,431536,431649,431665,431711,439057,439076&SEX=TOTAL"
2021,431444,"Secuita, la",Y072,72 anys,TOTAL,POP,11,,"https://api.idescat.cat/taules/v2/censph/10/5975/mun/data?lang=ca&YEAR=2021&MUN=430120,430430,430477,430509,430957,430976,431009,431037,431093,431114,431227,431264,431310,431359,431444,431482,431536,431649,431665,431711,439057,439076&SEX=TOTAL"
2021,431444,"Secuita, la",Y073,73 anys,TOTAL,POP,19,,"https://api.idescat.cat/taules/v2/censph/10/5975/mun/data?lang=ca&YEAR=2021&MUN=430120,430430,430477,430509,430957,430976,431009,431037,431093,431114,431227,431264,431310,431359,431444,431482,431536,431649,431665,431711,439057,439076&SEX=TOTAL"
2021,431444,"Secuita, la",Y074,74 anys,TOTAL,POP,15,,"https://api.idescat.cat/taules/v2/censph/10/5975/mun/data?lang=ca&YEAR=2021&MUN=430120,430430,430477,430509,430957,430976,431009,431037,431093,431114,431227,431264,431310,431359,431444,431482,431536,431649,431665,431711,439057,439076&SEX=TOTAL"
2021,431444,"Secuita, la",Y075,75 anys,TOTAL,POP,7,,"https://api.idescat.cat/taules/v2/censph/10/5975/mun/data?lang=ca&YEAR=2021&MUN=430120,430430,430477,430509,430957,430976,431009,431037,431093,431114,431227,431264,431310,431359,431444,431482,431536,431649,431665,431711,439057,439076&SEX=TOTAL"
2021,431444,"Secuita, la",Y076,76 anys,TOTAL,POP,6,,"https://api.idescat.cat/taules/v2/censph/10/5975/mun/data?lang=ca&YEAR=2021&MUN=430120,430430,430477,430509,430957,430976,431009,431037,431093,431114,431227,431264,431310,431359,431444,431482,431536,431649,431665,431711,439057,439076&SEX=TOTAL"
2021,431444,"Secuita, la",Y077,77 anys,TOTAL,POP,6,,"https://api.idescat.cat/taules/v2/censph/10/5975/mun/data?lang=ca&YEAR=2021&MUN=430120,430430,430477,430509,430957,430976,431009,431037,431093,431114,431227,431264,431310,431359,431444,431482,431536,431649,431665,431711,439057,439076&SEX=TOTAL"
2021,431444,"Secuita, la",Y078,78 anys,TOTAL,POP,7,,"https://api.idescat.cat/taules/v2/censph/10/5975/mun/data?lang=ca&YEAR=2021&MUN=430120,430430,430477,430509,430957,430976,431009,431037,431093,431114,431227,431264,431310,431359,431444,431482,431536,431649,431665,431711,439057,439076&SEX=TOTAL"
2021,431444,"Secuita, la",Y079,79 anys,TOTAL,POP,9,,"https://api.idescat.cat/taules/v2/censph/10/5975/mun/data?lang=ca&YEAR=2021&MUN=430120,430430,430477,430509,430957,430976,431009,431037,431093,431114,431227,431264,431310,431359,431444,431482,431536,431649,431665,431711,439057,439076&SEX=TOTAL"
2021,431444,"Secuita, la",Y080,80 anys,TOTAL,POP,8,,"https://api.idescat.cat/taules/v2/censph/10/5975/mun/data?lang=ca&YEAR=2021&MUN=430120,430430,430477,430509,430957,430976,431009,431037,431093,431114,431227,431264,431310,431359,431444,431482,431536,431649,431665,431711,439057,439076&SEX=TOTAL"
2021,431444,"Secuita, la",Y081,81 anys,TOTAL,POP,3,,"https://api.idescat.cat/taules/v2/censph/10/5975/mun/data?lang=ca&YEAR=2021&MUN=430120,430430,430477,430509,430957,430976,431009,431037,431093,431114,431227,431264,431310,431359,431444,431482,431536,431649,431665,431711,439057,439076&SEX=TOTAL"
2021,431444,"Secuita, la",Y082,82 anys,TOTAL,POP,3,,"https://api.idescat.cat/taules/v2/censph/10/5975/mun/data?lang=ca&YEAR=2021&MUN=430120,430430,430477,430509,430957,430976,431009,431037,431093,431114,431227,431264,431310,431359,431444,431482,431536,431649,431665,431711,439057,439076&SEX=TOTAL"
2021,431444,"Secuita, la",Y083,83 anys,TOTAL,POP,5,,"https://api.idescat.cat/taules/v2/censph/10/5975/mun/data?lang=ca&YEAR=2021&MUN=430120,430430,430477,430509,430957,430976,431009,431037,431093,431114,431227,431264,431310,431359,431444,431482,431536,431649,431665,431711,439057,439076&SEX=TOTAL"
2021,431444,"Secuita, la",Y084,84 anys,TOTAL,POP,10.0,,"https://api.idescat.cat/taules/v2/censph/10/5975/mun/data?lang=ca&YEAR=2021&MUN=430120,430430,430477,430509,430957,430976,431009,431037,431093,431114,431227,431264,431310,431359,431444,431482,431536,431649,431665,431711,439057,439076&SEX=TOTAL"
2021,431444,"Secuita, la",Y085,85 anys,TOTAL,POP,4,,"https://api.idescat.cat/taules/v2/censph/10/5975/mun/data?lang=ca&YEAR=2021&MUN=430120,430430,430477,430509,430957,430976,431009,431037,431093,431114,431227,431264,431310,431359,431444,431482,431536,431649,431665,431711,439057,439076&SEX=TOTAL"
2021,431444,"Secuita, la",Y086,86 anys,TOTAL,POP,13,,"https://api.idescat.cat/taules/v2/censph/10/5975/mun/data?lang=ca&YEAR=2021&MUN=430120,430430,430477,430509,430957,430976,431009,431037,431093,431114,431227,431264,431310,431359,431444,431482,431536,431649,431665,431711,439057,439076&SEX=TOTAL"
2021,431444,"Secuita, la",Y087,87 anys,TOTAL,POP,8,,"https://api.idescat.cat/taules/v2/censph/10/5975/mun/data?lang=ca&YEAR=2021&MUN=430120,430430,430477,430509,430957,430976,431009,431037,431093,431114,431227,431264,431310,431359,431444,431482,431536,431649,431665,431711,439057,439076&SEX=TOTAL"
2021,431444,"Secuita, la",Y088,88 anys,TOTAL,POP,11,,"https://api.idescat.cat/taules/v2/censph/10/5975/mun/data?lang=ca&YEAR=2021&MUN=430120,430430,430477,430509,430957,430976,431009,431037,431093,431114,431227,431264,431310,431359,431444,431482,431536,431649,431665,431711,439057,439076&SEX=TOTAL"
2021,431444,"Secuita, la",Y089,89 anys,TOTAL,POP,5,,"https://api.idescat.cat/taules/v2/censph/10/5975/mun/data?lang=ca&YEAR=2021&MUN=430120,430430,430477,430509,430957,430976,431009,431037,431093,431114,431227,431264,431310,431359,431444,431482,431536,431649,431665,431711,439057,439076&SEX=TOTAL"
2021,431444,"Secuita, la",Y090,90 anys,TOTAL,POP,6,,"https://api.idescat.cat/taules/v2/censph/10/5975/mun/data?lang=ca&YEAR=2021&MUN=430120,430430,430477,430509,430957,430976,431009,431037,431093,431114,431227,431264,431310,431359,431444,431482,431536,431649,431665,431711,439057,439076&SEX=TOTAL"
2021,431444,"Secuita, la",Y091,91 anys,TOTAL,POP,2,,"https://api.idescat.cat/taules/v2/censph/10/5975/mun/data?lang=ca&YEAR=2021&MUN=430120,430430,430477,430509,430957,430976,431009,431037,431093,431114,431227,431264,431310,431359,431444,431482,431536,431649,431665,431711,439057,439076&SEX=TOTAL"
2021,431444,"Secuita, la",Y092,92 anys,TOTAL,POP,3,,"https://api.idescat.cat/taules/v2/censph/10/5975/mun/data?lang=ca&YEAR=2021&MUN=430120,430430,430477,430509,430957,430976,431009,431037,431093,431114,431227,431264,431310,431359,431444,431482,431536,431649,431665,431711,439057,439076&SEX=TOTAL"
2021,431444,"Secuita, la",Y093,93 anys,TOTAL,POP,1,,"https://api.idescat.cat/taules/v2/censph/10/5975/mun/data?lang=ca&YEAR=2021&MUN=430120,430430,430477,430509,430957,430976,431009,431037,431093,431114,431227,431264,431310,431359,431444,431482,431536,431649,431665,431711,439057,439076&SEX=TOTAL"
2021,431444,"Secuita, la",Y094,94 anys,TOTAL,POP,0,,"https://api.idescat.cat/taules/v2/censph/10/5975/mun/data?lang=ca&YEAR=2021&MUN=430120,430430,430477,430509,430957,430976,431009,431037,431093,431114,431227,431264,431310,431359,431444,431482,431536,431649,431665,431711,439057,439076&SEX=TOTAL"
2021,431444,"Secuita, la",Y095,95 anys,TOTAL,POP,1,,"https://api.idescat.cat/taules/v2/censph/10/5975/mun/data?lang=ca&YEAR=2021&MUN=430120,430430,430477,430509,430957,430976,431009,431037,431093,431114,431227,431264,431310,431359,431444,431482,431536,431649,431665,431711,439057,439076&SEX=TOTAL"
2021,431444,"Secuita, la",Y096,96 anys,TOTAL,POP,0,,"https://api.idescat.cat/taules/v2/censph/10/5975/mun/data?lang=ca&YEAR=2021&MUN=430120,430430,430477,430509,430957,430976,431009,431037,431093,431114,431227,431264,431310,431359,431444,431482,431536,431649,431665,431711,439057,439076&SEX=TOTAL"
2021,431444,"Secuita, la",Y097,97 anys,TOTAL,POP,1,,"https://api.idescat.cat/taules/v2/censph/10/5975/mun/data?lang=ca&YEAR=2021&MUN=430120,430430,430477,430509,430957,430976,431009,431037,431093,431114,431227,431264,431310,431359,431444,431482,431536,431649,431665,431711,439057,439076&SEX=TOTAL"
2021,431444,"Secuita, la",Y098,98 anys,TOTAL,POP,1,,"https://api.idescat.cat/taules/v2/censph/10/5975/mun/data?lang=ca&YEAR=2021&MUN=430120,430430,430477,430509,430957,430976,431009,431037,431093,431114,431227,431264,431310,431359,431444,431482,431536,431649,431665,431711,439057,439076&SEX=TOTAL"
2021,431444,"Secuita, la",Y099,99 anys,TOTAL,POP,0,,"https://api.idescat.cat/taules/v2/censph/10/5975/mun/data?lang=ca&YEAR=2021&MUN=430120,430430,430477,430509,430957,430976,431009,431037,431093,431114,431227,431264,431310,431359,431444,431482,431536,431649,431665,431711,439057,439076&SEX=TOTAL"
2021,431444,"Secuita, la",Y_GE100,100 anys o més,TOTAL,POP,0,,"https://api.idescat.cat/taules/v2/censph/10/5975/mun/data?lang=ca&YEAR=2021&MUN=430120,430430,430477,430509,430957,430976,431009,431037,431093,431114,431227,431264,431310,431359,431444,431482,431536,431649,431665,431711,439057,439076&SEX=TOTAL"
2021,431444,"Secuita, la",TOTAL,total,TOTAL,POP,1728,,"https://api.idescat.cat/taules/v2/censph/10/5975/mun/data?lang=ca&YEAR=2021&MUN=430120,430430,430477,430509,430957,430976,431009,431037,431093,431114,431227,431264,431310,431359,431444,431482,431536,431649,431665,431711,439057,439076&SEX=TOTAL"
2021,431482,Tarragona,Y000,0 anys,TOTAL,POP,1060.0,,"https://api.idescat.cat/taules/v2/censph/10/5975/mun/data?lang=ca&YEAR=2021&MUN=430120,430430,430477,430509,430957,430976,431009,431037,431093,431114,431227,431264,431310,431359,431444,431482,431536,431649,431665,431711,439057,439076&SEX=TOTAL"
2021,431482,Tarragona,Y001,1 any,TOTAL,POP,1095,,"https://api.idescat.cat/taules/v2/censph/10/5975/mun/data?lang=ca&YEAR=2021&MUN=430120,430430,430477,430509,430957,430976,431009,431037,431093,431114,431227,431264,431310,431359,431444,431482,431536,431649,431665,431711,439057,439076&SEX=TOTAL"
2021,431482,Tarragona,Y002,2 anys,TOTAL,POP,1184,,"https://api.idescat.cat/taules/v2/censph/10/5975/mun/data?lang=ca&YEAR=2021&MUN=430120,430430,430477,430509,430957,430976,431009,431037,431093,431114,431227,431264,431310,431359,431444,431482,431536,431649,431665,431711,439057,439076&SEX=TOTAL"
2021,431482,Tarragona,Y003,3 anys,TOTAL,POP,1213,,"https://api.idescat.cat/taules/v2/censph/10/5975/mun/data?lang=ca&YEAR=2021&MUN=430120,430430,430477,430509,430957,430976,431009,431037,431093,431114,431227,431264,431310,431359,431444,431482,431536,431649,431665,431711,439057,439076&SEX=TOTAL"
2021,431482,Tarragona,Y004,4 anys,TOTAL,POP,1239,,"https://api.idescat.cat/taules/v2/censph/10/5975/mun/data?lang=ca&YEAR=2021&MUN=430120,430430,430477,430509,430957,430976,431009,431037,431093,431114,431227,431264,431310,431359,431444,431482,431536,431649,431665,431711,439057,439076&SEX=TOTAL"
2021,431482,Tarragona,Y005,5 anys,TOTAL,POP,1305,,"https://api.idescat.cat/taules/v2/censph/10/5975/mun/data?lang=ca&YEAR=2021&MUN=430120,430430,430477,430509,430957,430976,431009,431037,431093,431114,431227,431264,431310,431359,431444,431482,431536,431649,431665,431711,439057,439076&SEX=TOTAL"
2021,431482,Tarragona,Y006,6 anys,TOTAL,POP,1330.0,,"https://api.idescat.cat/taules/v2/censph/10/5975/mun/data?lang=ca&YEAR=2021&MUN=430120,430430,430477,430509,430957,430976,431009,431037,431093,431114,431227,431264,431310,431359,431444,431482,431536,431649,431665,431711,439057,439076&SEX=TOTAL"
2021,431482,Tarragona,Y007,7 anys,TOTAL,POP,1233,,"https://api.idescat.cat/taules/v2/censph/10/5975/mun/data?lang=ca&YEAR=2021&MUN=430120,430430,430477,430509,430957,430976,431009,431037,431093,431114,431227,431264,431310,431359,431444,431482,431536,431649,431665,431711,439057,439076&SEX=TOTAL"
2021,431482,Tarragona,Y008,8 anys,TOTAL,POP,1373,,"https://api.idescat.cat/taules/v2/censph/10/5975/mun/data?lang=ca&YEAR=2021&MUN=430120,430430,430477,430509,430957,430976,431009,431037,431093,431114,431227,431264,431310,431359,431444,431482,431536,431649,431665,431711,439057,439076&SEX=TOTAL"
2021,431482,Tarragona,Y009,9 anys,TOTAL,POP,1432,,"https://api.idescat.cat/taules/v2/censph/10/5975/mun/data?lang=ca&YEAR=2021&MUN=430120,430430,430477,430509,430957,430976,431009,431037,431093,431114,431227,431264,431310,431359,431444,431482,431536,431649,431665,431711,439057,439076&SEX=TOTAL"
2021,431482,Tarragona,Y010,10 anys,TOTAL,POP,1533,,"https://api.idescat.cat/taules/v2/censph/10/5975/mun/data?lang=ca&YEAR=2021&MUN=430120,430430,430477,430509,430957,430976,431009,431037,431093,431114,431227,431264,431310,431359,431444,431482,431536,431649,431665,431711,439057,439076&SEX=TOTAL"
2021,431482,Tarragona,Y011,11 anys,TOTAL,POP,1511,,"https://api.idescat.cat/taules/v2/censph/10/5975/mun/data?lang=ca&YEAR=2021&MUN=430120,430430,430477,430509,430957,430976,431009,431037,431093,431114,431227,431264,431310,431359,431444,431482,431536,431649,431665,431711,439057,439076&SEX=TOTAL"
2021,431482,Tarragona,Y012,12 anys,TOTAL,POP,1604,,"https://api.idescat.cat/taules/v2/censph/10/5975/mun/data?lang=ca&YEAR=2021&MUN=430120,430430,430477,430509,430957,430976,431009,431037,431093,431114,431227,431264,431310,431359,431444,431482,431536,431649,431665,431711,439057,439076&SEX=TOTAL"
2021,431482,Tarragona,Y013,13 anys,TOTAL,POP,1533,,"https://api.idescat.cat/taules/v2/censph/10/5975/mun/data?lang=ca&YEAR=2021&MUN=430120,430430,430477,430509,430957,430976,431009,431037,431093,431114,431227,431264,431310,431359,431444,431482,431536,431649,431665,431711,439057,439076&SEX=TOTAL"
2021,431482,Tarragona,Y014,14 anys,TOTAL,POP,1612,,"https://api.idescat.cat/taules/v2/censph/10/5975/mun/data?lang=ca&YEAR=2021&MUN=430120,430430,430477,430509,430957,430976,431009,431037,431093,431114,431227,431264,431310,431359,431444,431482,431536,431649,431665,431711,439057,439076&SEX=TOTAL"
2021,431482,Tarragona,Y015,15 anys,TOTAL,POP,1571,,"https://api.idescat.cat/taules/v2/censph/10/5975/mun/data?lang=ca&YEAR=2021&MUN=430120,430430,430477,430509,430957,430976,431009,431037,431093,431114,431227,431264,431310,431359,431444,431482,431536,431649,431665,431711,439057,439076&SEX=TOTAL"
2021,431482,Tarragona,Y016,16 anys,TOTAL,POP,1585,,"https://api.idescat.cat/taules/v2/censph/10/5975/mun/data?lang=ca&YEAR=2021&MUN=430120,430430,430477,430509,430957,430976,431009,431037,431093,431114,431227,431264,431310,431359,431444,431482,431536,431649,431665,431711,439057,439076&SEX=TOTAL"
2021,431482,Tarragona,Y017,17 anys,TOTAL,POP,1534,,"https://api.idescat.cat/taules/v2/censph/10/5975/mun/data?lang=ca&YEAR=2021&MUN=430120,430430,430477,430509,430957,430976,431009,431037,431093,431114,431227,431264,431310,431359,431444,431482,431536,431649,431665,431711,439057,439076&SEX=TOTAL"
2021,431482,Tarragona,Y018,18 anys,TOTAL,POP,1520.0,,"https://api.idescat.cat/taules/v2/censph/10/5975/mun/data?lang=ca&YEAR=2021&MUN=430120,430430,430477,430509,430957,430976,431009,431037,431093,431114,431227,431264,431310,431359,431444,431482,431536,431649,431665,431711,439057,439076&SEX=TOTAL"
2021,431482,Tarragona,Y019,19 anys,TOTAL,POP,1476,,"https://api.idescat.cat/taules/v2/censph/10/5975/mun/data?lang=ca&YEAR=2021&MUN=430120,430430,430477,430509,430957,430976,431009,431037,431093,431114,431227,431264,431310,431359,431444,431482,431536,431649,431665,431711,439057,439076&SEX=TOTAL"
2021,431482,Tarragona,Y020,20 anys,TOTAL,POP,1519,,"https://api.idescat.cat/taules/v2/censph/10/5975/mun/data?lang=ca&YEAR=2021&MUN=430120,430430,430477,430509,430957,430976,431009,431037,431093,431114,431227,431264,431310,431359,431444,431482,431536,431649,431665,431711,439057,439076&SEX=TOTAL"
2021,431482,Tarragona,Y021,21 anys,TOTAL,POP,1444,,"https://api.idescat.cat/taules/v2/censph/10/5975/mun/data?lang=ca&YEAR=2021&MUN=430120,430430,430477,430509,430957,430976,431009,431037,431093,431114,431227,431264,431310,431359,431444,431482,431536,431649,431665,431711,439057,439076&SEX=TOTAL"
2021,431482,Tarragona,Y022,22 anys,TOTAL,POP,1368,,"https://api.idescat.cat/taules/v2/censph/10/5975/mun/data?lang=ca&YEAR=2021&MUN=430120,430430,430477,430509,430957,430976,431009,431037,431093,431114,431227,431264,431310,431359,431444,431482,431536,431649,431665,431711,439057,439076&SEX=TOTAL"
2021,431482,Tarragona,Y023,23 anys,TOTAL,POP,1464,,"https://api.idescat.cat/taules/v2/censph/10/5975/mun/data?lang=ca&YEAR=2021&MUN=430120,430430,430477,430509,430957,430976,431009,431037,431093,431114,431227,431264,431310,431359,431444,431482,431536,431649,431665,431711,439057,439076&SEX=TOTAL"
2021,431482,Tarragona,Y024,24 anys,TOTAL,POP,1511,,"https://api.idescat.cat/taules/v2/censph/10/5975/mun/data?lang=ca&YEAR=2021&MUN=430120,430430,430477,430509,430957,430976,431009,431037,431093,431114,431227,431264,431310,431359,431444,431482,431536,431649,431665,431711,439057,439076&SEX=TOTAL"
2021,431482,Tarragona,Y025,25 anys,TOTAL,POP,1597,,"https://api.idescat.cat/taules/v2/censph/10/5975/mun/data?lang=ca&YEAR=2021&MUN=430120,430430,430477,430509,430957,430976,431009,431037,431093,431114,431227,431264,431310,431359,431444,431482,431536,431649,431665,431711,439057,439076&SEX=TOTAL"
2021,431482,Tarragona,Y026,26 anys,TOTAL,POP,1600.0,,"https://api.idescat.cat/taules/v2/censph/10/5975/mun/data?lang=ca&YEAR=2021&MUN=430120,430430,430477,430509,430957,430976,431009,431037,431093,431114,431227,431264,431310,431359,431444,431482,431536,431649,431665,431711,439057,439076&SEX=TOTAL"
2021,431482,Tarragona,Y027,27 anys,TOTAL,POP,1616,,"https://api.idescat.cat/taules/v2/censph/10/5975/mun/data?lang=ca&YEAR=2021&MUN=430120,430430,430477,430509,430957,430976,431009,431037,431093,431114,431227,431264,431310,431359,431444,431482,431536,431649,431665,431711,439057,439076&SEX=TOTAL"
2021,431482,Tarragona,Y028,28 anys,TOTAL,POP,1632,,"https://api.idescat.cat/taules/v2/censph/10/5975/mun/data?lang=ca&YEAR=2021&MUN=430120,430430,430477,430509,430957,430976,431009,431037,431093,431114,431227,431264,431310,431359,431444,431482,431536,431649,431665,431711,439057,439076&SEX=TOTAL"
2021,431482,Tarragona,Y029,29 anys,TOTAL,POP,1562,,"https://api.idescat.cat/taules/v2/censph/10/5975/mun/data?lang=ca&YEAR=2021&MUN=430120,430430,430477,430509,430957,430976,431009,431037,431093,431114,431227,431264,431310,431359,431444,431482,431536,431649,431665,431711,439057,439076&SEX=TOTAL"
2021,431482,Tarragona,Y030,30 anys,TOTAL,POP,1572,,"https://api.idescat.cat/taules/v2/censph/10/5975/mun/data?lang=ca&YEAR=2021&MUN=430120,430430,430477,430509,430957,430976,431009,431037,431093,431114,431227,431264,431310,431359,431444,431482,431536,431649,431665,431711,439057,439076&SEX=TOTAL"
2021,431482,Tarragona,Y031,31 anys,TOTAL,POP,1607,,"https://api.idescat.cat/taules/v2/censph/10/5975/mun/data?lang=ca&YEAR=2021&MUN=430120,430430,430477,430509,430957,430976,431009,431037,431093,431114,431227,431264,431310,431359,431444,431482,431536,431649,431665,431711,439057,439076&SEX=TOTAL"
2021,431482,Tarragona,Y032,32 anys,TOTAL,POP,1686,,"https://api.idescat.cat/taules/v2/censph/10/5975/mun/data?lang=ca&YEAR=2021&MUN=430120,430430,430477,430509,430957,430976,431009,431037,431093,431114,431227,431264,431310,431359,431444,431482,431536,431649,431665,431711,439057,439076&SEX=TOTAL"
2021,431482,Tarragona,Y033,33 anys,TOTAL,POP,1608,,"https://api.idescat.cat/taules/v2/censph/10/5975/mun/data?lang=ca&YEAR=2021&MUN=430120,430430,430477,430509,430957,430976,431009,431037,431093,431114,431227,431264,431310,431359,431444,431482,431536,431649,431665,431711,439057,439076&SEX=TOTAL"
2021,431482,Tarragona,Y034,34 anys,TOTAL,POP,1603,,"https://api.idescat.cat/taules/v2/censph/10/5975/mun/data?lang=ca&YEAR=2021&MUN=430120,430430,430477,430509,430957,430976,431009,431037,431093,431114,431227,431264,431310,431359,431444,431482,431536,431649,431665,431711,439057,439076&SEX=TOTAL"
2021,431482,Tarragona,Y035,35 anys,TOTAL,POP,1780.0,,"https://api.idescat.cat/taules/v2/censph/10/5975/mun/data?lang=ca&YEAR=2021&MUN=430120,430430,430477,430509,430957,430976,431009,431037,431093,431114,431227,431264,431310,431359,431444,431482,431536,431649,431665,431711,439057,439076&SEX=TOTAL"
2021,431482,Tarragona,Y036,36 anys,TOTAL,POP,1745,,"https://api.idescat.cat/taules/v2/censph/10/5975/mun/data?lang=ca&YEAR=2021&MUN=430120,430430,430477,430509,430957,430976,431009,431037,431093,431114,431227,431264,431310,431359,431444,431482,431536,431649,431665,431711,439057,439076&SEX=TOTAL"
2021,431482,Tarragona,Y037,37 anys,TOTAL,POP,1781,,"https://api.idescat.cat/taules/v2/censph/10/5975/mun/data?lang=ca&YEAR=2021&MUN=430120,430430,430477,430509,430957,430976,431009,431037,431093,431114,431227,431264,431310,431359,431444,431482,431536,431649,431665,431711,439057,439076&SEX=TOTAL"
2021,431482,Tarragona,Y038,38 anys,TOTAL,POP,1936,,"https://api.idescat.cat/taules/v2/censph/10/5975/mun/data?lang=ca&YEAR=2021&MUN=430120,430430,430477,430509,430957,430976,431009,431037,431093,431114,431227,431264,431310,431359,431444,431482,431536,431649,431665,431711,439057,439076&SEX=TOTAL"
2021,431482,Tarragona,Y039,39 anys,TOTAL,POP,2006,,"https://api.idescat.cat/taules/v2/censph/10/5975/mun/data?lang=ca&YEAR=2021&MUN=430120,430430,430477,430509,430957,430976,431009,431037,431093,431114,431227,431264,431310,431359,431444,431482,431536,431649,431665,431711,439057,439076&SEX=TOTAL"
2021,431482,Tarragona,Y040,40 anys,TOTAL,POP,2106,,"https://api.idescat.cat/taules/v2/censph/10/5975/mun/data?lang=ca&YEAR=2021&MUN=430120,430430,430477,430509,430957,430976,431009,431037,431093,431114,431227,431264,431310,431359,431444,431482,431536,431649,431665,431711,439057,439076&SEX=TOTAL"
2021,431482,Tarragona,Y041,41 anys,TOTAL,POP,2217,,"https://api.idescat.cat/taules/v2/censph/10/5975/mun/data?lang=ca&YEAR=2021&MUN=430120,430430,430477,430509,430957,430976,431009,431037,431093,431114,431227,431264,431310,431359,431444,431482,431536,431649,431665,431711,439057,439076&SEX=TOTAL"
2021,431482,Tarragona,Y042,42 anys,TOTAL,POP,2289,,"https://api.idescat.cat/taules/v2/censph/10/5975/mun/data?lang=ca&YEAR=2021&MUN=430120,430430,430477,430509,430957,430976,431009,431037,431093,431114,431227,431264,431310,431359,431444,431482,431536,431649,431665,431711,439057,439076&SEX=TOTAL"
2021,431482,Tarragona,Y043,43 anys,TOTAL,POP,2358,,"https://api.idescat.cat/taules/v2/censph/10/5975/mun/data?lang=ca&YEAR=2021&MUN=430120,430430,430477,430509,430957,430976,431009,431037,431093,431114,431227,431264,431310,431359,431444,431482,431536,431649,431665,431711,439057,439076&SEX=TOTAL"
2021,431482,Tarragona,Y044,44 anys,TOTAL,POP,2369,,"https://api.idescat.cat/taules/v2/censph/10/5975/mun/data?lang=ca&YEAR=2021&MUN=430120,430430,430477,430509,430957,430976,431009,431037,431093,431114,431227,431264,431310,431359,431444,431482,431536,431649,431665,431711,439057,439076&SEX=TOTAL"
2021,431482,Tarragona,Y045,45 anys,TOTAL,POP,2360.0,,"https://api.idescat.cat/taules/v2/censph/10/5975/mun/data?lang=ca&YEAR=2021&MUN=430120,430430,430477,430509,430957,430976,431009,431037,431093,431114,431227,431264,431310,431359,431444,431482,431536,431649,431665,431711,439057,439076&SEX=TOTAL"
2021,431482,Tarragona,Y046,46 anys,TOTAL,POP,2303,,"https://api.idescat.cat/taules/v2/censph/10/5975/mun/data?lang=ca&YEAR=2021&MUN=430120,430430,430477,430509,430957,430976,431009,431037,431093,431114,431227,431264,431310,431359,431444,431482,431536,431649,431665,431711,439057,439076&SEX=TOTAL"
2021,431482,Tarragona,Y047,47 anys,TOTAL,POP,2245,,"https://api.idescat.cat/taules/v2/censph/10/5975/mun/data?lang=ca&YEAR=2021&MUN=430120,430430,430477,430509,430957,430976,431009,431037,431093,431114,431227,431264,431310,431359,431444,431482,431536,431649,431665,431711,439057,439076&SEX=TOTAL"
2021,431482,Tarragona,Y048,48 anys,TOTAL,POP,2257,,"https://api.idescat.cat/taules/v2/censph/10/5975/mun/data?lang=ca&YEAR=2021&MUN=430120,430430,430477,430509,430957,430976,431009,431037,431093,431114,431227,431264,431310,431359,431444,431482,431536,431649,431665,431711,439057,439076&SEX=TOTAL"
2021,431482,Tarragona,Y049,49 anys,TOTAL,POP,2084,,"https://api.idescat.cat/taules/v2/censph/10/5975/mun/data?lang=ca&YEAR=2021&MUN=430120,430430,430477,430509,430957,430976,431009,431037,431093,431114,431227,431264,431310,431359,431444,431482,431536,431649,431665,431711,439057,439076&SEX=TOTAL"
2021,431482,Tarragona,Y050,50 anys,TOTAL,POP,2112,,"https://api.idescat.cat/taules/v2/censph/10/5975/mun/data?lang=ca&YEAR=2021&MUN=430120,430430,430477,430509,430957,430976,431009,431037,431093,431114,431227,431264,431310,431359,431444,431482,431536,431649,431665,431711,439057,439076&SEX=TOTAL"
2021,431482,Tarragona,Y051,51 anys,TOTAL,POP,2011,,"https://api.idescat.cat/taules/v2/censph/10/5975/mun/data?lang=ca&YEAR=2021&MUN=430120,430430,430477,430509,430957,430976,431009,431037,431093,431114,431227,431264,431310,431359,431444,431482,431536,431649,431665,431711,439057,439076&SEX=TOTAL"
2021,431482,Tarragona,Y052,52 anys,TOTAL,POP,2010.0,,"https://api.idescat.cat/taules/v2/censph/10/5975/mun/data?lang=ca&YEAR=2021&MUN=430120,430430,430477,430509,430957,430976,431009,431037,431093,431114,431227,431264,431310,431359,431444,431482,431536,431649,431665,431711,439057,439076&SEX=TOTAL"
2021,431482,Tarragona,Y053,53 anys,TOTAL,POP,2096,,"https://api.idescat.cat/taules/v2/censph/10/5975/mun/data?lang=ca&YEAR=2021&MUN=430120,430430,430477,430509,430957,430976,431009,431037,431093,431114,431227,431264,431310,431359,431444,431482,431536,431649,431665,431711,439057,439076&SEX=TOTAL"
2021,431482,Tarragona,Y054,54 anys,TOTAL,POP,2077,,"https://api.idescat.cat/taules/v2/censph/10/5975/mun/data?lang=ca&YEAR=2021&MUN=430120,430430,430477,430509,430957,430976,431009,431037,431093,431114,431227,431264,431310,431359,431444,431482,431536,431649,431665,431711,439057,439076&SEX=TOTAL"
2021,431482,Tarragona,Y055,55 anys,TOTAL,POP,1851,,"https://api.idescat.cat/taules/v2/censph/10/5975/mun/data?lang=ca&YEAR=2021&MUN=430120,430430,430477,430509,430957,430976,431009,431037,431093,431114,431227,431264,431310,431359,431444,431482,431536,431649,431665,431711,439057,439076&SEX=TOTAL"
2021,431482,Tarragona,Y056,56 anys,TOTAL,POP,1930.0,,"https://api.idescat.cat/taules/v2/censph/10/5975/mun/data?lang=ca&YEAR=2021&MUN=430120,430430,430477,430509,430957,430976,431009,431037,431093,431114,431227,431264,431310,431359,431444,431482,431536,431649,431665,431711,439057,439076&SEX=TOTAL"
2021,431482,Tarragona,Y057,57 anys,TOTAL,POP,1798,,"https://api.idescat.cat/taules/v2/censph/10/5975/mun/data?lang=ca&YEAR=2021&MUN=430120,430430,430477,430509,430957,430976,431009,431037,431093,431114,431227,431264,431310,431359,431444,431482,431536,431649,431665,431711,439057,439076&SEX=TOTAL"
2021,431482,Tarragona,Y058,58 anys,TOTAL,POP,1722,,"https://api.idescat.cat/taules/v2/censph/10/5975/mun/data?lang=ca&YEAR=2021&MUN=430120,430430,430477,430509,430957,430976,431009,431037,431093,431114,431227,431264,431310,431359,431444,431482,431536,431649,431665,431711,439057,439076&SEX=TOTAL"
2021,431482,Tarragona,Y059,59 anys,TOTAL,POP,1732,,"https://api.idescat.cat/taules/v2/censph/10/5975/mun/data?lang=ca&YEAR=2021&MUN=430120,430430,430477,430509,430957,430976,431009,431037,431093,431114,431227,431264,431310,431359,431444,431482,431536,431649,431665,431711,439057,439076&SEX=TOTAL"
2021,431482,Tarragona,Y060,60 anys,TOTAL,POP,1741,,"https://api.idescat.cat/taules/v2/censph/10/5975/mun/data?lang=ca&YEAR=2021&MUN=430120,430430,430477,430509,430957,430976,431009,431037,431093,431114,431227,431264,431310,431359,431444,431482,431536,431649,431665,431711,439057,439076&SEX=TOTAL"
2021,431482,Tarragona,Y061,61 anys,TOTAL,POP,1712,,"https://api.idescat.cat/taules/v2/censph/10/5975/mun/data?lang=ca&YEAR=2021&MUN=430120,430430,430477,430509,430957,430976,431009,431037,431093,431114,431227,431264,431310,431359,431444,431482,431536,431649,431665,431711,439057,439076&SEX=TOTAL"
2021,431482,Tarragona,Y062,62 anys,TOTAL,POP,1624,,"https://api.idescat.cat/taules/v2/censph/10/5975/mun/data?lang=ca&YEAR=2021&MUN=430120,430430,430477,430509,430957,430976,431009,431037,431093,431114,431227,431264,431310,431359,431444,431482,431536,431649,431665,431711,439057,439076&SEX=TOTAL"
2021,431482,Tarragona,Y063,63 anys,TOTAL,POP,1623,,"https://api.idescat.cat/taules/v2/censph/10/5975/mun/data?lang=ca&YEAR=2021&MUN=430120,430430,430477,430509,430957,430976,431009,431037,431093,431114,431227,431264,431310,431359,431444,431482,431536,431649,431665,431711,439057,439076&SEX=TOTAL"
2021,431482,Tarragona,Y064,64 anys,TOTAL,POP,1542,,"https://api.idescat.cat/taules/v2/censph/10/5975/mun/data?lang=ca&YEAR=2021&MUN=430120,430430,430477,430509,430957,430976,431009,431037,431093,431114,431227,431264,431310,431359,431444,431482,431536,431649,431665,431711,439057,439076&SEX=TOTAL"
2021,431482,Tarragona,Y065,65 anys,TOTAL,POP,1525,,"https://api.idescat.cat/taules/v2/censph/10/5975/mun/data?lang=ca&YEAR=2021&MUN=430120,430430,430477,430509,430957,430976,431009,431037,431093,431114,431227,431264,431310,431359,431444,431482,431536,431649,431665,431711,439057,439076&SEX=TOTAL"
2021,431482,Tarragona,Y066,66 anys,TOTAL,POP,1403,,"https://api.idescat.cat/taules/v2/censph/10/5975/mun/data?lang=ca&YEAR=2021&MUN=430120,430430,430477,430509,430957,430976,431009,431037,431093,431114,431227,431264,431310,431359,431444,431482,431536,431649,431665,431711,439057,439076&SEX=TOTAL"
2021,431482,Tarragona,Y067,67 anys,TOTAL,POP,1335,,"https://api.idescat.cat/taules/v2/censph/10/5975/mun/data?lang=ca&YEAR=2021&MUN=430120,430430,430477,430509,430957,430976,431009,431037,431093,431114,431227,431264,431310,431359,431444,431482,431536,431649,431665,431711,439057,439076&SEX=TOTAL"
2021,431482,Tarragona,Y068,68 anys,TOTAL,POP,1385,,"https://api.idescat.cat/taules/v2/censph/10/5975/mun/data?lang=ca&YEAR=2021&MUN=430120,430430,430477,430509,430957,430976,431009,431037,431093,431114,431227,431264,431310,431359,431444,431482,431536,431649,431665,431711,439057,439076&SEX=TOTAL"
2021,431482,Tarragona,Y069,69 anys,TOTAL,POP,1301,,"https://api.idescat.cat/taules/v2/censph/10/5975/mun/data?lang=ca&YEAR=2021&MUN=430120,430430,430477,430509,430957,430976,431009,431037,431093,431114,431227,431264,431310,431359,431444,431482,431536,431649,431665,431711,439057,439076&SEX=TOTAL"
2021,431482,Tarragona,Y070,70 anys,TOTAL,POP,1217,,"https://api.idescat.cat/taules/v2/censph/10/5975/mun/data?lang=ca&YEAR=2021&MUN=430120,430430,430477,430509,430957,430976,431009,431037,431093,431114,431227,431264,431310,431359,431444,431482,431536,431649,431665,431711,439057,439076&SEX=TOTAL"
2021,431482,Tarragona,Y071,71 anys,TOTAL,POP,1323,,"https://api.idescat.cat/taules/v2/censph/10/5975/mun/data?lang=ca&YEAR=2021&MUN=430120,430430,430477,430509,430957,430976,431009,431037,431093,431114,431227,431264,431310,431359,431444,431482,431536,431649,431665,431711,439057,439076&SEX=TOTAL"
2021,431482,Tarragona,Y072,72 anys,TOTAL,POP,1299,,"https://api.idescat.cat/taules/v2/censph/10/5975/mun/data?lang=ca&YEAR=2021&MUN=430120,430430,430477,430509,430957,430976,431009,431037,431093,431114,431227,431264,431310,431359,431444,431482,431536,431649,431665,431711,439057,439076&SEX=TOTAL"
2021,431482,Tarragona,Y073,73 anys,TOTAL,POP,1258,,"https://api.idescat.cat/taules/v2/censph/10/5975/mun/data?lang=ca&YEAR=2021&MUN=430120,430430,430477,430509,430957,430976,431009,431037,431093,431114,431227,431264,431310,431359,431444,431482,431536,431649,431665,431711,439057,439076&SEX=TOTAL"
2021,431482,Tarragona,Y074,74 anys,TOTAL,POP,1132,,"https://api.idescat.cat/taules/v2/censph/10/5975/mun/data?lang=ca&YEAR=2021&MUN=430120,430430,430477,430509,430957,430976,431009,431037,431093,431114,431227,431264,431310,431359,431444,431482,431536,431649,431665,431711,439057,439076&SEX=TOTAL"
2021,431482,Tarragona,Y075,75 anys,TOTAL,POP,1153,,"https://api.idescat.cat/taules/v2/censph/10/5975/mun/data?lang=ca&YEAR=2021&MUN=430120,430430,430477,430509,430957,430976,431009,431037,431093,431114,431227,431264,431310,431359,431444,431482,431536,431649,431665,431711,439057,439076&SEX=TOTAL"
2021,431482,Tarragona,Y076,76 anys,TOTAL,POP,1004,,"https://api.idescat.cat/taules/v2/censph/10/5975/mun/data?lang=ca&YEAR=2021&MUN=430120,430430,430477,430509,430957,430976,431009,431037,431093,431114,431227,431264,431310,431359,431444,431482,431536,431649,431665,431711,439057,439076&SEX=TOTAL"
2021,431482,Tarragona,Y077,77 anys,TOTAL,POP,1002,,"https://api.idescat.cat/taules/v2/censph/10/5975/mun/data?lang=ca&YEAR=2021&MUN=430120,430430,430477,430509,430957,430976,431009,431037,431093,431114,431227,431264,431310,431359,431444,431482,431536,431649,431665,431711,439057,439076&SEX=TOTAL"
2021,431482,Tarragona,Y078,78 anys,TOTAL,POP,908,,"https://api.idescat.cat/taules/v2/censph/10/5975/mun/data?lang=ca&YEAR=2021&MUN=430120,430430,430477,430509,430957,430976,431009,431037,431093,431114,431227,431264,431310,431359,431444,431482,431536,431649,431665,431711,439057,439076&SEX=TOTAL"
2021,431482,Tarragona,Y079,79 anys,TOTAL,POP,730.0,,"https://api.idescat.cat/taules/v2/censph/10/5975/mun/data?lang=ca&YEAR=2021&MUN=430120,430430,430477,430509,430957,430976,431009,431037,431093,431114,431227,431264,431310,431359,431444,431482,431536,431649,431665,431711,439057,439076&SEX=TOTAL"
2021,431482,Tarragona,Y080,80 anys,TOTAL,POP,947,,"https://api.idescat.cat/taules/v2/censph/10/5975/mun/data?lang=ca&YEAR=2021&MUN=430120,430430,430477,430509,430957,430976,431009,431037,431093,431114,431227,431264,431310,431359,431444,431482,431536,431649,431665,431711,439057,439076&SEX=TOTAL"
2021,431482,Tarragona,Y081,81 anys,TOTAL,POP,478,,"https://api.idescat.cat/taules/v2/censph/10/5975/mun/data?lang=ca&YEAR=2021&MUN=430120,430430,430477,430509,430957,430976,431009,431037,431093,431114,431227,431264,431310,431359,431444,431482,431536,431649,431665,431711,439057,439076&SEX=TOTAL"
2021,431482,Tarragona,Y082,82 anys,TOTAL,POP,579,,"https://api.idescat.cat/taules/v2/censph/10/5975/mun/data?lang=ca&YEAR=2021&MUN=430120,430430,430477,430509,430957,430976,431009,431037,431093,431114,431227,431264,431310,431359,431444,431482,431536,431649,431665,431711,439057,439076&SEX=TOTAL"
2021,431482,Tarragona,Y083,83 anys,TOTAL,POP,693,,"https://api.idescat.cat/taules/v2/censph/10/5975/mun/data?lang=ca&YEAR=2021&MUN=430120,430430,430477,430509,430957,430976,431009,431037,431093,431114,431227,431264,431310,431359,431444,431482,431536,431649,431665,431711,439057,439076&SEX=TOTAL"
2021,431482,Tarragona,Y084,84 anys,TOTAL,POP,683,,"https://api.idescat.cat/taules/v2/censph/10/5975/mun/data?lang=ca&YEAR=2021&MUN=430120,430430,430477,430509,430957,430976,431009,431037,431093,431114,431227,431264,431310,431359,431444,431482,431536,431649,431665,431711,439057,439076&SEX=TOTAL"
2021,431482,Tarragona,Y085,85 anys,TOTAL,POP,616,,"https://api.idescat.cat/taules/v2/censph/10/5975/mun/data?lang=ca&YEAR=2021&MUN=430120,430430,430477,430509,430957,430976,431009,431037,431093,431114,431227,431264,431310,431359,431444,431482,431536,431649,431665,431711,439057,439076&SEX=TOTAL"
2021,431482,Tarragona,Y086,86 anys,TOTAL,POP,540.0,,"https://api.idescat.cat/taules/v2/censph/10/5975/mun/data?lang=ca&YEAR=2021&MUN=430120,430430,430477,430509,430957,430976,431009,431037,431093,431114,431227,431264,431310,431359,431444,431482,431536,431649,431665,431711,439057,439076&SEX=TOTAL"
2021,431482,Tarragona,Y087,87 anys,TOTAL,POP,522,,"https://api.idescat.cat/taules/v2/censph/10/5975/mun/data?lang=ca&YEAR=2021&MUN=430120,430430,430477,430509,430957,430976,431009,431037,431093,431114,431227,431264,431310,431359,431444,431482,431536,431649,431665,431711,439057,439076&SEX=TOTAL"
2021,431482,Tarragona,Y088,88 anys,TOTAL,POP,459,,"https://api.idescat.cat/taules/v2/censph/10/5975/mun/data?lang=ca&YEAR=2021&MUN=430120,430430,430477,430509,430957,430976,431009,431037,431093,431114,431227,431264,431310,431359,431444,431482,431536,431649,431665,431711,439057,439076&SEX=TOTAL"
2021,431482,Tarragona,Y089,89 anys,TOTAL,POP,397,,"https://api.idescat.cat/taules/v2/censph/10/5975/mun/data?lang=ca&YEAR=2021&MUN=430120,430430,430477,430509,430957,430976,431009,431037,431093,431114,431227,431264,431310,431359,431444,431482,431536,431649,431665,431711,439057,439076&SEX=TOTAL"
2021,431482,Tarragona,Y090,90 anys,TOTAL,POP,347,,"https://api.idescat.cat/taules/v2/censph/10/5975/mun/data?lang=ca&YEAR=2021&MUN=430120,430430,430477,430509,430957,430976,431009,431037,431093,431114,431227,431264,431310,431359,431444,431482,431536,431649,431665,431711,439057,439076&SEX=TOTAL"
2021,431482,Tarragona,Y091,91 anys,TOTAL,POP,268,,"https://api.idescat.cat/taules/v2/censph/10/5975/mun/data?lang=ca&YEAR=2021&MUN=430120,430430,430477,430509,430957,430976,431009,431037,431093,431114,431227,431264,431310,431359,431444,431482,431536,431649,431665,431711,439057,439076&SEX=TOTAL"
2021,431482,Tarragona,Y092,92 anys,TOTAL,POP,255,,"https://api.idescat.cat/taules/v2/censph/10/5975/mun/data?lang=ca&YEAR=2021&MUN=430120,430430,430477,430509,430957,430976,431009,431037,431093,431114,431227,431264,431310,431359,431444,431482,431536,431649,431665,431711,439057,439076&SEX=TOTAL"
2021,431482,Tarragona,Y093,93 anys,TOTAL,POP,154,,"https://api.idescat.cat/taules/v2/censph/10/5975/mun/data?lang=ca&YEAR=2021&MUN=430120,430430,430477,430509,430957,430976,431009,431037,431093,431114,431227,431264,431310,431359,431444,431482,431536,431649,431665,431711,439057,439076&SEX=TOTAL"
2021,431482,Tarragona,Y094,94 anys,TOTAL,POP,149,,"https://api.idescat.cat/taules/v2/censph/10/5975/mun/data?lang=ca&YEAR=2021&MUN=430120,430430,430477,430509,430957,430976,431009,431037,431093,431114,431227,431264,431310,431359,431444,431482,431536,431649,431665,431711,439057,439076&SEX=TOTAL"
2021,431482,Tarragona,Y095,95 anys,TOTAL,POP,90.0,,"https://api.idescat.cat/taules/v2/censph/10/5975/mun/data?lang=ca&YEAR=2021&MUN=430120,430430,430477,430509,430957,430976,431009,431037,431093,431114,431227,431264,431310,431359,431444,431482,431536,431649,431665,431711,439057,439076&SEX=TOTAL"
2021,431482,Tarragona,Y096,96 anys,TOTAL,POP,98,,"https://api.idescat.cat/taules/v2/censph/10/5975/mun/data?lang=ca&YEAR=2021&MUN=430120,430430,430477,430509,430957,430976,431009,431037,431093,431114,431227,431264,431310,431359,431444,431482,431536,431649,431665,431711,439057,439076&SEX=TOTAL"
2021,431482,Tarragona,Y097,97 anys,TOTAL,POP,49,,"https://api.idescat.cat/taules/v2/censph/10/5975/mun/data?lang=ca&YEAR=2021&MUN=430120,430430,430477,430509,430957,430976,431009,431037,431093,431114,431227,431264,431310,431359,431444,431482,431536,431649,431665,431711,439057,439076&SEX=TOTAL"
2021,431482,Tarragona,Y098,98 anys,TOTAL,POP,41,,"https://api.idescat.cat/taules/v2/censph/10/5975/mun/data?lang=ca&YEAR=2021&MUN=430120,430430,430477,430509,430957,430976,431009,431037,431093,431114,431227,431264,431310,431359,431444,431482,431536,431649,431665,431711,439057,439076&SEX=TOTAL"
2021,431482,Tarragona,Y099,99 anys,TOTAL,POP,26,,"https://api.idescat.cat/taules/v2/censph/10/5975/mun/data?lang=ca&YEAR=2021&MUN=430120,430430,430477,430509,430957,430976,431009,431037,431093,431114,431227,431264,431310,431359,431444,431482,431536,431649,431665,431711,439057,439076&SEX=TOTAL"
2021,431482,Tarragona,Y_GE100,100 anys o més,TOTAL,POP,35,,"https://api.idescat.cat/taules/v2/censph/10/5975/mun/data?lang=ca&YEAR=2021&MUN=430120,430430,430477,430509,430957,430976,431009,431037,431093,431114,431227,431264,431310,431359,431444,431482,431536,431649,431665,431711,439057,439076&SEX=TOTAL"
2021,431482,Tarragona,TOTAL,total,TOTAL,POP,136150.0,,"https://api.idescat.cat/taules/v2/censph/10/5975/mun/data?lang=ca&YEAR=2021&MUN=430120,430430,430477,430509,430957,430976,431009,431037,431093,431114,431227,431264,431310,431359,431444,431482,431536,431649,431665,431711,439057,439076&SEX=TOTAL"
2021,431536,Torredembarra,Y000,0 anys,TOTAL,POP,121,,"https://api.idescat.cat/taules/v2/censph/10/5975/mun/data?lang=ca&YEAR=2021&MUN=430120,430430,430477,430509,430957,430976,431009,431037,431093,431114,431227,431264,431310,431359,431444,431482,431536,431649,431665,431711,439057,439076&SEX=TOTAL"
2021,431536,Torredembarra,Y001,1 any,TOTAL,POP,155,,"https://api.idescat.cat/taules/v2/censph/10/5975/mun/data?lang=ca&YEAR=2021&MUN=430120,430430,430477,430509,430957,430976,431009,431037,431093,431114,431227,431264,431310,431359,431444,431482,431536,431649,431665,431711,439057,439076&SEX=TOTAL"
2021,431536,Torredembarra,Y002,2 anys,TOTAL,POP,145,,"https://api.idescat.cat/taules/v2/censph/10/5975/mun/data?lang=ca&YEAR=2021&MUN=430120,430430,430477,430509,430957,430976,431009,431037,431093,431114,431227,431264,431310,431359,431444,431482,431536,431649,431665,431711,439057,439076&SEX=TOTAL"
2021,431536,Torredembarra,Y003,3 anys,TOTAL,POP,150.0,,"https://api.idescat.cat/taules/v2/censph/10/5975/mun/data?lang=ca&YEAR=2021&MUN=430120,430430,430477,430509,430957,430976,431009,431037,431093,431114,431227,431264,431310,431359,431444,431482,431536,431649,431665,431711,439057,439076&SEX=TOTAL"
2021,431536,Torredembarra,Y004,4 anys,TOTAL,POP,162,,"https://api.idescat.cat/taules/v2/censph/10/5975/mun/data?lang=ca&YEAR=2021&MUN=430120,430430,430477,430509,430957,430976,431009,431037,431093,431114,431227,431264,431310,431359,431444,431482,431536,431649,431665,431711,439057,439076&SEX=TOTAL"
2021,431536,Torredembarra,Y005,5 anys,TOTAL,POP,159,,"https://api.idescat.cat/taules/v2/censph/10/5975/mun/data?lang=ca&YEAR=2021&MUN=430120,430430,430477,430509,430957,430976,431009,431037,431093,431114,431227,431264,431310,431359,431444,431482,431536,431649,431665,431711,439057,439076&SEX=TOTAL"
2021,431536,Torredembarra,Y006,6 anys,TOTAL,POP,191,,"https://api.idescat.cat/taules/v2/censph/10/5975/mun/data?lang=ca&YEAR=2021&MUN=430120,430430,430477,430509,430957,430976,431009,431037,431093,431114,431227,431264,431310,431359,431444,431482,431536,431649,431665,431711,439057,439076&SEX=TOTAL"
2021,431536,Torredembarra,Y007,7 anys,TOTAL,POP,156,,"https://api.idescat.cat/taules/v2/censph/10/5975/mun/data?lang=ca&YEAR=2021&MUN=430120,430430,430477,430509,430957,430976,431009,431037,431093,431114,431227,431264,431310,431359,431444,431482,431536,431649,431665,431711,439057,439076&SEX=TOTAL"
2021,431536,Torredembarra,Y008,8 anys,TOTAL,POP,180.0,,"https://api.idescat.cat/taules/v2/censph/10/5975/mun/data?lang=ca&YEAR=2021&MUN=430120,430430,430477,430509,430957,430976,431009,431037,431093,431114,431227,431264,431310,431359,431444,431482,431536,431649,431665,431711,439057,439076&SEX=TOTAL"
2021,431536,Torredembarra,Y009,9 anys,TOTAL,POP,176,,"https://api.idescat.cat/taules/v2/censph/10/5975/mun/data?lang=ca&YEAR=2021&MUN=430120,430430,430477,430509,430957,430976,431009,431037,431093,431114,431227,431264,431310,431359,431444,431482,431536,431649,431665,431711,439057,439076&SEX=TOTAL"
2021,431536,Torredembarra,Y010,10 anys,TOTAL,POP,197,,"https://api.idescat.cat/taules/v2/censph/10/5975/mun/data?lang=ca&YEAR=2021&MUN=430120,430430,430477,430509,430957,430976,431009,431037,431093,431114,431227,431264,431310,431359,431444,431482,431536,431649,431665,431711,439057,439076&SEX=TOTAL"
2021,431536,Torredembarra,Y011,11 anys,TOTAL,POP,182,,"https://api.idescat.cat/taules/v2/censph/10/5975/mun/data?lang=ca&YEAR=2021&MUN=430120,430430,430477,430509,430957,430976,431009,431037,431093,431114,431227,431264,431310,431359,431444,431482,431536,431649,431665,431711,439057,439076&SEX=TOTAL"
2021,431536,Torredembarra,Y012,12 anys,TOTAL,POP,193,,"https://api.idescat.cat/taules/v2/censph/10/5975/mun/data?lang=ca&YEAR=2021&MUN=430120,430430,430477,430509,430957,430976,431009,431037,431093,431114,431227,431264,431310,431359,431444,431482,431536,431649,431665,431711,439057,439076&SEX=TOTAL"
2021,431536,Torredembarra,Y013,13 anys,TOTAL,POP,174,,"https://api.idescat.cat/taules/v2/censph/10/5975/mun/data?lang=ca&YEAR=2021&MUN=430120,430430,430477,430509,430957,430976,431009,431037,431093,431114,431227,431264,431310,431359,431444,431482,431536,431649,431665,431711,439057,439076&SEX=TOTAL"
2021,431536,Torredembarra,Y014,14 anys,TOTAL,POP,177,,"https://api.idescat.cat/taules/v2/censph/10/5975/mun/data?lang=ca&YEAR=2021&MUN=430120,430430,430477,430509,430957,430976,431009,431037,431093,431114,431227,431264,431310,431359,431444,431482,431536,431649,431665,431711,439057,439076&SEX=TOTAL"
2021,431536,Torredembarra,Y015,15 anys,TOTAL,POP,181,,"https://api.idescat.cat/taules/v2/censph/10/5975/mun/data?lang=ca&YEAR=2021&MUN=430120,430430,430477,430509,430957,430976,431009,431037,431093,431114,431227,431264,431310,431359,431444,431482,431536,431649,431665,431711,439057,439076&SEX=TOTAL"
2021,431536,Torredembarra,Y016,16 anys,TOTAL,POP,186,,"https://api.idescat.cat/taules/v2/censph/10/5975/mun/data?lang=ca&YEAR=2021&MUN=430120,430430,430477,430509,430957,430976,431009,431037,431093,431114,431227,431264,431310,431359,431444,431482,431536,431649,431665,431711,439057,439076&SEX=TOTAL"
2021,431536,Torredembarra,Y017,17 anys,TOTAL,POP,192,,"https://api.idescat.cat/taules/v2/censph/10/5975/mun/data?lang=ca&YEAR=2021&MUN=430120,430430,430477,430509,430957,430976,431009,431037,431093,431114,431227,431264,431310,431359,431444,431482,431536,431649,431665,431711,439057,439076&SEX=TOTAL"
2021,431536,Torredembarra,Y018,18 anys,TOTAL,POP,186,,"https://api.idescat.cat/taules/v2/censph/10/5975/mun/data?lang=ca&YEAR=2021&MUN=430120,430430,430477,430509,430957,430976,431009,431037,431093,431114,431227,431264,431310,431359,431444,431482,431536,431649,431665,431711,439057,439076&SEX=TOTAL"
2021,431536,Torredembarra,Y019,19 anys,TOTAL,POP,177,,"https://api.idescat.cat/taules/v2/censph/10/5975/mun/data?lang=ca&YEAR=2021&MUN=430120,430430,430477,430509,430957,430976,431009,431037,431093,431114,431227,431264,431310,431359,431444,431482,431536,431649,431665,431711,439057,439076&SEX=TOTAL"
2021,431536,Torredembarra,Y020,20 anys,TOTAL,POP,177,,"https://api.idescat.cat/taules/v2/censph/10/5975/mun/data?lang=ca&YEAR=2021&MUN=430120,430430,430477,430509,430957,430976,431009,431037,431093,431114,431227,431264,431310,431359,431444,431482,431536,431649,431665,431711,439057,439076&SEX=TOTAL"
2021,431536,Torredembarra,Y021,21 anys,TOTAL,POP,158,,"https://api.idescat.cat/taules/v2/censph/10/5975/mun/data?lang=ca&YEAR=2021&MUN=430120,430430,430477,430509,430957,430976,431009,431037,431093,431114,431227,431264,431310,431359,431444,431482,431536,431649,431665,431711,439057,439076&SEX=TOTAL"
2021,431536,Torredembarra,Y022,22 anys,TOTAL,POP,177,,"https://api.idescat.cat/taules/v2/censph/10/5975/mun/data?lang=ca&YEAR=2021&MUN=430120,430430,430477,430509,430957,430976,431009,431037,431093,431114,431227,431264,431310,431359,431444,431482,431536,431649,431665,431711,439057,439076&SEX=TOTAL"
2021,431536,Torredembarra,Y023,23 anys,TOTAL,POP,158,,"https://api.idescat.cat/taules/v2/censph/10/5975/mun/data?lang=ca&YEAR=2021&MUN=430120,430430,430477,430509,430957,430976,431009,431037,431093,431114,431227,431264,431310,431359,431444,431482,431536,431649,431665,431711,439057,439076&SEX=TOTAL"
2021,431536,Torredembarra,Y024,24 anys,TOTAL,POP,170.0,,"https://api.idescat.cat/taules/v2/censph/10/5975/mun/data?lang=ca&YEAR=2021&MUN=430120,430430,430477,430509,430957,430976,431009,431037,431093,431114,431227,431264,431310,431359,431444,431482,431536,431649,431665,431711,439057,439076&SEX=TOTAL"
2021,431536,Torredembarra,Y025,25 anys,TOTAL,POP,162,,"https://api.idescat.cat/taules/v2/censph/10/5975/mun/data?lang=ca&YEAR=2021&MUN=430120,430430,430477,430509,430957,430976,431009,431037,431093,431114,431227,431264,431310,431359,431444,431482,431536,431649,431665,431711,439057,439076&SEX=TOTAL"
2021,431536,Torredembarra,Y026,26 anys,TOTAL,POP,181,,"https://api.idescat.cat/taules/v2/censph/10/5975/mun/data?lang=ca&YEAR=2021&MUN=430120,430430,430477,430509,430957,430976,431009,431037,431093,431114,431227,431264,431310,431359,431444,431482,431536,431649,431665,431711,439057,439076&SEX=TOTAL"
2021,431536,Torredembarra,Y027,27 anys,TOTAL,POP,189,,"https://api.idescat.cat/taules/v2/censph/10/5975/mun/data?lang=ca&YEAR=2021&MUN=430120,430430,430477,430509,430957,430976,431009,431037,431093,431114,431227,431264,431310,431359,431444,431482,431536,431649,431665,431711,439057,439076&SEX=TOTAL"
2021,431536,Torredembarra,Y028,28 anys,TOTAL,POP,189,,"https://api.idescat.cat/taules/v2/censph/10/5975/mun/data?lang=ca&YEAR=2021&MUN=430120,430430,430477,430509,430957,430976,431009,431037,431093,431114,431227,431264,431310,431359,431444,431482,431536,431649,431665,431711,439057,439076&SEX=TOTAL"
2021,431536,Torredembarra,Y029,29 anys,TOTAL,POP,169,,"https://api.idescat.cat/taules/v2/censph/10/5975/mun/data?lang=ca&YEAR=2021&MUN=430120,430430,430477,430509,430957,430976,431009,431037,431093,431114,431227,431264,431310,431359,431444,431482,431536,431649,431665,431711,439057,439076&SEX=TOTAL"
2021,431536,Torredembarra,Y030,30 anys,TOTAL,POP,154,,"https://api.idescat.cat/taules/v2/censph/10/5975/mun/data?lang=ca&YEAR=2021&MUN=430120,430430,430477,430509,430957,430976,431009,431037,431093,431114,431227,431264,431310,431359,431444,431482,431536,431649,431665,431711,439057,439076&SEX=TOTAL"
2021,431536,Torredembarra,Y031,31 anys,TOTAL,POP,178,,"https://api.idescat.cat/taules/v2/censph/10/5975/mun/data?lang=ca&YEAR=2021&MUN=430120,430430,430477,430509,430957,430976,431009,431037,431093,431114,431227,431264,431310,431359,431444,431482,431536,431649,431665,431711,439057,439076&SEX=TOTAL"
2021,431536,Torredembarra,Y032,32 anys,TOTAL,POP,201,,"https://api.idescat.cat/taules/v2/censph/10/5975/mun/data?lang=ca&YEAR=2021&MUN=430120,430430,430477,430509,430957,430976,431009,431037,431093,431114,431227,431264,431310,431359,431444,431482,431536,431649,431665,431711,439057,439076&SEX=TOTAL"
2021,431536,Torredembarra,Y033,33 anys,TOTAL,POP,181,,"https://api.idescat.cat/taules/v2/censph/10/5975/mun/data?lang=ca&YEAR=2021&MUN=430120,430430,430477,430509,430957,430976,431009,431037,431093,431114,431227,431264,431310,431359,431444,431482,431536,431649,431665,431711,439057,439076&SEX=TOTAL"
2021,431536,Torredembarra,Y034,34 anys,TOTAL,POP,202,,"https://api.idescat.cat/taules/v2/censph/10/5975/mun/data?lang=ca&YEAR=2021&MUN=430120,430430,430477,430509,430957,430976,431009,431037,431093,431114,431227,431264,431310,431359,431444,431482,431536,431649,431665,431711,439057,439076&SEX=TOTAL"
2021,431536,Torredembarra,Y035,35 anys,TOTAL,POP,205,,"https://api.idescat.cat/taules/v2/censph/10/5975/mun/data?lang=ca&YEAR=2021&MUN=430120,430430,430477,430509,430957,430976,431009,431037,431093,431114,431227,431264,431310,431359,431444,431482,431536,431649,431665,431711,439057,439076&SEX=TOTAL"
2021,431536,Torredembarra,Y036,36 anys,TOTAL,POP,213,,"https://api.idescat.cat/taules/v2/censph/10/5975/mun/data?lang=ca&YEAR=2021&MUN=430120,430430,430477,430509,430957,430976,431009,431037,431093,431114,431227,431264,431310,431359,431444,431482,431536,431649,431665,431711,439057,439076&SEX=TOTAL"
2021,431536,Torredembarra,Y037,37 anys,TOTAL,POP,235,,"https://api.idescat.cat/taules/v2/censph/10/5975/mun/data?lang=ca&YEAR=2021&MUN=430120,430430,430477,430509,430957,430976,431009,431037,431093,431114,431227,431264,431310,431359,431444,431482,431536,431649,431665,431711,439057,439076&SEX=TOTAL"
2021,431536,Torredembarra,Y038,38 anys,TOTAL,POP,266,,"https://api.idescat.cat/taules/v2/censph/10/5975/mun/data?lang=ca&YEAR=2021&MUN=430120,430430,430477,430509,430957,430976,431009,431037,431093,431114,431227,431264,431310,431359,431444,431482,431536,431649,431665,431711,439057,439076&SEX=TOTAL"
2021,431536,Torredembarra,Y039,39 anys,TOTAL,POP,256,,"https://api.idescat.cat/taules/v2/censph/10/5975/mun/data?lang=ca&YEAR=2021&MUN=430120,430430,430477,430509,430957,430976,431009,431037,431093,431114,431227,431264,431310,431359,431444,431482,431536,431649,431665,431711,439057,439076&SEX=TOTAL"
2021,431536,Torredembarra,Y040,40 anys,TOTAL,POP,254,,"https://api.idescat.cat/taules/v2/censph/10/5975/mun/data?lang=ca&YEAR=2021&MUN=430120,430430,430477,430509,430957,430976,431009,431037,431093,431114,431227,431264,431310,431359,431444,431482,431536,431649,431665,431711,439057,439076&SEX=TOTAL"
2021,431536,Torredembarra,Y041,41 anys,TOTAL,POP,277,,"https://api.idescat.cat/taules/v2/censph/10/5975/mun/data?lang=ca&YEAR=2021&MUN=430120,430430,430477,430509,430957,430976,431009,431037,431093,431114,431227,431264,431310,431359,431444,431482,431536,431649,431665,431711,439057,439076&SEX=TOTAL"
2021,431536,Torredembarra,Y042,42 anys,TOTAL,POP,302,,"https://api.idescat.cat/taules/v2/censph/10/5975/mun/data?lang=ca&YEAR=2021&MUN=430120,430430,430477,430509,430957,430976,431009,431037,431093,431114,431227,431264,431310,431359,431444,431482,431536,431649,431665,431711,439057,439076&SEX=TOTAL"
2021,431536,Torredembarra,Y043,43 anys,TOTAL,POP,276,,"https://api.idescat.cat/taules/v2/censph/10/5975/mun/data?lang=ca&YEAR=2021&MUN=430120,430430,430477,430509,430957,430976,431009,431037,431093,431114,431227,431264,431310,431359,431444,431482,431536,431649,431665,431711,439057,439076&SEX=TOTAL"
2021,431536,Torredembarra,Y044,44 anys,TOTAL,POP,260.0,,"https://api.idescat.cat/taules/v2/censph/10/5975/mun/data?lang=ca&YEAR=2021&MUN=430120,430430,430477,430509,430957,430976,431009,431037,431093,431114,431227,431264,431310,431359,431444,431482,431536,431649,431665,431711,439057,439076&SEX=TOTAL"
2021,431536,Torredembarra,Y045,45 anys,TOTAL,POP,272,,"https://api.idescat.cat/taules/v2/censph/10/5975/mun/data?lang=ca&YEAR=2021&MUN=430120,430430,430477,430509,430957,430976,431009,431037,431093,431114,431227,431264,431310,431359,431444,431482,431536,431649,431665,431711,439057,439076&SEX=TOTAL"
2021,431536,Torredembarra,Y046,46 anys,TOTAL,POP,278,,"https://api.idescat.cat/taules/v2/censph/10/5975/mun/data?lang=ca&YEAR=2021&MUN=430120,430430,430477,430509,430957,430976,431009,431037,431093,431114,431227,431264,431310,431359,431444,431482,431536,431649,431665,431711,439057,439076&SEX=TOTAL"
2021,431536,Torredembarra,Y047,47 anys,TOTAL,POP,262,,"https://api.idescat.cat/taules/v2/censph/10/5975/mun/data?lang=ca&YEAR=2021&MUN=430120,430430,430477,430509,430957,430976,431009,431037,431093,431114,431227,431264,431310,431359,431444,431482,431536,431649,431665,431711,439057,439076&SEX=TOTAL"
2021,431536,Torredembarra,Y048,48 anys,TOTAL,POP,255,,"https://api.idescat.cat/taules/v2/censph/10/5975/mun/data?lang=ca&YEAR=2021&MUN=430120,430430,430477,430509,430957,430976,431009,431037,431093,431114,431227,431264,431310,431359,431444,431482,431536,431649,431665,431711,439057,439076&SEX=TOTAL"
2021,431536,Torredembarra,Y049,49 anys,TOTAL,POP,270.0,,"https://api.idescat.cat/taules/v2/censph/10/5975/mun/data?lang=ca&YEAR=2021&MUN=430120,430430,430477,430509,430957,430976,431009,431037,431093,431114,431227,431264,431310,431359,431444,431482,431536,431649,431665,431711,439057,439076&SEX=TOTAL"
2021,431536,Torredembarra,Y050,50 anys,TOTAL,POP,261,,"https://api.idescat.cat/taules/v2/censph/10/5975/mun/data?lang=ca&YEAR=2021&MUN=430120,430430,430477,430509,430957,430976,431009,431037,431093,431114,431227,431264,431310,431359,431444,431482,431536,431649,431665,431711,439057,439076&SEX=TOTAL"
2021,431536,Torredembarra,Y051,51 anys,TOTAL,POP,273,,"https://api.idescat.cat/taules/v2/censph/10/5975/mun/data?lang=ca&YEAR=2021&MUN=430120,430430,430477,430509,430957,430976,431009,431037,431093,431114,431227,431264,431310,431359,431444,431482,431536,431649,431665,431711,439057,439076&SEX=TOTAL"
2021,431536,Torredembarra,Y052,52 anys,TOTAL,POP,260.0,,"https://api.idescat.cat/taules/v2/censph/10/5975/mun/data?lang=ca&YEAR=2021&MUN=430120,430430,430477,430509,430957,430976,431009,431037,431093,431114,431227,431264,431310,431359,431444,431482,431536,431649,431665,431711,439057,439076&SEX=TOTAL"
2021,431536,Torredembarra,Y053,53 anys,TOTAL,POP,275,,"https://api.idescat.cat/taules/v2/censph/10/5975/mun/data?lang=ca&YEAR=2021&MUN=430120,430430,430477,430509,430957,430976,431009,431037,431093,431114,431227,431264,431310,431359,431444,431482,431536,431649,431665,431711,439057,439076&SEX=TOTAL"
2021,431536,Torredembarra,Y054,54 anys,TOTAL,POP,272,,"https://api.idescat.cat/taules/v2/censph/10/5975/mun/data?lang=ca&YEAR=2021&MUN=430120,430430,430477,430509,430957,430976,431009,431037,431093,431114,431227,431264,431310,431359,431444,431482,431536,431649,431665,431711,439057,439076&SEX=TOTAL"
2021,431536,Torredembarra,Y055,55 anys,TOTAL,POP,242,,"https://api.idescat.cat/taules/v2/censph/10/5975/mun/data?lang=ca&YEAR=2021&MUN=430120,430430,430477,430509,430957,430976,431009,431037,431093,431114,431227,431264,431310,431359,431444,431482,431536,431649,431665,431711,439057,439076&SEX=TOTAL"
2021,431536,Torredembarra,Y056,56 anys,TOTAL,POP,266,,"https://api.idescat.cat/taules/v2/censph/10/5975/mun/data?lang=ca&YEAR=2021&MUN=430120,430430,430477,430509,430957,430976,431009,431037,431093,431114,431227,431264,431310,431359,431444,431482,431536,431649,431665,431711,439057,439076&SEX=TOTAL"
2021,431536,Torredembarra,Y057,57 anys,TOTAL,POP,233,,"https://api.idescat.cat/taules/v2/censph/10/5975/mun/data?lang=ca&YEAR=2021&MUN=430120,430430,430477,430509,430957,430976,431009,431037,431093,431114,431227,431264,431310,431359,431444,431482,431536,431649,431665,431711,439057,439076&SEX=TOTAL"
2021,431536,Torredembarra,Y058,58 anys,TOTAL,POP,259,,"https://api.idescat.cat/taules/v2/censph/10/5975/mun/data?lang=ca&YEAR=2021&MUN=430120,430430,430477,430509,430957,430976,431009,431037,431093,431114,431227,431264,431310,431359,431444,431482,431536,431649,431665,431711,439057,439076&SEX=TOTAL"
2021,431536,Torredembarra,Y059,59 anys,TOTAL,POP,220.0,,"https://api.idescat.cat/taules/v2/censph/10/5975/mun/data?lang=ca&YEAR=2021&MUN=430120,430430,430477,430509,430957,430976,431009,431037,431093,431114,431227,431264,431310,431359,431444,431482,431536,431649,431665,431711,439057,439076&SEX=TOTAL"
2021,431536,Torredembarra,Y060,60 anys,TOTAL,POP,244,,"https://api.idescat.cat/taules/v2/censph/10/5975/mun/data?lang=ca&YEAR=2021&MUN=430120,430430,430477,430509,430957,430976,431009,431037,431093,431114,431227,431264,431310,431359,431444,431482,431536,431649,431665,431711,439057,439076&SEX=TOTAL"
2021,431536,Torredembarra,Y061,61 anys,TOTAL,POP,245,,"https://api.idescat.cat/taules/v2/censph/10/5975/mun/data?lang=ca&YEAR=2021&MUN=430120,430430,430477,430509,430957,430976,431009,431037,431093,431114,431227,431264,431310,431359,431444,431482,431536,431649,431665,431711,439057,439076&SEX=TOTAL"
2021,431536,Torredembarra,Y062,62 anys,TOTAL,POP,224,,"https://api.idescat.cat/taules/v2/censph/10/5975/mun/data?lang=ca&YEAR=2021&MUN=430120,430430,430477,430509,430957,430976,431009,431037,431093,431114,431227,431264,431310,431359,431444,431482,431536,431649,431665,431711,439057,439076&SEX=TOTAL"
2021,431536,Torredembarra,Y063,63 anys,TOTAL,POP,215,,"https://api.idescat.cat/taules/v2/censph/10/5975/mun/data?lang=ca&YEAR=2021&MUN=430120,430430,430477,430509,430957,430976,431009,431037,431093,431114,431227,431264,431310,431359,431444,431482,431536,431649,431665,431711,439057,439076&SEX=TOTAL"
2021,431536,Torredembarra,Y064,64 anys,TOTAL,POP,204,,"https://api.idescat.cat/taules/v2/censph/10/5975/mun/data?lang=ca&YEAR=2021&MUN=430120,430430,430477,430509,430957,430976,431009,431037,431093,431114,431227,431264,431310,431359,431444,431482,431536,431649,431665,431711,439057,439076&SEX=TOTAL"
2021,431536,Torredembarra,Y065,65 anys,TOTAL,POP,218,,"https://api.idescat.cat/taules/v2/censph/10/5975/mun/data?lang=ca&YEAR=2021&MUN=430120,430430,430477,430509,430957,430976,431009,431037,431093,431114,431227,431264,431310,431359,431444,431482,431536,431649,431665,431711,439057,439076&SEX=TOTAL"
2021,431536,Torredembarra,Y066,66 anys,TOTAL,POP,213,,"https://api.idescat.cat/taules/v2/censph/10/5975/mun/data?lang=ca&YEAR=2021&MUN=430120,430430,430477,430509,430957,430976,431009,431037,431093,431114,431227,431264,431310,431359,431444,431482,431536,431649,431665,431711,439057,439076&SEX=TOTAL"
2021,431536,Torredembarra,Y067,67 anys,TOTAL,POP,200.0,,"https://api.idescat.cat/taules/v2/censph/10/5975/mun/data?lang=ca&YEAR=2021&MUN=430120,430430,430477,430509,430957,430976,431009,431037,431093,431114,431227,431264,431310,431359,431444,431482,431536,431649,431665,431711,439057,439076&SEX=TOTAL"
2021,431536,Torredembarra,Y068,68 anys,TOTAL,POP,195,,"https://api.idescat.cat/taules/v2/censph/10/5975/mun/data?lang=ca&YEAR=2021&MUN=430120,430430,430477,430509,430957,430976,431009,431037,431093,431114,431227,431264,431310,431359,431444,431482,431536,431649,431665,431711,439057,439076&SEX=TOTAL"
2021,431536,Torredembarra,Y069,69 anys,TOTAL,POP,180.0,,"https://api.idescat.cat/taules/v2/censph/10/5975/mun/data?lang=ca&YEAR=2021&MUN=430120,430430,430477,430509,430957,430976,431009,431037,431093,431114,431227,431264,431310,431359,431444,431482,431536,431649,431665,431711,439057,439076&SEX=TOTAL"
2021,431536,Torredembarra,Y070,70 anys,TOTAL,POP,161,,"https://api.idescat.cat/taules/v2/censph/10/5975/mun/data?lang=ca&YEAR=2021&MUN=430120,430430,430477,430509,430957,430976,431009,431037,431093,431114,431227,431264,431310,431359,431444,431482,431536,431649,431665,431711,439057,439076&SEX=TOTAL"
2021,431536,Torredembarra,Y071,71 anys,TOTAL,POP,170.0,,"https://api.idescat.cat/taules/v2/censph/10/5975/mun/data?lang=ca&YEAR=2021&MUN=430120,430430,430477,430509,430957,430976,431009,431037,431093,431114,431227,431264,431310,431359,431444,431482,431536,431649,431665,431711,439057,439076&SEX=TOTAL"
2021,431536,Torredembarra,Y072,72 anys,TOTAL,POP,175,,"https://api.idescat.cat/taules/v2/censph/10/5975/mun/data?lang=ca&YEAR=2021&MUN=430120,430430,430477,430509,430957,430976,431009,431037,431093,431114,431227,431264,431310,431359,431444,431482,431536,431649,431665,431711,439057,439076&SEX=TOTAL"
2021,431536,Torredembarra,Y073,73 anys,TOTAL,POP,179,,"https://api.idescat.cat/taules/v2/censph/10/5975/mun/data?lang=ca&YEAR=2021&MUN=430120,430430,430477,430509,430957,430976,431009,431037,431093,431114,431227,431264,431310,431359,431444,431482,431536,431649,431665,431711,439057,439076&SEX=TOTAL"
2021,431536,Torredembarra,Y074,74 anys,TOTAL,POP,131,,"https://api.idescat.cat/taules/v2/censph/10/5975/mun/data?lang=ca&YEAR=2021&MUN=430120,430430,430477,430509,430957,430976,431009,431037,431093,431114,431227,431264,431310,431359,431444,431482,431536,431649,431665,431711,439057,439076&SEX=TOTAL"
2021,431536,Torredembarra,Y075,75 anys,TOTAL,POP,136,,"https://api.idescat.cat/taules/v2/censph/10/5975/mun/data?lang=ca&YEAR=2021&MUN=430120,430430,430477,430509,430957,430976,431009,431037,431093,431114,431227,431264,431310,431359,431444,431482,431536,431649,431665,431711,439057,439076&SEX=TOTAL"
2021,431536,Torredembarra,Y076,76 anys,TOTAL,POP,146,,"https://api.idescat.cat/taules/v2/censph/10/5975/mun/data?lang=ca&YEAR=2021&MUN=430120,430430,430477,430509,430957,430976,431009,431037,431093,431114,431227,431264,431310,431359,431444,431482,431536,431649,431665,431711,439057,439076&SEX=TOTAL"
2021,431536,Torredembarra,Y077,77 anys,TOTAL,POP,127,,"https://api.idescat.cat/taules/v2/censph/10/5975/mun/data?lang=ca&YEAR=2021&MUN=430120,430430,430477,430509,430957,430976,431009,431037,431093,431114,431227,431264,431310,431359,431444,431482,431536,431649,431665,431711,439057,439076&SEX=TOTAL"
2021,431536,Torredembarra,Y078,78 anys,TOTAL,POP,93,,"https://api.idescat.cat/taules/v2/censph/10/5975/mun/data?lang=ca&YEAR=2021&MUN=430120,430430,430477,430509,430957,430976,431009,431037,431093,431114,431227,431264,431310,431359,431444,431482,431536,431649,431665,431711,439057,439076&SEX=TOTAL"
2021,431536,Torredembarra,Y079,79 anys,TOTAL,POP,100.0,,"https://api.idescat.cat/taules/v2/censph/10/5975/mun/data?lang=ca&YEAR=2021&MUN=430120,430430,430477,430509,430957,430976,431009,431037,431093,431114,431227,431264,431310,431359,431444,431482,431536,431649,431665,431711,439057,439076&SEX=TOTAL"
2021,431536,Torredembarra,Y080,80 anys,TOTAL,POP,115,,"https://api.idescat.cat/taules/v2/censph/10/5975/mun/data?lang=ca&YEAR=2021&MUN=430120,430430,430477,430509,430957,430976,431009,431037,431093,431114,431227,431264,431310,431359,431444,431482,431536,431649,431665,431711,439057,439076&SEX=TOTAL"
2021,431536,Torredembarra,Y081,81 anys,TOTAL,POP,64,,"https://api.idescat.cat/taules/v2/censph/10/5975/mun/data?lang=ca&YEAR=2021&MUN=430120,430430,430477,430509,430957,430976,431009,431037,431093,431114,431227,431264,431310,431359,431444,431482,431536,431649,431665,431711,439057,439076&SEX=TOTAL"
2021,431536,Torredembarra,Y082,82 anys,TOTAL,POP,80.0,,"https://api.idescat.cat/taules/v2/censph/10/5975/mun/data?lang=ca&YEAR=2021&MUN=430120,430430,430477,430509,430957,430976,431009,431037,431093,431114,431227,431264,431310,431359,431444,431482,431536,431649,431665,431711,439057,439076&SEX=TOTAL"
2021,431536,Torredembarra,Y083,83 anys,TOTAL,POP,90.0,,"https://api.idescat.cat/taules/v2/censph/10/5975/mun/data?lang=ca&YEAR=2021&MUN=430120,430430,430477,430509,430957,430976,431009,431037,431093,431114,431227,431264,431310,431359,431444,431482,431536,431649,431665,431711,439057,439076&SEX=TOTAL"
2021,431536,Torredembarra,Y084,84 anys,TOTAL,POP,86,,"https://api.idescat.cat/taules/v2/censph/10/5975/mun/data?lang=ca&YEAR=2021&MUN=430120,430430,430477,430509,430957,430976,431009,431037,431093,431114,431227,431264,431310,431359,431444,431482,431536,431649,431665,431711,439057,439076&SEX=TOTAL"
2021,431536,Torredembarra,Y085,85 anys,TOTAL,POP,90.0,,"https://api.idescat.cat/taules/v2/censph/10/5975/mun/data?lang=ca&YEAR=2021&MUN=430120,430430,430477,430509,430957,430976,431009,431037,431093,431114,431227,431264,431310,431359,431444,431482,431536,431649,431665,431711,439057,439076&SEX=TOTAL"
2021,431536,Torredembarra,Y086,86 anys,TOTAL,POP,69,,"https://api.idescat.cat/taules/v2/censph/10/5975/mun/data?lang=ca&YEAR=2021&MUN=430120,430430,430477,430509,430957,430976,431009,431037,431093,431114,431227,431264,431310,431359,431444,431482,431536,431649,431665,431711,439057,439076&SEX=TOTAL"
2021,431536,Torredembarra,Y087,87 anys,TOTAL,POP,61,,"https://api.idescat.cat/taules/v2/censph/10/5975/mun/data?lang=ca&YEAR=2021&MUN=430120,430430,430477,430509,430957,430976,431009,431037,431093,431114,431227,431264,431310,431359,431444,431482,431536,431649,431665,431711,439057,439076&SEX=TOTAL"
2021,431536,Torredembarra,Y088,88 anys,TOTAL,POP,51,,"https://api.idescat.cat/taules/v2/censph/10/5975/mun/data?lang=ca&YEAR=2021&MUN=430120,430430,430477,430509,430957,430976,431009,431037,431093,431114,431227,431264,431310,431359,431444,431482,431536,431649,431665,431711,439057,439076&SEX=TOTAL"
2021,431536,Torredembarra,Y089,89 anys,TOTAL,POP,47,,"https://api.idescat.cat/taules/v2/censph/10/5975/mun/data?lang=ca&YEAR=2021&MUN=430120,430430,430477,430509,430957,430976,431009,431037,431093,431114,431227,431264,431310,431359,431444,431482,431536,431649,431665,431711,439057,439076&SEX=TOTAL"
2021,431536,Torredembarra,Y090,90 anys,TOTAL,POP,38,,"https://api.idescat.cat/taules/v2/censph/10/5975/mun/data?lang=ca&YEAR=2021&MUN=430120,430430,430477,430509,430957,430976,431009,431037,431093,431114,431227,431264,431310,431359,431444,431482,431536,431649,431665,431711,439057,439076&SEX=TOTAL"
2021,431536,Torredembarra,Y091,91 anys,TOTAL,POP,43,,"https://api.idescat.cat/taules/v2/censph/10/5975/mun/data?lang=ca&YEAR=2021&MUN=430120,430430,430477,430509,430957,430976,431009,431037,431093,431114,431227,431264,431310,431359,431444,431482,431536,431649,431665,431711,439057,439076&SEX=TOTAL"
2021,431536,Torredembarra,Y092,92 anys,TOTAL,POP,26,,"https://api.idescat.cat/taules/v2/censph/10/5975/mun/data?lang=ca&YEAR=2021&MUN=430120,430430,430477,430509,430957,430976,431009,431037,431093,431114,431227,431264,431310,431359,431444,431482,431536,431649,431665,431711,439057,439076&SEX=TOTAL"
2021,431536,Torredembarra,Y093,93 anys,TOTAL,POP,20.0,,"https://api.idescat.cat/taules/v2/censph/10/5975/mun/data?lang=ca&YEAR=2021&MUN=430120,430430,430477,430509,430957,430976,431009,431037,431093,431114,431227,431264,431310,431359,431444,431482,431536,431649,431665,431711,439057,439076&SEX=TOTAL"
2021,431536,Torredembarra,Y094,94 anys,TOTAL,POP,15,,"https://api.idescat.cat/taules/v2/censph/10/5975/mun/data?lang=ca&YEAR=2021&MUN=430120,430430,430477,430509,430957,430976,431009,431037,431093,431114,431227,431264,431310,431359,431444,431482,431536,431649,431665,431711,439057,439076&SEX=TOTAL"
2021,431536,Torredembarra,Y095,95 anys,TOTAL,POP,15,,"https://api.idescat.cat/taules/v2/censph/10/5975/mun/data?lang=ca&YEAR=2021&MUN=430120,430430,430477,430509,430957,430976,431009,431037,431093,431114,431227,431264,431310,431359,431444,431482,431536,431649,431665,431711,439057,439076&SEX=TOTAL"
2021,431536,Torredembarra,Y096,96 anys,TOTAL,POP,7,,"https://api.idescat.cat/taules/v2/censph/10/5975/mun/data?lang=ca&YEAR=2021&MUN=430120,430430,430477,430509,430957,430976,431009,431037,431093,431114,431227,431264,431310,431359,431444,431482,431536,431649,431665,431711,439057,439076&SEX=TOTAL"
2021,431536,Torredembarra,Y097,97 anys,TOTAL,POP,4,,"https://api.idescat.cat/taules/v2/censph/10/5975/mun/data?lang=ca&YEAR=2021&MUN=430120,430430,430477,430509,430957,430976,431009,431037,431093,431114,431227,431264,431310,431359,431444,431482,431536,431649,431665,431711,439057,439076&SEX=TOTAL"
2021,431536,Torredembarra,Y098,98 anys,TOTAL,POP,8,,"https://api.idescat.cat/taules/v2/censph/10/5975/mun/data?lang=ca&YEAR=2021&MUN=430120,430430,430477,430509,430957,430976,431009,431037,431093,431114,431227,431264,431310,431359,431444,431482,431536,431649,431665,431711,439057,439076&SEX=TOTAL"
2021,431536,Torredembarra,Y099,99 anys,TOTAL,POP,5,,"https://api.idescat.cat/taules/v2/censph/10/5975/mun/data?lang=ca&YEAR=2021&MUN=430120,430430,430477,430509,430957,430976,431009,431037,431093,431114,431227,431264,431310,431359,431444,431482,431536,431649,431665,431711,439057,439076&SEX=TOTAL"
2021,431536,Torredembarra,Y_GE100,100 anys o més,TOTAL,POP,5,,"https://api.idescat.cat/taules/v2/censph/10/5975/mun/data?lang=ca&YEAR=2021&MUN=430120,430430,430477,430509,430957,430976,431009,431037,431093,431114,431227,431264,431310,431359,431444,431482,431536,431649,431665,431711,439057,439076&SEX=TOTAL"
2021,431536,Torredembarra,TOTAL,total,TOTAL,POP,17023,,"https://api.idescat.cat/taules/v2/censph/10/5975/mun/data?lang=ca&YEAR=2021&MUN=430120,430430,430477,430509,430957,430976,431009,431037,431093,431114,431227,431264,431310,431359,431444,431482,431536,431649,431665,431711,439057,439076&SEX=TOTAL"
2021,431649,Vespella de Gaià,Y000,0 anys,TOTAL,POP,5,,"https://api.idescat.cat/taules/v2/censph/10/5975/mun/data?lang=ca&YEAR=2021&MUN=430120,430430,430477,430509,430957,430976,431009,431037,431093,431114,431227,431264,431310,431359,431444,431482,431536,431649,431665,431711,439057,439076&SEX=TOTAL"
2021,431649,Vespella de Gaià,Y001,1 any,TOTAL,POP,3,,"https://api.idescat.cat/taules/v2/censph/10/5975/mun/data?lang=ca&YEAR=2021&MUN=430120,430430,430477,430509,430957,430976,431009,431037,431093,431114,431227,431264,431310,431359,431444,431482,431536,431649,431665,431711,439057,439076&SEX=TOTAL"
2021,431649,Vespella de Gaià,Y002,2 anys,TOTAL,POP,3,,"https://api.idescat.cat/taules/v2/censph/10/5975/mun/data?lang=ca&YEAR=2021&MUN=430120,430430,430477,430509,430957,430976,431009,431037,431093,431114,431227,431264,431310,431359,431444,431482,431536,431649,431665,431711,439057,439076&SEX=TOTAL"
2021,431649,Vespella de Gaià,Y003,3 anys,TOTAL,POP,1,,"https://api.idescat.cat/taules/v2/censph/10/5975/mun/data?lang=ca&YEAR=2021&MUN=430120,430430,430477,430509,430957,430976,431009,431037,431093,431114,431227,431264,431310,431359,431444,431482,431536,431649,431665,431711,439057,439076&SEX=TOTAL"
2021,431649,Vespella de Gaià,Y004,4 anys,TOTAL,POP,6,,"https://api.idescat.cat/taules/v2/censph/10/5975/mun/data?lang=ca&YEAR=2021&MUN=430120,430430,430477,430509,430957,430976,431009,431037,431093,431114,431227,431264,431310,431359,431444,431482,431536,431649,431665,431711,439057,439076&SEX=TOTAL"
2021,431649,Vespella de Gaià,Y005,5 anys,TOTAL,POP,5,,"https://api.idescat.cat/taules/v2/censph/10/5975/mun/data?lang=ca&YEAR=2021&MUN=430120,430430,430477,430509,430957,430976,431009,431037,431093,431114,431227,431264,431310,431359,431444,431482,431536,431649,431665,431711,439057,439076&SEX=TOTAL"
2021,431649,Vespella de Gaià,Y006,6 anys,TOTAL,POP,7,,"https://api.idescat.cat/taules/v2/censph/10/5975/mun/data?lang=ca&YEAR=2021&MUN=430120,430430,430477,430509,430957,430976,431009,431037,431093,431114,431227,431264,431310,431359,431444,431482,431536,431649,431665,431711,439057,439076&SEX=TOTAL"
2021,431649,Vespella de Gaià,Y007,7 anys,TOTAL,POP,6,,"https://api.idescat.cat/taules/v2/censph/10/5975/mun/data?lang=ca&YEAR=2021&MUN=430120,430430,430477,430509,430957,430976,431009,431037,431093,431114,431227,431264,431310,431359,431444,431482,431536,431649,431665,431711,439057,439076&SEX=TOTAL"
2021,431649,Vespella de Gaià,Y008,8 anys,TOTAL,POP,8,,"https://api.idescat.cat/taules/v2/censph/10/5975/mun/data?lang=ca&YEAR=2021&MUN=430120,430430,430477,430509,430957,430976,431009,431037,431093,431114,431227,431264,431310,431359,431444,431482,431536,431649,431665,431711,439057,439076&SEX=TOTAL"
2021,431649,Vespella de Gaià,Y009,9 anys,TOTAL,POP,4,,"https://api.idescat.cat/taules/v2/censph/10/5975/mun/data?lang=ca&YEAR=2021&MUN=430120,430430,430477,430509,430957,430976,431009,431037,431093,431114,431227,431264,431310,431359,431444,431482,431536,431649,431665,431711,439057,439076&SEX=TOTAL"
2021,431649,Vespella de Gaià,Y010,10 anys,TOTAL,POP,2,,"https://api.idescat.cat/taules/v2/censph/10/5975/mun/data?lang=ca&YEAR=2021&MUN=430120,430430,430477,430509,430957,430976,431009,431037,431093,431114,431227,431264,431310,431359,431444,431482,431536,431649,431665,431711,439057,439076&SEX=TOTAL"
2021,431649,Vespella de Gaià,Y011,11 anys,TOTAL,POP,6,,"https://api.idescat.cat/taules/v2/censph/10/5975/mun/data?lang=ca&YEAR=2021&MUN=430120,430430,430477,430509,430957,430976,431009,431037,431093,431114,431227,431264,431310,431359,431444,431482,431536,431649,431665,431711,439057,439076&SEX=TOTAL"
2021,431649,Vespella de Gaià,Y012,12 anys,TOTAL,POP,6,,"https://api.idescat.cat/taules/v2/censph/10/5975/mun/data?lang=ca&YEAR=2021&MUN=430120,430430,430477,430509,430957,430976,431009,431037,431093,431114,431227,431264,431310,431359,431444,431482,431536,431649,431665,431711,439057,439076&SEX=TOTAL"
2021,431649,Vespella de Gaià,Y013,13 anys,TOTAL,POP,2,,"https://api.idescat.cat/taules/v2/censph/10/5975/mun/data?lang=ca&YEAR=2021&MUN=430120,430430,430477,430509,430957,430976,431009,431037,431093,431114,431227,431264,431310,431359,431444,431482,431536,431649,431665,431711,439057,439076&SEX=TOTAL"
2021,431649,Vespella de Gaià,Y014,14 anys,TOTAL,POP,7,,"https://api.idescat.cat/taules/v2/censph/10/5975/mun/data?lang=ca&YEAR=2021&MUN=430120,430430,430477,430509,430957,430976,431009,431037,431093,431114,431227,431264,431310,431359,431444,431482,431536,431649,431665,431711,439057,439076&SEX=TOTAL"
2021,431649,Vespella de Gaià,Y015,15 anys,TOTAL,POP,4,,"https://api.idescat.cat/taules/v2/censph/10/5975/mun/data?lang=ca&YEAR=2021&MUN=430120,430430,430477,430509,430957,430976,431009,431037,431093,431114,431227,431264,431310,431359,431444,431482,431536,431649,431665,431711,439057,439076&SEX=TOTAL"
2021,431649,Vespella de Gaià,Y016,16 anys,TOTAL,POP,6,,"https://api.idescat.cat/taules/v2/censph/10/5975/mun/data?lang=ca&YEAR=2021&MUN=430120,430430,430477,430509,430957,430976,431009,431037,431093,431114,431227,431264,431310,431359,431444,431482,431536,431649,431665,431711,439057,439076&SEX=TOTAL"
2021,431649,Vespella de Gaià,Y017,17 anys,TOTAL,POP,0,,"https://api.idescat.cat/taules/v2/censph/10/5975/mun/data?lang=ca&YEAR=2021&MUN=430120,430430,430477,430509,430957,430976,431009,431037,431093,431114,431227,431264,431310,431359,431444,431482,431536,431649,431665,431711,439057,439076&SEX=TOTAL"
2021,431649,Vespella de Gaià,Y018,18 anys,TOTAL,POP,4,,"https://api.idescat.cat/taules/v2/censph/10/5975/mun/data?lang=ca&YEAR=2021&MUN=430120,430430,430477,430509,430957,430976,431009,431037,431093,431114,431227,431264,431310,431359,431444,431482,431536,431649,431665,431711,439057,439076&SEX=TOTAL"
2021,431649,Vespella de Gaià,Y019,19 anys,TOTAL,POP,0,,"https://api.idescat.cat/taules/v2/censph/10/5975/mun/data?lang=ca&YEAR=2021&MUN=430120,430430,430477,430509,430957,430976,431009,431037,431093,431114,431227,431264,431310,431359,431444,431482,431536,431649,431665,431711,439057,439076&SEX=TOTAL"
2021,431649,Vespella de Gaià,Y020,20 anys,TOTAL,POP,4,,"https://api.idescat.cat/taules/v2/censph/10/5975/mun/data?lang=ca&YEAR=2021&MUN=430120,430430,430477,430509,430957,430976,431009,431037,431093,431114,431227,431264,431310,431359,431444,431482,431536,431649,431665,431711,439057,439076&SEX=TOTAL"
2021,431649,Vespella de Gaià,Y021,21 anys,TOTAL,POP,2,,"https://api.idescat.cat/taules/v2/censph/10/5975/mun/data?lang=ca&YEAR=2021&MUN=430120,430430,430477,430509,430957,430976,431009,431037,431093,431114,431227,431264,431310,431359,431444,431482,431536,431649,431665,431711,439057,439076&SEX=TOTAL"
2021,431649,Vespella de Gaià,Y022,22 anys,TOTAL,POP,4,,"https://api.idescat.cat/taules/v2/censph/10/5975/mun/data?lang=ca&YEAR=2021&MUN=430120,430430,430477,430509,430957,430976,431009,431037,431093,431114,431227,431264,431310,431359,431444,431482,431536,431649,431665,431711,439057,439076&SEX=TOTAL"
2021,431649,Vespella de Gaià,Y023,23 anys,TOTAL,POP,3,,"https://api.idescat.cat/taules/v2/censph/10/5975/mun/data?lang=ca&YEAR=2021&MUN=430120,430430,430477,430509,430957,430976,431009,431037,431093,431114,431227,431264,431310,431359,431444,431482,431536,431649,431665,431711,439057,439076&SEX=TOTAL"
2021,431649,Vespella de Gaià,Y024,24 anys,TOTAL,POP,3,,"https://api.idescat.cat/taules/v2/censph/10/5975/mun/data?lang=ca&YEAR=2021&MUN=430120,430430,430477,430509,430957,430976,431009,431037,431093,431114,431227,431264,431310,431359,431444,431482,431536,431649,431665,431711,439057,439076&SEX=TOTAL"
2021,431649,Vespella de Gaià,Y025,25 anys,TOTAL,POP,0,,"https://api.idescat.cat/taules/v2/censph/10/5975/mun/data?lang=ca&YEAR=2021&MUN=430120,430430,430477,430509,430957,430976,431009,431037,431093,431114,431227,431264,431310,431359,431444,431482,431536,431649,431665,431711,439057,439076&SEX=TOTAL"
2021,431649,Vespella de Gaià,Y026,26 anys,TOTAL,POP,5,,"https://api.idescat.cat/taules/v2/censph/10/5975/mun/data?lang=ca&YEAR=2021&MUN=430120,430430,430477,430509,430957,430976,431009,431037,431093,431114,431227,431264,431310,431359,431444,431482,431536,431649,431665,431711,439057,439076&SEX=TOTAL"
2021,431649,Vespella de Gaià,Y027,27 anys,TOTAL,POP,1,,"https://api.idescat.cat/taules/v2/censph/10/5975/mun/data?lang=ca&YEAR=2021&MUN=430120,430430,430477,430509,430957,430976,431009,431037,431093,431114,431227,431264,431310,431359,431444,431482,431536,431649,431665,431711,439057,439076&SEX=TOTAL"
2021,431649,Vespella de Gaià,Y028,28 anys,TOTAL,POP,2,,"https://api.idescat.cat/taules/v2/censph/10/5975/mun/data?lang=ca&YEAR=2021&MUN=430120,430430,430477,430509,430957,430976,431009,431037,431093,431114,431227,431264,431310,431359,431444,431482,431536,431649,431665,431711,439057,439076&SEX=TOTAL"
2021,431649,Vespella de Gaià,Y029,29 anys,TOTAL,POP,1,,"https://api.idescat.cat/taules/v2/censph/10/5975/mun/data?lang=ca&YEAR=2021&MUN=430120,430430,430477,430509,430957,430976,431009,431037,431093,431114,431227,431264,431310,431359,431444,431482,431536,431649,431665,431711,439057,439076&SEX=TOTAL"
2021,431649,Vespella de Gaià,Y030,30 anys,TOTAL,POP,5,,"https://api.idescat.cat/taules/v2/censph/10/5975/mun/data?lang=ca&YEAR=2021&MUN=430120,430430,430477,430509,430957,430976,431009,431037,431093,431114,431227,431264,431310,431359,431444,431482,431536,431649,431665,431711,439057,439076&SEX=TOTAL"
2021,431649,Vespella de Gaià,Y031,31 anys,TOTAL,POP,4,,"https://api.idescat.cat/taules/v2/censph/10/5975/mun/data?lang=ca&YEAR=2021&MUN=430120,430430,430477,430509,430957,430976,431009,431037,431093,431114,431227,431264,431310,431359,431444,431482,431536,431649,431665,431711,439057,439076&SEX=TOTAL"
2021,431649,Vespella de Gaià,Y032,32 anys,TOTAL,POP,2,,"https://api.idescat.cat/taules/v2/censph/10/5975/mun/data?lang=ca&YEAR=2021&MUN=430120,430430,430477,430509,430957,430976,431009,431037,431093,431114,431227,431264,431310,431359,431444,431482,431536,431649,431665,431711,439057,439076&SEX=TOTAL"
2021,431649,Vespella de Gaià,Y033,33 anys,TOTAL,POP,9,,"https://api.idescat.cat/taules/v2/censph/10/5975/mun/data?lang=ca&YEAR=2021&MUN=430120,430430,430477,430509,430957,430976,431009,431037,431093,431114,431227,431264,431310,431359,431444,431482,431536,431649,431665,431711,439057,439076&SEX=TOTAL"
2021,431649,Vespella de Gaià,Y034,34 anys,TOTAL,POP,5,,"https://api.idescat.cat/taules/v2/censph/10/5975/mun/data?lang=ca&YEAR=2021&MUN=430120,430430,430477,430509,430957,430976,431009,431037,431093,431114,431227,431264,431310,431359,431444,431482,431536,431649,431665,431711,439057,439076&SEX=TOTAL"
2021,431649,Vespella de Gaià,Y035,35 anys,TOTAL,POP,5,,"https://api.idescat.cat/taules/v2/censph/10/5975/mun/data?lang=ca&YEAR=2021&MUN=430120,430430,430477,430509,430957,430976,431009,431037,431093,431114,431227,431264,431310,431359,431444,431482,431536,431649,431665,431711,439057,439076&SEX=TOTAL"
2021,431649,Vespella de Gaià,Y036,36 anys,TOTAL,POP,6,,"https://api.idescat.cat/taules/v2/censph/10/5975/mun/data?lang=ca&YEAR=2021&MUN=430120,430430,430477,430509,430957,430976,431009,431037,431093,431114,431227,431264,431310,431359,431444,431482,431536,431649,431665,431711,439057,439076&SEX=TOTAL"
2021,431649,Vespella de Gaià,Y037,37 anys,TOTAL,POP,6,,"https://api.idescat.cat/taules/v2/censph/10/5975/mun/data?lang=ca&YEAR=2021&MUN=430120,430430,430477,430509,430957,430976,431009,431037,431093,431114,431227,431264,431310,431359,431444,431482,431536,431649,431665,431711,439057,439076&SEX=TOTAL"
2021,431649,Vespella de Gaià,Y038,38 anys,TOTAL,POP,6,,"https://api.idescat.cat/taules/v2/censph/10/5975/mun/data?lang=ca&YEAR=2021&MUN=430120,430430,430477,430509,430957,430976,431009,431037,431093,431114,431227,431264,431310,431359,431444,431482,431536,431649,431665,431711,439057,439076&SEX=TOTAL"
2021,431649,Vespella de Gaià,Y039,39 anys,TOTAL,POP,8,,"https://api.idescat.cat/taules/v2/censph/10/5975/mun/data?lang=ca&YEAR=2021&MUN=430120,430430,430477,430509,430957,430976,431009,431037,431093,431114,431227,431264,431310,431359,431444,431482,431536,431649,431665,431711,439057,439076&SEX=TOTAL"
2021,431649,Vespella de Gaià,Y040,40 anys,TOTAL,POP,9,,"https://api.idescat.cat/taules/v2/censph/10/5975/mun/data?lang=ca&YEAR=2021&MUN=430120,430430,430477,430509,430957,430976,431009,431037,431093,431114,431227,431264,431310,431359,431444,431482,431536,431649,431665,431711,439057,439076&SEX=TOTAL"
2021,431649,Vespella de Gaià,Y041,41 anys,TOTAL,POP,9,,"https://api.idescat.cat/taules/v2/censph/10/5975/mun/data?lang=ca&YEAR=2021&MUN=430120,430430,430477,430509,430957,430976,431009,431037,431093,431114,431227,431264,431310,431359,431444,431482,431536,431649,431665,431711,439057,439076&SEX=TOTAL"
2021,431649,Vespella de Gaià,Y042,42 anys,TOTAL,POP,9,,"https://api.idescat.cat/taules/v2/censph/10/5975/mun/data?lang=ca&YEAR=2021&MUN=430120,430430,430477,430509,430957,430976,431009,431037,431093,431114,431227,431264,431310,431359,431444,431482,431536,431649,431665,431711,439057,439076&SEX=TOTAL"
2021,431649,Vespella de Gaià,Y043,43 anys,TOTAL,POP,9,,"https://api.idescat.cat/taules/v2/censph/10/5975/mun/data?lang=ca&YEAR=2021&MUN=430120,430430,430477,430509,430957,430976,431009,431037,431093,431114,431227,431264,431310,431359,431444,431482,431536,431649,431665,431711,439057,439076&SEX=TOTAL"
2021,431649,Vespella de Gaià,Y044,44 anys,TOTAL,POP,4,,"https://api.idescat.cat/taules/v2/censph/10/5975/mun/data?lang=ca&YEAR=2021&MUN=430120,430430,430477,430509,430957,430976,431009,431037,431093,431114,431227,431264,431310,431359,431444,431482,431536,431649,431665,431711,439057,439076&SEX=TOTAL"
2021,431649,Vespella de Gaià,Y045,45 anys,TOTAL,POP,8,,"https://api.idescat.cat/taules/v2/censph/10/5975/mun/data?lang=ca&YEAR=2021&MUN=430120,430430,430477,430509,430957,430976,431009,431037,431093,431114,431227,431264,431310,431359,431444,431482,431536,431649,431665,431711,439057,439076&SEX=TOTAL"
2021,431649,Vespella de Gaià,Y046,46 anys,TOTAL,POP,13,,"https://api.idescat.cat/taules/v2/censph/10/5975/mun/data?lang=ca&YEAR=2021&MUN=430120,430430,430477,430509,430957,430976,431009,431037,431093,431114,431227,431264,431310,431359,431444,431482,431536,431649,431665,431711,439057,439076&SEX=TOTAL"
2021,431649,Vespella de Gaià,Y047,47 anys,TOTAL,POP,6,,"https://api.idescat.cat/taules/v2/censph/10/5975/mun/data?lang=ca&YEAR=2021&MUN=430120,430430,430477,430509,430957,430976,431009,431037,431093,431114,431227,431264,431310,431359,431444,431482,431536,431649,431665,431711,439057,439076&SEX=TOTAL"
2021,431649,Vespella de Gaià,Y048,48 anys,TOTAL,POP,6,,"https://api.idescat.cat/taules/v2/censph/10/5975/mun/data?lang=ca&YEAR=2021&MUN=430120,430430,430477,430509,430957,430976,431009,431037,431093,431114,431227,431264,431310,431359,431444,431482,431536,431649,431665,431711,439057,439076&SEX=TOTAL"
2021,431649,Vespella de Gaià,Y049,49 anys,TOTAL,POP,7,,"https://api.idescat.cat/taules/v2/censph/10/5975/mun/data?lang=ca&YEAR=2021&MUN=430120,430430,430477,430509,430957,430976,431009,431037,431093,431114,431227,431264,431310,431359,431444,431482,431536,431649,431665,431711,439057,439076&SEX=TOTAL"
2021,431649,Vespella de Gaià,Y050,50 anys,TOTAL,POP,9,,"https://api.idescat.cat/taules/v2/censph/10/5975/mun/data?lang=ca&YEAR=2021&MUN=430120,430430,430477,430509,430957,430976,431009,431037,431093,431114,431227,431264,431310,431359,431444,431482,431536,431649,431665,431711,439057,439076&SEX=TOTAL"
2021,431649,Vespella de Gaià,Y051,51 anys,TOTAL,POP,11,,"https://api.idescat.cat/taules/v2/censph/10/5975/mun/data?lang=ca&YEAR=2021&MUN=430120,430430,430477,430509,430957,430976,431009,431037,431093,431114,431227,431264,431310,431359,431444,431482,431536,431649,431665,431711,439057,439076&SEX=TOTAL"
2021,431649,Vespella de Gaià,Y052,52 anys,TOTAL,POP,6,,"https://api.idescat.cat/taules/v2/censph/10/5975/mun/data?lang=ca&YEAR=2021&MUN=430120,430430,430477,430509,430957,430976,431009,431037,431093,431114,431227,431264,431310,431359,431444,431482,431536,431649,431665,431711,439057,439076&SEX=TOTAL"
2021,431649,Vespella de Gaià,Y053,53 anys,TOTAL,POP,6,,"https://api.idescat.cat/taules/v2/censph/10/5975/mun/data?lang=ca&YEAR=2021&MUN=430120,430430,430477,430509,430957,430976,431009,431037,431093,431114,431227,431264,431310,431359,431444,431482,431536,431649,431665,431711,439057,439076&SEX=TOTAL"
2021,431649,Vespella de Gaià,Y054,54 anys,TOTAL,POP,9,,"https://api.idescat.cat/taules/v2/censph/10/5975/mun/data?lang=ca&YEAR=2021&MUN=430120,430430,430477,430509,430957,430976,431009,431037,431093,431114,431227,431264,431310,431359,431444,431482,431536,431649,431665,431711,439057,439076&SEX=TOTAL"
2021,431649,Vespella de Gaià,Y055,55 anys,TOTAL,POP,3,,"https://api.idescat.cat/taules/v2/censph/10/5975/mun/data?lang=ca&YEAR=2021&MUN=430120,430430,430477,430509,430957,430976,431009,431037,431093,431114,431227,431264,431310,431359,431444,431482,431536,431649,431665,431711,439057,439076&SEX=TOTAL"
2021,431649,Vespella de Gaià,Y056,56 anys,TOTAL,POP,7,,"https://api.idescat.cat/taules/v2/censph/10/5975/mun/data?lang=ca&YEAR=2021&MUN=430120,430430,430477,430509,430957,430976,431009,431037,431093,431114,431227,431264,431310,431359,431444,431482,431536,431649,431665,431711,439057,439076&SEX=TOTAL"
2021,431649,Vespella de Gaià,Y057,57 anys,TOTAL,POP,6,,"https://api.idescat.cat/taules/v2/censph/10/5975/mun/data?lang=ca&YEAR=2021&MUN=430120,430430,430477,430509,430957,430976,431009,431037,431093,431114,431227,431264,431310,431359,431444,431482,431536,431649,431665,431711,439057,439076&SEX=TOTAL"
2021,431649,Vespella de Gaià,Y058,58 anys,TOTAL,POP,9,,"https://api.idescat.cat/taules/v2/censph/10/5975/mun/data?lang=ca&YEAR=2021&MUN=430120,430430,430477,430509,430957,430976,431009,431037,431093,431114,431227,431264,431310,431359,431444,431482,431536,431649,431665,431711,439057,439076&SEX=TOTAL"
2021,431649,Vespella de Gaià,Y059,59 anys,TOTAL,POP,5,,"https://api.idescat.cat/taules/v2/censph/10/5975/mun/data?lang=ca&YEAR=2021&MUN=430120,430430,430477,430509,430957,430976,431009,431037,431093,431114,431227,431264,431310,431359,431444,431482,431536,431649,431665,431711,439057,439076&SEX=TOTAL"
2021,431649,Vespella de Gaià,Y060,60 anys,TOTAL,POP,4,,"https://api.idescat.cat/taules/v2/censph/10/5975/mun/data?lang=ca&YEAR=2021&MUN=430120,430430,430477,430509,430957,430976,431009,431037,431093,431114,431227,431264,431310,431359,431444,431482,431536,431649,431665,431711,439057,439076&SEX=TOTAL"
2021,431649,Vespella de Gaià,Y061,61 anys,TOTAL,POP,9,,"https://api.idescat.cat/taules/v2/censph/10/5975/mun/data?lang=ca&YEAR=2021&MUN=430120,430430,430477,430509,430957,430976,431009,431037,431093,431114,431227,431264,431310,431359,431444,431482,431536,431649,431665,431711,439057,439076&SEX=TOTAL"
2021,431649,Vespella de Gaià,Y062,62 anys,TOTAL,POP,10.0,,"https://api.idescat.cat/taules/v2/censph/10/5975/mun/data?lang=ca&YEAR=2021&MUN=430120,430430,430477,430509,430957,430976,431009,431037,431093,431114,431227,431264,431310,431359,431444,431482,431536,431649,431665,431711,439057,439076&SEX=TOTAL"
2021,431649,Vespella de Gaià,Y063,63 anys,TOTAL,POP,6,,"https://api.idescat.cat/taules/v2/censph/10/5975/mun/data?lang=ca&YEAR=2021&MUN=430120,430430,430477,430509,430957,430976,431009,431037,431093,431114,431227,431264,431310,431359,431444,431482,431536,431649,431665,431711,439057,439076&SEX=TOTAL"
2021,431649,Vespella de Gaià,Y064,64 anys,TOTAL,POP,8,,"https://api.idescat.cat/taules/v2/censph/10/5975/mun/data?lang=ca&YEAR=2021&MUN=430120,430430,430477,430509,430957,430976,431009,431037,431093,431114,431227,431264,431310,431359,431444,431482,431536,431649,431665,431711,439057,439076&SEX=TOTAL"
2021,431649,Vespella de Gaià,Y065,65 anys,TOTAL,POP,8,,"https://api.idescat.cat/taules/v2/censph/10/5975/mun/data?lang=ca&YEAR=2021&MUN=430120,430430,430477,430509,430957,430976,431009,431037,431093,431114,431227,431264,431310,431359,431444,431482,431536,431649,431665,431711,439057,439076&SEX=TOTAL"
2021,431649,Vespella de Gaià,Y066,66 anys,TOTAL,POP,9,,"https://api.idescat.cat/taules/v2/censph/10/5975/mun/data?lang=ca&YEAR=2021&MUN=430120,430430,430477,430509,430957,430976,431009,431037,431093,431114,431227,431264,431310,431359,431444,431482,431536,431649,431665,431711,439057,439076&SEX=TOTAL"
2021,431649,Vespella de Gaià,Y067,67 anys,TOTAL,POP,6,,"https://api.idescat.cat/taules/v2/censph/10/5975/mun/data?lang=ca&YEAR=2021&MUN=430120,430430,430477,430509,430957,430976,431009,431037,431093,431114,431227,431264,431310,431359,431444,431482,431536,431649,431665,431711,439057,439076&SEX=TOTAL"
2021,431649,Vespella de Gaià,Y068,68 anys,TOTAL,POP,7,,"https://api.idescat.cat/taules/v2/censph/10/5975/mun/data?lang=ca&YEAR=2021&MUN=430120,430430,430477,430509,430957,430976,431009,431037,431093,431114,431227,431264,431310,431359,431444,431482,431536,431649,431665,431711,439057,439076&SEX=TOTAL"
2021,431649,Vespella de Gaià,Y069,69 anys,TOTAL,POP,5,,"https://api.idescat.cat/taules/v2/censph/10/5975/mun/data?lang=ca&YEAR=2021&MUN=430120,430430,430477,430509,430957,430976,431009,431037,431093,431114,431227,431264,431310,431359,431444,431482,431536,431649,431665,431711,439057,439076&SEX=TOTAL"
2021,431649,Vespella de Gaià,Y070,70 anys,TOTAL,POP,8,,"https://api.idescat.cat/taules/v2/censph/10/5975/mun/data?lang=ca&YEAR=2021&MUN=430120,430430,430477,430509,430957,430976,431009,431037,431093,431114,431227,431264,431310,431359,431444,431482,431536,431649,431665,431711,439057,439076&SEX=TOTAL"
2021,431649,Vespella de Gaià,Y071,71 anys,TOTAL,POP,5,,"https://api.idescat.cat/taules/v2/censph/10/5975/mun/data?lang=ca&YEAR=2021&MUN=430120,430430,430477,430509,430957,430976,431009,431037,431093,431114,431227,431264,431310,431359,431444,431482,431536,431649,431665,431711,439057,439076&SEX=TOTAL"
2021,431649,Vespella de Gaià,Y072,72 anys,TOTAL,POP,11,,"https://api.idescat.cat/taules/v2/censph/10/5975/mun/data?lang=ca&YEAR=2021&MUN=430120,430430,430477,430509,430957,430976,431009,431037,431093,431114,431227,431264,431310,431359,431444,431482,431536,431649,431665,431711,439057,439076&SEX=TOTAL"
2021,431649,Vespella de Gaià,Y073,73 anys,TOTAL,POP,6,,"https://api.idescat.cat/taules/v2/censph/10/5975/mun/data?lang=ca&YEAR=2021&MUN=430120,430430,430477,430509,430957,430976,431009,431037,431093,431114,431227,431264,431310,431359,431444,431482,431536,431649,431665,431711,439057,439076&SEX=TOTAL"
2021,431649,Vespella de Gaià,Y074,74 anys,TOTAL,POP,4,,"https://api.idescat.cat/taules/v2/censph/10/5975/mun/data?lang=ca&YEAR=2021&MUN=430120,430430,430477,430509,430957,430976,431009,431037,431093,431114,431227,431264,431310,431359,431444,431482,431536,431649,431665,431711,439057,439076&SEX=TOTAL"
2021,431649,Vespella de Gaià,Y075,75 anys,TOTAL,POP,4,,"https://api.idescat.cat/taules/v2/censph/10/5975/mun/data?lang=ca&YEAR=2021&MUN=430120,430430,430477,430509,430957,430976,431009,431037,431093,431114,431227,431264,431310,431359,431444,431482,431536,431649,431665,431711,439057,439076&SEX=TOTAL"
2021,431649,Vespella de Gaià,Y076,76 anys,TOTAL,POP,5,,"https://api.idescat.cat/taules/v2/censph/10/5975/mun/data?lang=ca&YEAR=2021&MUN=430120,430430,430477,430509,430957,430976,431009,431037,431093,431114,431227,431264,431310,431359,431444,431482,431536,431649,431665,431711,439057,439076&SEX=TOTAL"
2021,431649,Vespella de Gaià,Y077,77 anys,TOTAL,POP,1,,"https://api.idescat.cat/taules/v2/censph/10/5975/mun/data?lang=ca&YEAR=2021&MUN=430120,430430,430477,430509,430957,430976,431009,431037,431093,431114,431227,431264,431310,431359,431444,431482,431536,431649,431665,431711,439057,439076&SEX=TOTAL"
2021,431649,Vespella de Gaià,Y078,78 anys,TOTAL,POP,2,,"https://api.idescat.cat/taules/v2/censph/10/5975/mun/data?lang=ca&YEAR=2021&MUN=430120,430430,430477,430509,430957,430976,431009,431037,431093,431114,431227,431264,431310,431359,431444,431482,431536,431649,431665,431711,439057,439076&SEX=TOTAL"
2021,431649,Vespella de Gaià,Y079,79 anys,TOTAL,POP,4,,"https://api.idescat.cat/taules/v2/censph/10/5975/mun/data?lang=ca&YEAR=2021&MUN=430120,430430,430477,430509,430957,430976,431009,431037,431093,431114,431227,431264,431310,431359,431444,431482,431536,431649,431665,431711,439057,439076&SEX=TOTAL"
2021,431649,Vespella de Gaià,Y080,80 anys,TOTAL,POP,1,,"https://api.idescat.cat/taules/v2/censph/10/5975/mun/data?lang=ca&YEAR=2021&MUN=430120,430430,430477,430509,430957,430976,431009,431037,431093,431114,431227,431264,431310,431359,431444,431482,431536,431649,431665,431711,439057,439076&SEX=TOTAL"
2021,431649,Vespella de Gaià,Y081,81 anys,TOTAL,POP,0,,"https://api.idescat.cat/taules/v2/censph/10/5975/mun/data?lang=ca&YEAR=2021&MUN=430120,430430,430477,430509,430957,430976,431009,431037,431093,431114,431227,431264,431310,431359,431444,431482,431536,431649,431665,431711,439057,439076&SEX=TOTAL"
2021,431649,Vespella de Gaià,Y082,82 anys,TOTAL,POP,2,,"https://api.idescat.cat/taules/v2/censph/10/5975/mun/data?lang=ca&YEAR=2021&MUN=430120,430430,430477,430509,430957,430976,431009,431037,431093,431114,431227,431264,431310,431359,431444,431482,431536,431649,431665,431711,439057,439076&SEX=TOTAL"
2021,431649,Vespella de Gaià,Y083,83 anys,TOTAL,POP,2,,"https://api.idescat.cat/taules/v2/censph/10/5975/mun/data?lang=ca&YEAR=2021&MUN=430120,430430,430477,430509,430957,430976,431009,431037,431093,431114,431227,431264,431310,431359,431444,431482,431536,431649,431665,431711,439057,439076&SEX=TOTAL"
2021,431649,Vespella de Gaià,Y084,84 anys,TOTAL,POP,2,,"https://api.idescat.cat/taules/v2/censph/10/5975/mun/data?lang=ca&YEAR=2021&MUN=430120,430430,430477,430509,430957,430976,431009,431037,431093,431114,431227,431264,431310,431359,431444,431482,431536,431649,431665,431711,439057,439076&SEX=TOTAL"
2021,431649,Vespella de Gaià,Y085,85 anys,TOTAL,POP,4,,"https://api.idescat.cat/taules/v2/censph/10/5975/mun/data?lang=ca&YEAR=2021&MUN=430120,430430,430477,430509,430957,430976,431009,431037,431093,431114,431227,431264,431310,431359,431444,431482,431536,431649,431665,431711,439057,439076&SEX=TOTAL"
2021,431649,Vespella de Gaià,Y086,86 anys,TOTAL,POP,2,,"https://api.idescat.cat/taules/v2/censph/10/5975/mun/data?lang=ca&YEAR=2021&MUN=430120,430430,430477,430509,430957,430976,431009,431037,431093,431114,431227,431264,431310,431359,431444,431482,431536,431649,431665,431711,439057,439076&SEX=TOTAL"
2021,431649,Vespella de Gaià,Y087,87 anys,TOTAL,POP,2,,"https://api.idescat.cat/taules/v2/censph/10/5975/mun/data?lang=ca&YEAR=2021&MUN=430120,430430,430477,430509,430957,430976,431009,431037,431093,431114,431227,431264,431310,431359,431444,431482,431536,431649,431665,431711,439057,439076&SEX=TOTAL"
2021,431649,Vespella de Gaià,Y088,88 anys,TOTAL,POP,1,,"https://api.idescat.cat/taules/v2/censph/10/5975/mun/data?lang=ca&YEAR=2021&MUN=430120,430430,430477,430509,430957,430976,431009,431037,431093,431114,431227,431264,431310,431359,431444,431482,431536,431649,431665,431711,439057,439076&SEX=TOTAL"
2021,431649,Vespella de Gaià,Y089,89 anys,TOTAL,POP,2,,"https://api.idescat.cat/taules/v2/censph/10/5975/mun/data?lang=ca&YEAR=2021&MUN=430120,430430,430477,430509,430957,430976,431009,431037,431093,431114,431227,431264,431310,431359,431444,431482,431536,431649,431665,431711,439057,439076&SEX=TOTAL"
2021,431649,Vespella de Gaià,Y090,90 anys,TOTAL,POP,1,,"https://api.idescat.cat/taules/v2/censph/10/5975/mun/data?lang=ca&YEAR=2021&MUN=430120,430430,430477,430509,430957,430976,431009,431037,431093,431114,431227,431264,431310,431359,431444,431482,431536,431649,431665,431711,439057,439076&SEX=TOTAL"
2021,431649,Vespella de Gaià,Y091,91 anys,TOTAL,POP,0,,"https://api.idescat.cat/taules/v2/censph/10/5975/mun/data?lang=ca&YEAR=2021&MUN=430120,430430,430477,430509,430957,430976,431009,431037,431093,431114,431227,431264,431310,431359,431444,431482,431536,431649,431665,431711,439057,439076&SEX=TOTAL"
2021,431649,Vespella de Gaià,Y092,92 anys,TOTAL,POP,0,,"https://api.idescat.cat/taules/v2/censph/10/5975/mun/data?lang=ca&YEAR=2021&MUN=430120,430430,430477,430509,430957,430976,431009,431037,431093,431114,431227,431264,431310,431359,431444,431482,431536,431649,431665,431711,439057,439076&SEX=TOTAL"
2021,431649,Vespella de Gaià,Y093,93 anys,TOTAL,POP,0,,"https://api.idescat.cat/taules/v2/censph/10/5975/mun/data?lang=ca&YEAR=2021&MUN=430120,430430,430477,430509,430957,430976,431009,431037,431093,431114,431227,431264,431310,431359,431444,431482,431536,431649,431665,431711,439057,439076&SEX=TOTAL"
2021,431649,Vespella de Gaià,Y094,94 anys,TOTAL,POP,1,,"https://api.idescat.cat/taules/v2/censph/10/5975/mun/data?lang=ca&YEAR=2021&MUN=430120,430430,430477,430509,430957,430976,431009,431037,431093,431114,431227,431264,431310,431359,431444,431482,431536,431649,431665,431711,439057,439076&SEX=TOTAL"
2021,431649,Vespella de Gaià,Y095,95 anys,TOTAL,POP,0,,"https://api.idescat.cat/taules/v2/censph/10/5975/mun/data?lang=ca&YEAR=2021&MUN=430120,430430,430477,430509,430957,430976,431009,431037,431093,431114,431227,431264,431310,431359,431444,431482,431536,431649,431665,431711,439057,439076&SEX=TOTAL"
2021,431649,Vespella de Gaià,Y096,96 anys,TOTAL,POP,0,,"https://api.idescat.cat/taules/v2/censph/10/5975/mun/data?lang=ca&YEAR=2021&MUN=430120,430430,430477,430509,430957,430976,431009,431037,431093,431114,431227,431264,431310,431359,431444,431482,431536,431649,431665,431711,439057,439076&SEX=TOTAL"
2021,431649,Vespella de Gaià,Y097,97 anys,TOTAL,POP,0,,"https://api.idescat.cat/taules/v2/censph/10/5975/mun/data?lang=ca&YEAR=2021&MUN=430120,430430,430477,430509,430957,430976,431009,431037,431093,431114,431227,431264,431310,431359,431444,431482,431536,431649,431665,431711,439057,439076&SEX=TOTAL"
2021,431649,Vespella de Gaià,Y098,98 anys,TOTAL,POP,0,,"https://api.idescat.cat/taules/v2/censph/10/5975/mun/data?lang=ca&YEAR=2021&MUN=430120,430430,430477,430509,430957,430976,431009,431037,431093,431114,431227,431264,431310,431359,431444,431482,431536,431649,431665,431711,439057,439076&SEX=TOTAL"
2021,431649,Vespella de Gaià,Y099,99 anys,TOTAL,POP,0,,"https://api.idescat.cat/taules/v2/censph/10/5975/mun/data?lang=ca&YEAR=2021&MUN=430120,430430,430477,430509,430957,430976,431009,431037,431093,431114,431227,431264,431310,431359,431444,431482,431536,431649,431665,431711,439057,439076&SEX=TOTAL"
2021,431649,Vespella de Gaià,Y_GE100,100 anys o més,TOTAL,POP,0,,"https://api.idescat.cat/taules/v2/censph/10/5975/mun/data?lang=ca&YEAR=2021&MUN=430120,430430,430477,430509,430957,430976,431009,431037,431093,431114,431227,431264,431310,431359,431444,431482,431536,431649,431665,431711,439057,439076&SEX=TOTAL"
2021,431649,Vespella de Gaià,TOTAL,total,TOTAL,POP,459,,"https://api.idescat.cat/taules/v2/censph/10/5975/mun/data?lang=ca&YEAR=2021&MUN=430120,430430,430477,430509,430957,430976,431009,431037,431093,431114,431227,431264,431310,431359,431444,431482,431536,431649,431665,431711,439057,439076&SEX=TOTAL"
2021,431665,Vilallonga del Camp,Y000,0 anys,TOTAL,POP,24,,"https://api.idescat.cat/taules/v2/censph/10/5975/mun/data?lang=ca&YEAR=2021&MUN=430120,430430,430477,430509,430957,430976,431009,431037,431093,431114,431227,431264,431310,431359,431444,431482,431536,431649,431665,431711,439057,439076&SEX=TOTAL"
2021,431665,Vilallonga del Camp,Y001,1 any,TOTAL,POP,28,,"https://api.idescat.cat/taules/v2/censph/10/5975/mun/data?lang=ca&YEAR=2021&MUN=430120,430430,430477,430509,430957,430976,431009,431037,431093,431114,431227,431264,431310,431359,431444,431482,431536,431649,431665,431711,439057,439076&SEX=TOTAL"
2021,431665,Vilallonga del Camp,Y002,2 anys,TOTAL,POP,31,,"https://api.idescat.cat/taules/v2/censph/10/5975/mun/data?lang=ca&YEAR=2021&MUN=430120,430430,430477,430509,430957,430976,431009,431037,431093,431114,431227,431264,431310,431359,431444,431482,431536,431649,431665,431711,439057,439076&SEX=TOTAL"
2021,431665,Vilallonga del Camp,Y003,3 anys,TOTAL,POP,22,,"https://api.idescat.cat/taules/v2/censph/10/5975/mun/data?lang=ca&YEAR=2021&MUN=430120,430430,430477,430509,430957,430976,431009,431037,431093,431114,431227,431264,431310,431359,431444,431482,431536,431649,431665,431711,439057,439076&SEX=TOTAL"
2021,431665,Vilallonga del Camp,Y004,4 anys,TOTAL,POP,47,,"https://api.idescat.cat/taules/v2/censph/10/5975/mun/data?lang=ca&YEAR=2021&MUN=430120,430430,430477,430509,430957,430976,431009,431037,431093,431114,431227,431264,431310,431359,431444,431482,431536,431649,431665,431711,439057,439076&SEX=TOTAL"
2021,431665,Vilallonga del Camp,Y005,5 anys,TOTAL,POP,36,,"https://api.idescat.cat/taules/v2/censph/10/5975/mun/data?lang=ca&YEAR=2021&MUN=430120,430430,430477,430509,430957,430976,431009,431037,431093,431114,431227,431264,431310,431359,431444,431482,431536,431649,431665,431711,439057,439076&SEX=TOTAL"
2021,431665,Vilallonga del Camp,Y006,6 anys,TOTAL,POP,34,,"https://api.idescat.cat/taules/v2/censph/10/5975/mun/data?lang=ca&YEAR=2021&MUN=430120,430430,430477,430509,430957,430976,431009,431037,431093,431114,431227,431264,431310,431359,431444,431482,431536,431649,431665,431711,439057,439076&SEX=TOTAL"
2021,431665,Vilallonga del Camp,Y007,7 anys,TOTAL,POP,26,,"https://api.idescat.cat/taules/v2/censph/10/5975/mun/data?lang=ca&YEAR=2021&MUN=430120,430430,430477,430509,430957,430976,431009,431037,431093,431114,431227,431264,431310,431359,431444,431482,431536,431649,431665,431711,439057,439076&SEX=TOTAL"
2021,431665,Vilallonga del Camp,Y008,8 anys,TOTAL,POP,37,,"https://api.idescat.cat/taules/v2/censph/10/5975/mun/data?lang=ca&YEAR=2021&MUN=430120,430430,430477,430509,430957,430976,431009,431037,431093,431114,431227,431264,431310,431359,431444,431482,431536,431649,431665,431711,439057,439076&SEX=TOTAL"
2021,431665,Vilallonga del Camp,Y009,9 anys,TOTAL,POP,32,,"https://api.idescat.cat/taules/v2/censph/10/5975/mun/data?lang=ca&YEAR=2021&MUN=430120,430430,430477,430509,430957,430976,431009,431037,431093,431114,431227,431264,431310,431359,431444,431482,431536,431649,431665,431711,439057,439076&SEX=TOTAL"
2021,431665,Vilallonga del Camp,Y010,10 anys,TOTAL,POP,52,,"https://api.idescat.cat/taules/v2/censph/10/5975/mun/data?lang=ca&YEAR=2021&MUN=430120,430430,430477,430509,430957,430976,431009,431037,431093,431114,431227,431264,431310,431359,431444,431482,431536,431649,431665,431711,439057,439076&SEX=TOTAL"
2021,431665,Vilallonga del Camp,Y011,11 anys,TOTAL,POP,34,,"https://api.idescat.cat/taules/v2/censph/10/5975/mun/data?lang=ca&YEAR=2021&MUN=430120,430430,430477,430509,430957,430976,431009,431037,431093,431114,431227,431264,431310,431359,431444,431482,431536,431649,431665,431711,439057,439076&SEX=TOTAL"
2021,431665,Vilallonga del Camp,Y012,12 anys,TOTAL,POP,37,,"https://api.idescat.cat/taules/v2/censph/10/5975/mun/data?lang=ca&YEAR=2021&MUN=430120,430430,430477,430509,430957,430976,431009,431037,431093,431114,431227,431264,431310,431359,431444,431482,431536,431649,431665,431711,439057,439076&SEX=TOTAL"
2021,431665,Vilallonga del Camp,Y013,13 anys,TOTAL,POP,41,,"https://api.idescat.cat/taules/v2/censph/10/5975/mun/data?lang=ca&YEAR=2021&MUN=430120,430430,430477,430509,430957,430976,431009,431037,431093,431114,431227,431264,431310,431359,431444,431482,431536,431649,431665,431711,439057,439076&SEX=TOTAL"
2021,431665,Vilallonga del Camp,Y014,14 anys,TOTAL,POP,33,,"https://api.idescat.cat/taules/v2/censph/10/5975/mun/data?lang=ca&YEAR=2021&MUN=430120,430430,430477,430509,430957,430976,431009,431037,431093,431114,431227,431264,431310,431359,431444,431482,431536,431649,431665,431711,439057,439076&SEX=TOTAL"
2021,431665,Vilallonga del Camp,Y015,15 anys,TOTAL,POP,16,,"https://api.idescat.cat/taules/v2/censph/10/5975/mun/data?lang=ca&YEAR=2021&MUN=430120,430430,430477,430509,430957,430976,431009,431037,431093,431114,431227,431264,431310,431359,431444,431482,431536,431649,431665,431711,439057,439076&SEX=TOTAL"
2021,431665,Vilallonga del Camp,Y016,16 anys,TOTAL,POP,20.0,,"https://api.idescat.cat/taules/v2/censph/10/5975/mun/data?lang=ca&YEAR=2021&MUN=430120,430430,430477,430509,430957,430976,431009,431037,431093,431114,431227,431264,431310,431359,431444,431482,431536,431649,431665,431711,439057,439076&SEX=TOTAL"
2021,431665,Vilallonga del Camp,Y017,17 anys,TOTAL,POP,23,,"https://api.idescat.cat/taules/v2/censph/10/5975/mun/data?lang=ca&YEAR=2021&MUN=430120,430430,430477,430509,430957,430976,431009,431037,431093,431114,431227,431264,431310,431359,431444,431482,431536,431649,431665,431711,439057,439076&SEX=TOTAL"
2021,431665,Vilallonga del Camp,Y018,18 anys,TOTAL,POP,25,,"https://api.idescat.cat/taules/v2/censph/10/5975/mun/data?lang=ca&YEAR=2021&MUN=430120,430430,430477,430509,430957,430976,431009,431037,431093,431114,431227,431264,431310,431359,431444,431482,431536,431649,431665,431711,439057,439076&SEX=TOTAL"
2021,431665,Vilallonga del Camp,Y019,19 anys,TOTAL,POP,14,,"https://api.idescat.cat/taules/v2/censph/10/5975/mun/data?lang=ca&YEAR=2021&MUN=430120,430430,430477,430509,430957,430976,431009,431037,431093,431114,431227,431264,431310,431359,431444,431482,431536,431649,431665,431711,439057,439076&SEX=TOTAL"
2021,431665,Vilallonga del Camp,Y020,20 anys,TOTAL,POP,18,,"https://api.idescat.cat/taules/v2/censph/10/5975/mun/data?lang=ca&YEAR=2021&MUN=430120,430430,430477,430509,430957,430976,431009,431037,431093,431114,431227,431264,431310,431359,431444,431482,431536,431649,431665,431711,439057,439076&SEX=TOTAL"
2021,431665,Vilallonga del Camp,Y021,21 anys,TOTAL,POP,19,,"https://api.idescat.cat/taules/v2/censph/10/5975/mun/data?lang=ca&YEAR=2021&MUN=430120,430430,430477,430509,430957,430976,431009,431037,431093,431114,431227,431264,431310,431359,431444,431482,431536,431649,431665,431711,439057,439076&SEX=TOTAL"
2021,431665,Vilallonga del Camp,Y022,22 anys,TOTAL,POP,13,,"https://api.idescat.cat/taules/v2/censph/10/5975/mun/data?lang=ca&YEAR=2021&MUN=430120,430430,430477,430509,430957,430976,431009,431037,431093,431114,431227,431264,431310,431359,431444,431482,431536,431649,431665,431711,439057,439076&SEX=TOTAL"
2021,431665,Vilallonga del Camp,Y023,23 anys,TOTAL,POP,21,,"https://api.idescat.cat/taules/v2/censph/10/5975/mun/data?lang=ca&YEAR=2021&MUN=430120,430430,430477,430509,430957,430976,431009,431037,431093,431114,431227,431264,431310,431359,431444,431482,431536,431649,431665,431711,439057,439076&SEX=TOTAL"
2021,431665,Vilallonga del Camp,Y024,24 anys,TOTAL,POP,27,,"https://api.idescat.cat/taules/v2/censph/10/5975/mun/data?lang=ca&YEAR=2021&MUN=430120,430430,430477,430509,430957,430976,431009,431037,431093,431114,431227,431264,431310,431359,431444,431482,431536,431649,431665,431711,439057,439076&SEX=TOTAL"
2021,431665,Vilallonga del Camp,Y025,25 anys,TOTAL,POP,21,,"https://api.idescat.cat/taules/v2/censph/10/5975/mun/data?lang=ca&YEAR=2021&MUN=430120,430430,430477,430509,430957,430976,431009,431037,431093,431114,431227,431264,431310,431359,431444,431482,431536,431649,431665,431711,439057,439076&SEX=TOTAL"
2021,431665,Vilallonga del Camp,Y026,26 anys,TOTAL,POP,18,,"https://api.idescat.cat/taules/v2/censph/10/5975/mun/data?lang=ca&YEAR=2021&MUN=430120,430430,430477,430509,430957,430976,431009,431037,431093,431114,431227,431264,431310,431359,431444,431482,431536,431649,431665,431711,439057,439076&SEX=TOTAL"
2021,431665,Vilallonga del Camp,Y027,27 anys,TOTAL,POP,25,,"https://api.idescat.cat/taules/v2/censph/10/5975/mun/data?lang=ca&YEAR=2021&MUN=430120,430430,430477,430509,430957,430976,431009,431037,431093,431114,431227,431264,431310,431359,431444,431482,431536,431649,431665,431711,439057,439076&SEX=TOTAL"
2021,431665,Vilallonga del Camp,Y028,28 anys,TOTAL,POP,28,,"https://api.idescat.cat/taules/v2/censph/10/5975/mun/data?lang=ca&YEAR=2021&MUN=430120,430430,430477,430509,430957,430976,431009,431037,431093,431114,431227,431264,431310,431359,431444,431482,431536,431649,431665,431711,439057,439076&SEX=TOTAL"
2021,431665,Vilallonga del Camp,Y029,29 anys,TOTAL,POP,25,,"https://api.idescat.cat/taules/v2/censph/10/5975/mun/data?lang=ca&YEAR=2021&MUN=430120,430430,430477,430509,430957,430976,431009,431037,431093,431114,431227,431264,431310,431359,431444,431482,431536,431649,431665,431711,439057,439076&SEX=TOTAL"
2021,431665,Vilallonga del Camp,Y030,30 anys,TOTAL,POP,21,,"https://api.idescat.cat/taules/v2/censph/10/5975/mun/data?lang=ca&YEAR=2021&MUN=430120,430430,430477,430509,430957,430976,431009,431037,431093,431114,431227,431264,431310,431359,431444,431482,431536,431649,431665,431711,439057,439076&SEX=TOTAL"
2021,431665,Vilallonga del Camp,Y031,31 anys,TOTAL,POP,30.0,,"https://api.idescat.cat/taules/v2/censph/10/5975/mun/data?lang=ca&YEAR=2021&MUN=430120,430430,430477,430509,430957,430976,431009,431037,431093,431114,431227,431264,431310,431359,431444,431482,431536,431649,431665,431711,439057,439076&SEX=TOTAL"
2021,431665,Vilallonga del Camp,Y032,32 anys,TOTAL,POP,30.0,,"https://api.idescat.cat/taules/v2/censph/10/5975/mun/data?lang=ca&YEAR=2021&MUN=430120,430430,430477,430509,430957,430976,431009,431037,431093,431114,431227,431264,431310,431359,431444,431482,431536,431649,431665,431711,439057,439076&SEX=TOTAL"
2021,431665,Vilallonga del Camp,Y033,33 anys,TOTAL,POP,28,,"https://api.idescat.cat/taules/v2/censph/10/5975/mun/data?lang=ca&YEAR=2021&MUN=430120,430430,430477,430509,430957,430976,431009,431037,431093,431114,431227,431264,431310,431359,431444,431482,431536,431649,431665,431711,439057,439076&SEX=TOTAL"
2021,431665,Vilallonga del Camp,Y034,34 anys,TOTAL,POP,43,,"https://api.idescat.cat/taules/v2/censph/10/5975/mun/data?lang=ca&YEAR=2021&MUN=430120,430430,430477,430509,430957,430976,431009,431037,431093,431114,431227,431264,431310,431359,431444,431482,431536,431649,431665,431711,439057,439076&SEX=TOTAL"
2021,431665,Vilallonga del Camp,Y035,35 anys,TOTAL,POP,44,,"https://api.idescat.cat/taules/v2/censph/10/5975/mun/data?lang=ca&YEAR=2021&MUN=430120,430430,430477,430509,430957,430976,431009,431037,431093,431114,431227,431264,431310,431359,431444,431482,431536,431649,431665,431711,439057,439076&SEX=TOTAL"
2021,431665,Vilallonga del Camp,Y036,36 anys,TOTAL,POP,39,,"https://api.idescat.cat/taules/v2/censph/10/5975/mun/data?lang=ca&YEAR=2021&MUN=430120,430430,430477,430509,430957,430976,431009,431037,431093,431114,431227,431264,431310,431359,431444,431482,431536,431649,431665,431711,439057,439076&SEX=TOTAL"
2021,431665,Vilallonga del Camp,Y037,37 anys,TOTAL,POP,42,,"https://api.idescat.cat/taules/v2/censph/10/5975/mun/data?lang=ca&YEAR=2021&MUN=430120,430430,430477,430509,430957,430976,431009,431037,431093,431114,431227,431264,431310,431359,431444,431482,431536,431649,431665,431711,439057,439076&SEX=TOTAL"
2021,431665,Vilallonga del Camp,Y038,38 anys,TOTAL,POP,51,,"https://api.idescat.cat/taules/v2/censph/10/5975/mun/data?lang=ca&YEAR=2021&MUN=430120,430430,430477,430509,430957,430976,431009,431037,431093,431114,431227,431264,431310,431359,431444,431482,431536,431649,431665,431711,439057,439076&SEX=TOTAL"
2021,431665,Vilallonga del Camp,Y039,39 anys,TOTAL,POP,47,,"https://api.idescat.cat/taules/v2/censph/10/5975/mun/data?lang=ca&YEAR=2021&MUN=430120,430430,430477,430509,430957,430976,431009,431037,431093,431114,431227,431264,431310,431359,431444,431482,431536,431649,431665,431711,439057,439076&SEX=TOTAL"
2021,431665,Vilallonga del Camp,Y040,40 anys,TOTAL,POP,57,,"https://api.idescat.cat/taules/v2/censph/10/5975/mun/data?lang=ca&YEAR=2021&MUN=430120,430430,430477,430509,430957,430976,431009,431037,431093,431114,431227,431264,431310,431359,431444,431482,431536,431649,431665,431711,439057,439076&SEX=TOTAL"
2021,431665,Vilallonga del Camp,Y041,41 anys,TOTAL,POP,42,,"https://api.idescat.cat/taules/v2/censph/10/5975/mun/data?lang=ca&YEAR=2021&MUN=430120,430430,430477,430509,430957,430976,431009,431037,431093,431114,431227,431264,431310,431359,431444,431482,431536,431649,431665,431711,439057,439076&SEX=TOTAL"
2021,431665,Vilallonga del Camp,Y042,42 anys,TOTAL,POP,59,,"https://api.idescat.cat/taules/v2/censph/10/5975/mun/data?lang=ca&YEAR=2021&MUN=430120,430430,430477,430509,430957,430976,431009,431037,431093,431114,431227,431264,431310,431359,431444,431482,431536,431649,431665,431711,439057,439076&SEX=TOTAL"
2021,431665,Vilallonga del Camp,Y043,43 anys,TOTAL,POP,61,,"https://api.idescat.cat/taules/v2/censph/10/5975/mun/data?lang=ca&YEAR=2021&MUN=430120,430430,430477,430509,430957,430976,431009,431037,431093,431114,431227,431264,431310,431359,431444,431482,431536,431649,431665,431711,439057,439076&SEX=TOTAL"
2021,431665,Vilallonga del Camp,Y044,44 anys,TOTAL,POP,44,,"https://api.idescat.cat/taules/v2/censph/10/5975/mun/data?lang=ca&YEAR=2021&MUN=430120,430430,430477,430509,430957,430976,431009,431037,431093,431114,431227,431264,431310,431359,431444,431482,431536,431649,431665,431711,439057,439076&SEX=TOTAL"
2021,431665,Vilallonga del Camp,Y045,45 anys,TOTAL,POP,60.0,,"https://api.idescat.cat/taules/v2/censph/10/5975/mun/data?lang=ca&YEAR=2021&MUN=430120,430430,430477,430509,430957,430976,431009,431037,431093,431114,431227,431264,431310,431359,431444,431482,431536,431649,431665,431711,439057,439076&SEX=TOTAL"
2021,431665,Vilallonga del Camp,Y046,46 anys,TOTAL,POP,44,,"https://api.idescat.cat/taules/v2/censph/10/5975/mun/data?lang=ca&YEAR=2021&MUN=430120,430430,430477,430509,430957,430976,431009,431037,431093,431114,431227,431264,431310,431359,431444,431482,431536,431649,431665,431711,439057,439076&SEX=TOTAL"
2021,431665,Vilallonga del Camp,Y047,47 anys,TOTAL,POP,43,,"https://api.idescat.cat/taules/v2/censph/10/5975/mun/data?lang=ca&YEAR=2021&MUN=430120,430430,430477,430509,430957,430976,431009,431037,431093,431114,431227,431264,431310,431359,431444,431482,431536,431649,431665,431711,439057,439076&SEX=TOTAL"
2021,431665,Vilallonga del Camp,Y048,48 anys,TOTAL,POP,38,,"https://api.idescat.cat/taules/v2/censph/10/5975/mun/data?lang=ca&YEAR=2021&MUN=430120,430430,430477,430509,430957,430976,431009,431037,431093,431114,431227,431264,431310,431359,431444,431482,431536,431649,431665,431711,439057,439076&SEX=TOTAL"
2021,431665,Vilallonga del Camp,Y049,49 anys,TOTAL,POP,38,,"https://api.idescat.cat/taules/v2/censph/10/5975/mun/data?lang=ca&YEAR=2021&MUN=430120,430430,430477,430509,430957,430976,431009,431037,431093,431114,431227,431264,431310,431359,431444,431482,431536,431649,431665,431711,439057,439076&SEX=TOTAL"
2021,431665,Vilallonga del Camp,Y050,50 anys,TOTAL,POP,25,,"https://api.idescat.cat/taules/v2/censph/10/5975/mun/data?lang=ca&YEAR=2021&MUN=430120,430430,430477,430509,430957,430976,431009,431037,431093,431114,431227,431264,431310,431359,431444,431482,431536,431649,431665,431711,439057,439076&SEX=TOTAL"
2021,431665,Vilallonga del Camp,Y051,51 anys,TOTAL,POP,38,,"https://api.idescat.cat/taules/v2/censph/10/5975/mun/data?lang=ca&YEAR=2021&MUN=430120,430430,430477,430509,430957,430976,431009,431037,431093,431114,431227,431264,431310,431359,431444,431482,431536,431649,431665,431711,439057,439076&SEX=TOTAL"
2021,431665,Vilallonga del Camp,Y052,52 anys,TOTAL,POP,25,,"https://api.idescat.cat/taules/v2/censph/10/5975/mun/data?lang=ca&YEAR=2021&MUN=430120,430430,430477,430509,430957,430976,431009,431037,431093,431114,431227,431264,431310,431359,431444,431482,431536,431649,431665,431711,439057,439076&SEX=TOTAL"
2021,431665,Vilallonga del Camp,Y053,53 anys,TOTAL,POP,25,,"https://api.idescat.cat/taules/v2/censph/10/5975/mun/data?lang=ca&YEAR=2021&MUN=430120,430430,430477,430509,430957,430976,431009,431037,431093,431114,431227,431264,431310,431359,431444,431482,431536,431649,431665,431711,439057,439076&SEX=TOTAL"
2021,431665,Vilallonga del Camp,Y054,54 anys,TOTAL,POP,24,,"https://api.idescat.cat/taules/v2/censph/10/5975/mun/data?lang=ca&YEAR=2021&MUN=430120,430430,430477,430509,430957,430976,431009,431037,431093,431114,431227,431264,431310,431359,431444,431482,431536,431649,431665,431711,439057,439076&SEX=TOTAL"
2021,431665,Vilallonga del Camp,Y055,55 anys,TOTAL,POP,20.0,,"https://api.idescat.cat/taules/v2/censph/10/5975/mun/data?lang=ca&YEAR=2021&MUN=430120,430430,430477,430509,430957,430976,431009,431037,431093,431114,431227,431264,431310,431359,431444,431482,431536,431649,431665,431711,439057,439076&SEX=TOTAL"
2021,431665,Vilallonga del Camp,Y056,56 anys,TOTAL,POP,28,,"https://api.idescat.cat/taules/v2/censph/10/5975/mun/data?lang=ca&YEAR=2021&MUN=430120,430430,430477,430509,430957,430976,431009,431037,431093,431114,431227,431264,431310,431359,431444,431482,431536,431649,431665,431711,439057,439076&SEX=TOTAL"
2021,431665,Vilallonga del Camp,Y057,57 anys,TOTAL,POP,26,,"https://api.idescat.cat/taules/v2/censph/10/5975/mun/data?lang=ca&YEAR=2021&MUN=430120,430430,430477,430509,430957,430976,431009,431037,431093,431114,431227,431264,431310,431359,431444,431482,431536,431649,431665,431711,439057,439076&SEX=TOTAL"
2021,431665,Vilallonga del Camp,Y058,58 anys,TOTAL,POP,24,,"https://api.idescat.cat/taules/v2/censph/10/5975/mun/data?lang=ca&YEAR=2021&MUN=430120,430430,430477,430509,430957,430976,431009,431037,431093,431114,431227,431264,431310,431359,431444,431482,431536,431649,431665,431711,439057,439076&SEX=TOTAL"
2021,431665,Vilallonga del Camp,Y059,59 anys,TOTAL,POP,23,,"https://api.idescat.cat/taules/v2/censph/10/5975/mun/data?lang=ca&YEAR=2021&MUN=430120,430430,430477,430509,430957,430976,431009,431037,431093,431114,431227,431264,431310,431359,431444,431482,431536,431649,431665,431711,439057,439076&SEX=TOTAL"
2021,431665,Vilallonga del Camp,Y060,60 anys,TOTAL,POP,29,,"https://api.idescat.cat/taules/v2/censph/10/5975/mun/data?lang=ca&YEAR=2021&MUN=430120,430430,430477,430509,430957,430976,431009,431037,431093,431114,431227,431264,431310,431359,431444,431482,431536,431649,431665,431711,439057,439076&SEX=TOTAL"
2021,431665,Vilallonga del Camp,Y061,61 anys,TOTAL,POP,15,,"https://api.idescat.cat/taules/v2/censph/10/5975/mun/data?lang=ca&YEAR=2021&MUN=430120,430430,430477,430509,430957,430976,431009,431037,431093,431114,431227,431264,431310,431359,431444,431482,431536,431649,431665,431711,439057,439076&SEX=TOTAL"
2021,431665,Vilallonga del Camp,Y062,62 anys,TOTAL,POP,18,,"https://api.idescat.cat/taules/v2/censph/10/5975/mun/data?lang=ca&YEAR=2021&MUN=430120,430430,430477,430509,430957,430976,431009,431037,431093,431114,431227,431264,431310,431359,431444,431482,431536,431649,431665,431711,439057,439076&SEX=TOTAL"
2021,431665,Vilallonga del Camp,Y063,63 anys,TOTAL,POP,24,,"https://api.idescat.cat/taules/v2/censph/10/5975/mun/data?lang=ca&YEAR=2021&MUN=430120,430430,430477,430509,430957,430976,431009,431037,431093,431114,431227,431264,431310,431359,431444,431482,431536,431649,431665,431711,439057,439076&SEX=TOTAL"
2021,431665,Vilallonga del Camp,Y064,64 anys,TOTAL,POP,14,,"https://api.idescat.cat/taules/v2/censph/10/5975/mun/data?lang=ca&YEAR=2021&MUN=430120,430430,430477,430509,430957,430976,431009,431037,431093,431114,431227,431264,431310,431359,431444,431482,431536,431649,431665,431711,439057,439076&SEX=TOTAL"
2021,431665,Vilallonga del Camp,Y065,65 anys,TOTAL,POP,24,,"https://api.idescat.cat/taules/v2/censph/10/5975/mun/data?lang=ca&YEAR=2021&MUN=430120,430430,430477,430509,430957,430976,431009,431037,431093,431114,431227,431264,431310,431359,431444,431482,431536,431649,431665,431711,439057,439076&SEX=TOTAL"
2021,431665,Vilallonga del Camp,Y066,66 anys,TOTAL,POP,23,,"https://api.idescat.cat/taules/v2/censph/10/5975/mun/data?lang=ca&YEAR=2021&MUN=430120,430430,430477,430509,430957,430976,431009,431037,431093,431114,431227,431264,431310,431359,431444,431482,431536,431649,431665,431711,439057,439076&SEX=TOTAL"
2021,431665,Vilallonga del Camp,Y067,67 anys,TOTAL,POP,15,,"https://api.idescat.cat/taules/v2/censph/10/5975/mun/data?lang=ca&YEAR=2021&MUN=430120,430430,430477,430509,430957,430976,431009,431037,431093,431114,431227,431264,431310,431359,431444,431482,431536,431649,431665,431711,439057,439076&SEX=TOTAL"
2021,431665,Vilallonga del Camp,Y068,68 anys,TOTAL,POP,26,,"https://api.idescat.cat/taules/v2/censph/10/5975/mun/data?lang=ca&YEAR=2021&MUN=430120,430430,430477,430509,430957,430976,431009,431037,431093,431114,431227,431264,431310,431359,431444,431482,431536,431649,431665,431711,439057,439076&SEX=TOTAL"
2021,431665,Vilallonga del Camp,Y069,69 anys,TOTAL,POP,14,,"https://api.idescat.cat/taules/v2/censph/10/5975/mun/data?lang=ca&YEAR=2021&MUN=430120,430430,430477,430509,430957,430976,431009,431037,431093,431114,431227,431264,431310,431359,431444,431482,431536,431649,431665,431711,439057,439076&SEX=TOTAL"
2021,431665,Vilallonga del Camp,Y070,70 anys,TOTAL,POP,17,,"https://api.idescat.cat/taules/v2/censph/10/5975/mun/data?lang=ca&YEAR=2021&MUN=430120,430430,430477,430509,430957,430976,431009,431037,431093,431114,431227,431264,431310,431359,431444,431482,431536,431649,431665,431711,439057,439076&SEX=TOTAL"
2021,431665,Vilallonga del Camp,Y071,71 anys,TOTAL,POP,15,,"https://api.idescat.cat/taules/v2/censph/10/5975/mun/data?lang=ca&YEAR=2021&MUN=430120,430430,430477,430509,430957,430976,431009,431037,431093,431114,431227,431264,431310,431359,431444,431482,431536,431649,431665,431711,439057,439076&SEX=TOTAL"
2021,431665,Vilallonga del Camp,Y072,72 anys,TOTAL,POP,16,,"https://api.idescat.cat/taules/v2/censph/10/5975/mun/data?lang=ca&YEAR=2021&MUN=430120,430430,430477,430509,430957,430976,431009,431037,431093,431114,431227,431264,431310,431359,431444,431482,431536,431649,431665,431711,439057,439076&SEX=TOTAL"
2021,431665,Vilallonga del Camp,Y073,73 anys,TOTAL,POP,13,,"https://api.idescat.cat/taules/v2/censph/10/5975/mun/data?lang=ca&YEAR=2021&MUN=430120,430430,430477,430509,430957,430976,431009,431037,431093,431114,431227,431264,431310,431359,431444,431482,431536,431649,431665,431711,439057,439076&SEX=TOTAL"
2021,431665,Vilallonga del Camp,Y074,74 anys,TOTAL,POP,16,,"https://api.idescat.cat/taules/v2/censph/10/5975/mun/data?lang=ca&YEAR=2021&MUN=430120,430430,430477,430509,430957,430976,431009,431037,431093,431114,431227,431264,431310,431359,431444,431482,431536,431649,431665,431711,439057,439076&SEX=TOTAL"
2021,431665,Vilallonga del Camp,Y075,75 anys,TOTAL,POP,13,,"https://api.idescat.cat/taules/v2/censph/10/5975/mun/data?lang=ca&YEAR=2021&MUN=430120,430430,430477,430509,430957,430976,431009,431037,431093,431114,431227,431264,431310,431359,431444,431482,431536,431649,431665,431711,439057,439076&SEX=TOTAL"
2021,431665,Vilallonga del Camp,Y076,76 anys,TOTAL,POP,15,,"https://api.idescat.cat/taules/v2/censph/10/5975/mun/data?lang=ca&YEAR=2021&MUN=430120,430430,430477,430509,430957,430976,431009,431037,431093,431114,431227,431264,431310,431359,431444,431482,431536,431649,431665,431711,439057,439076&SEX=TOTAL"
2021,431665,Vilallonga del Camp,Y077,77 anys,TOTAL,POP,13,,"https://api.idescat.cat/taules/v2/censph/10/5975/mun/data?lang=ca&YEAR=2021&MUN=430120,430430,430477,430509,430957,430976,431009,431037,431093,431114,431227,431264,431310,431359,431444,431482,431536,431649,431665,431711,439057,439076&SEX=TOTAL"
2021,431665,Vilallonga del Camp,Y078,78 anys,TOTAL,POP,15,,"https://api.idescat.cat/taules/v2/censph/10/5975/mun/data?lang=ca&YEAR=2021&MUN=430120,430430,430477,430509,430957,430976,431009,431037,431093,431114,431227,431264,431310,431359,431444,431482,431536,431649,431665,431711,439057,439076&SEX=TOTAL"
2021,431665,Vilallonga del Camp,Y079,79 anys,TOTAL,POP,13,,"https://api.idescat.cat/taules/v2/censph/10/5975/mun/data?lang=ca&YEAR=2021&MUN=430120,430430,430477,430509,430957,430976,431009,431037,431093,431114,431227,431264,431310,431359,431444,431482,431536,431649,431665,431711,439057,439076&SEX=TOTAL"
2021,431665,Vilallonga del Camp,Y080,80 anys,TOTAL,POP,8,,"https://api.idescat.cat/taules/v2/censph/10/5975/mun/data?lang=ca&YEAR=2021&MUN=430120,430430,430477,430509,430957,430976,431009,431037,431093,431114,431227,431264,431310,431359,431444,431482,431536,431649,431665,431711,439057,439076&SEX=TOTAL"
2021,431665,Vilallonga del Camp,Y081,81 anys,TOTAL,POP,3,,"https://api.idescat.cat/taules/v2/censph/10/5975/mun/data?lang=ca&YEAR=2021&MUN=430120,430430,430477,430509,430957,430976,431009,431037,431093,431114,431227,431264,431310,431359,431444,431482,431536,431649,431665,431711,439057,439076&SEX=TOTAL"
2021,431665,Vilallonga del Camp,Y082,82 anys,TOTAL,POP,4,,"https://api.idescat.cat/taules/v2/censph/10/5975/mun/data?lang=ca&YEAR=2021&MUN=430120,430430,430477,430509,430957,430976,431009,431037,431093,431114,431227,431264,431310,431359,431444,431482,431536,431649,431665,431711,439057,439076&SEX=TOTAL"
2021,431665,Vilallonga del Camp,Y083,83 anys,TOTAL,POP,7,,"https://api.idescat.cat/taules/v2/censph/10/5975/mun/data?lang=ca&YEAR=2021&MUN=430120,430430,430477,430509,430957,430976,431009,431037,431093,431114,431227,431264,431310,431359,431444,431482,431536,431649,431665,431711,439057,439076&SEX=TOTAL"
2021,431665,Vilallonga del Camp,Y084,84 anys,TOTAL,POP,18,,"https://api.idescat.cat/taules/v2/censph/10/5975/mun/data?lang=ca&YEAR=2021&MUN=430120,430430,430477,430509,430957,430976,431009,431037,431093,431114,431227,431264,431310,431359,431444,431482,431536,431649,431665,431711,439057,439076&SEX=TOTAL"
2021,431665,Vilallonga del Camp,Y085,85 anys,TOTAL,POP,6,,"https://api.idescat.cat/taules/v2/censph/10/5975/mun/data?lang=ca&YEAR=2021&MUN=430120,430430,430477,430509,430957,430976,431009,431037,431093,431114,431227,431264,431310,431359,431444,431482,431536,431649,431665,431711,439057,439076&SEX=TOTAL"
2021,431665,Vilallonga del Camp,Y086,86 anys,TOTAL,POP,7,,"https://api.idescat.cat/taules/v2/censph/10/5975/mun/data?lang=ca&YEAR=2021&MUN=430120,430430,430477,430509,430957,430976,431009,431037,431093,431114,431227,431264,431310,431359,431444,431482,431536,431649,431665,431711,439057,439076&SEX=TOTAL"
2021,431665,Vilallonga del Camp,Y087,87 anys,TOTAL,POP,8,,"https://api.idescat.cat/taules/v2/censph/10/5975/mun/data?lang=ca&YEAR=2021&MUN=430120,430430,430477,430509,430957,430976,431009,431037,431093,431114,431227,431264,431310,431359,431444,431482,431536,431649,431665,431711,439057,439076&SEX=TOTAL"
2021,431665,Vilallonga del Camp,Y088,88 anys,TOTAL,POP,6,,"https://api.idescat.cat/taules/v2/censph/10/5975/mun/data?lang=ca&YEAR=2021&MUN=430120,430430,430477,430509,430957,430976,431009,431037,431093,431114,431227,431264,431310,431359,431444,431482,431536,431649,431665,431711,439057,439076&SEX=TOTAL"
2021,431665,Vilallonga del Camp,Y089,89 anys,TOTAL,POP,2,,"https://api.idescat.cat/taules/v2/censph/10/5975/mun/data?lang=ca&YEAR=2021&MUN=430120,430430,430477,430509,430957,430976,431009,431037,431093,431114,431227,431264,431310,431359,431444,431482,431536,431649,431665,431711,439057,439076&SEX=TOTAL"
2021,431665,Vilallonga del Camp,Y090,90 anys,TOTAL,POP,5,,"https://api.idescat.cat/taules/v2/censph/10/5975/mun/data?lang=ca&YEAR=2021&MUN=430120,430430,430477,430509,430957,430976,431009,431037,431093,431114,431227,431264,431310,431359,431444,431482,431536,431649,431665,431711,439057,439076&SEX=TOTAL"
2021,431665,Vilallonga del Camp,Y091,91 anys,TOTAL,POP,0,,"https://api.idescat.cat/taules/v2/censph/10/5975/mun/data?lang=ca&YEAR=2021&MUN=430120,430430,430477,430509,430957,430976,431009,431037,431093,431114,431227,431264,431310,431359,431444,431482,431536,431649,431665,431711,439057,439076&SEX=TOTAL"
2021,431665,Vilallonga del Camp,Y092,92 anys,TOTAL,POP,5,,"https://api.idescat.cat/taules/v2/censph/10/5975/mun/data?lang=ca&YEAR=2021&MUN=430120,430430,430477,430509,430957,430976,431009,431037,431093,431114,431227,431264,431310,431359,431444,431482,431536,431649,431665,431711,439057,439076&SEX=TOTAL"
2021,431665,Vilallonga del Camp,Y093,93 anys,TOTAL,POP,4,,"https://api.idescat.cat/taules/v2/censph/10/5975/mun/data?lang=ca&YEAR=2021&MUN=430120,430430,430477,430509,430957,430976,431009,431037,431093,431114,431227,431264,431310,431359,431444,431482,431536,431649,431665,431711,439057,439076&SEX=TOTAL"
2021,431665,Vilallonga del Camp,Y094,94 anys,TOTAL,POP,4,,"https://api.idescat.cat/taules/v2/censph/10/5975/mun/data?lang=ca&YEAR=2021&MUN=430120,430430,430477,430509,430957,430976,431009,431037,431093,431114,431227,431264,431310,431359,431444,431482,431536,431649,431665,431711,439057,439076&SEX=TOTAL"
2021,431665,Vilallonga del Camp,Y095,95 anys,TOTAL,POP,1,,"https://api.idescat.cat/taules/v2/censph/10/5975/mun/data?lang=ca&YEAR=2021&MUN=430120,430430,430477,430509,430957,430976,431009,431037,431093,431114,431227,431264,431310,431359,431444,431482,431536,431649,431665,431711,439057,439076&SEX=TOTAL"
2021,431665,Vilallonga del Camp,Y096,96 anys,TOTAL,POP,3,,"https://api.idescat.cat/taules/v2/censph/10/5975/mun/data?lang=ca&YEAR=2021&MUN=430120,430430,430477,430509,430957,430976,431009,431037,431093,431114,431227,431264,431310,431359,431444,431482,431536,431649,431665,431711,439057,439076&SEX=TOTAL"
2021,431665,Vilallonga del Camp,Y097,97 anys,TOTAL,POP,0,,"https://api.idescat.cat/taules/v2/censph/10/5975/mun/data?lang=ca&YEAR=2021&MUN=430120,430430,430477,430509,430957,430976,431009,431037,431093,431114,431227,431264,431310,431359,431444,431482,431536,431649,431665,431711,439057,439076&SEX=TOTAL"
2021,431665,Vilallonga del Camp,Y098,98 anys,TOTAL,POP,0,,"https://api.idescat.cat/taules/v2/censph/10/5975/mun/data?lang=ca&YEAR=2021&MUN=430120,430430,430477,430509,430957,430976,431009,431037,431093,431114,431227,431264,431310,431359,431444,431482,431536,431649,431665,431711,439057,439076&SEX=TOTAL"
2021,431665,Vilallonga del Camp,Y099,99 anys,TOTAL,POP,2,,"https://api.idescat.cat/taules/v2/censph/10/5975/mun/data?lang=ca&YEAR=2021&MUN=430120,430430,430477,430509,430957,430976,431009,431037,431093,431114,431227,431264,431310,431359,431444,431482,431536,431649,431665,431711,439057,439076&SEX=TOTAL"
2021,431665,Vilallonga del Camp,Y_GE100,100 anys o més,TOTAL,POP,0,,"https://api.idescat.cat/taules/v2/censph/10/5975/mun/data?lang=ca&YEAR=2021&MUN=430120,430430,430477,430509,430957,430976,431009,431037,431093,431114,431227,431264,431310,431359,431444,431482,431536,431649,431665,431711,439057,439076&SEX=TOTAL"
2021,431665,Vilallonga del Camp,TOTAL,total,TOTAL,POP,2387,,"https://api.idescat.cat/taules/v2/censph/10/5975/mun/data?lang=ca&YEAR=2021&MUN=430120,430430,430477,430509,430957,430976,431009,431037,431093,431114,431227,431264,431310,431359,431444,431482,431536,431649,431665,431711,439057,439076&SEX=TOTAL"
2021,431711,Vila-seca,Y000,0 anys,TOTAL,POP,201,,"https://api.idescat.cat/taules/v2/censph/10/5975/mun/data?lang=ca&YEAR=2021&MUN=430120,430430,430477,430509,430957,430976,431009,431037,431093,431114,431227,431264,431310,431359,431444,431482,431536,431649,431665,431711,439057,439076&SEX=TOTAL"
2021,431711,Vila-seca,Y001,1 any,TOTAL,POP,200.0,,"https://api.idescat.cat/taules/v2/censph/10/5975/mun/data?lang=ca&YEAR=2021&MUN=430120,430430,430477,430509,430957,430976,431009,431037,431093,431114,431227,431264,431310,431359,431444,431482,431536,431649,431665,431711,439057,439076&SEX=TOTAL"
2021,431711,Vila-seca,Y002,2 anys,TOTAL,POP,241,,"https://api.idescat.cat/taules/v2/censph/10/5975/mun/data?lang=ca&YEAR=2021&MUN=430120,430430,430477,430509,430957,430976,431009,431037,431093,431114,431227,431264,431310,431359,431444,431482,431536,431649,431665,431711,439057,439076&SEX=TOTAL"
2021,431711,Vila-seca,Y003,3 anys,TOTAL,POP,251,,"https://api.idescat.cat/taules/v2/censph/10/5975/mun/data?lang=ca&YEAR=2021&MUN=430120,430430,430477,430509,430957,430976,431009,431037,431093,431114,431227,431264,431310,431359,431444,431482,431536,431649,431665,431711,439057,439076&SEX=TOTAL"
2021,431711,Vila-seca,Y004,4 anys,TOTAL,POP,267,,"https://api.idescat.cat/taules/v2/censph/10/5975/mun/data?lang=ca&YEAR=2021&MUN=430120,430430,430477,430509,430957,430976,431009,431037,431093,431114,431227,431264,431310,431359,431444,431482,431536,431649,431665,431711,439057,439076&SEX=TOTAL"
2021,431711,Vila-seca,Y005,5 anys,TOTAL,POP,297,,"https://api.idescat.cat/taules/v2/censph/10/5975/mun/data?lang=ca&YEAR=2021&MUN=430120,430430,430477,430509,430957,430976,431009,431037,431093,431114,431227,431264,431310,431359,431444,431482,431536,431649,431665,431711,439057,439076&SEX=TOTAL"
2021,431711,Vila-seca,Y006,6 anys,TOTAL,POP,333,,"https://api.idescat.cat/taules/v2/censph/10/5975/mun/data?lang=ca&YEAR=2021&MUN=430120,430430,430477,430509,430957,430976,431009,431037,431093,431114,431227,431264,431310,431359,431444,431482,431536,431649,431665,431711,439057,439076&SEX=TOTAL"
2021,431711,Vila-seca,Y007,7 anys,TOTAL,POP,297,,"https://api.idescat.cat/taules/v2/censph/10/5975/mun/data?lang=ca&YEAR=2021&MUN=430120,430430,430477,430509,430957,430976,431009,431037,431093,431114,431227,431264,431310,431359,431444,431482,431536,431649,431665,431711,439057,439076&SEX=TOTAL"
2021,431711,Vila-seca,Y008,8 anys,TOTAL,POP,272,,"https://api.idescat.cat/taules/v2/censph/10/5975/mun/data?lang=ca&YEAR=2021&MUN=430120,430430,430477,430509,430957,430976,431009,431037,431093,431114,431227,431264,431310,431359,431444,431482,431536,431649,431665,431711,439057,439076&SEX=TOTAL"
2021,431711,Vila-seca,Y009,9 anys,TOTAL,POP,316,,"https://api.idescat.cat/taules/v2/censph/10/5975/mun/data?lang=ca&YEAR=2021&MUN=430120,430430,430477,430509,430957,430976,431009,431037,431093,431114,431227,431264,431310,431359,431444,431482,431536,431649,431665,431711,439057,439076&SEX=TOTAL"
2021,431711,Vila-seca,Y010,10 anys,TOTAL,POP,312,,"https://api.idescat.cat/taules/v2/censph/10/5975/mun/data?lang=ca&YEAR=2021&MUN=430120,430430,430477,430509,430957,430976,431009,431037,431093,431114,431227,431264,431310,431359,431444,431482,431536,431649,431665,431711,439057,439076&SEX=TOTAL"
2021,431711,Vila-seca,Y011,11 anys,TOTAL,POP,317,,"https://api.idescat.cat/taules/v2/censph/10/5975/mun/data?lang=ca&YEAR=2021&MUN=430120,430430,430477,430509,430957,430976,431009,431037,431093,431114,431227,431264,431310,431359,431444,431482,431536,431649,431665,431711,439057,439076&SEX=TOTAL"
2021,431711,Vila-seca,Y012,12 anys,TOTAL,POP,323,,"https://api.idescat.cat/taules/v2/censph/10/5975/mun/data?lang=ca&YEAR=2021&MUN=430120,430430,430477,430509,430957,430976,431009,431037,431093,431114,431227,431264,431310,431359,431444,431482,431536,431649,431665,431711,439057,439076&SEX=TOTAL"
2021,431711,Vila-seca,Y013,13 anys,TOTAL,POP,251,,"https://api.idescat.cat/taules/v2/censph/10/5975/mun/data?lang=ca&YEAR=2021&MUN=430120,430430,430477,430509,430957,430976,431009,431037,431093,431114,431227,431264,431310,431359,431444,431482,431536,431649,431665,431711,439057,439076&SEX=TOTAL"
2021,431711,Vila-seca,Y014,14 anys,TOTAL,POP,277,,"https://api.idescat.cat/taules/v2/censph/10/5975/mun/data?lang=ca&YEAR=2021&MUN=430120,430430,430477,430509,430957,430976,431009,431037,431093,431114,431227,431264,431310,431359,431444,431482,431536,431649,431665,431711,439057,439076&SEX=TOTAL"
2021,431711,Vila-seca,Y015,15 anys,TOTAL,POP,268,,"https://api.idescat.cat/taules/v2/censph/10/5975/mun/data?lang=ca&YEAR=2021&MUN=430120,430430,430477,430509,430957,430976,431009,431037,431093,431114,431227,431264,431310,431359,431444,431482,431536,431649,431665,431711,439057,439076&SEX=TOTAL"
2021,431711,Vila-seca,Y016,16 anys,TOTAL,POP,216,,"https://api.idescat.cat/taules/v2/censph/10/5975/mun/data?lang=ca&YEAR=2021&MUN=430120,430430,430477,430509,430957,430976,431009,431037,431093,431114,431227,431264,431310,431359,431444,431482,431536,431649,431665,431711,439057,439076&SEX=TOTAL"
2021,431711,Vila-seca,Y017,17 anys,TOTAL,POP,227,,"https://api.idescat.cat/taules/v2/censph/10/5975/mun/data?lang=ca&YEAR=2021&MUN=430120,430430,430477,430509,430957,430976,431009,431037,431093,431114,431227,431264,431310,431359,431444,431482,431536,431649,431665,431711,439057,439076&SEX=TOTAL"
2021,431711,Vila-seca,Y018,18 anys,TOTAL,POP,221,,"https://api.idescat.cat/taules/v2/censph/10/5975/mun/data?lang=ca&YEAR=2021&MUN=430120,430430,430477,430509,430957,430976,431009,431037,431093,431114,431227,431264,431310,431359,431444,431482,431536,431649,431665,431711,439057,439076&SEX=TOTAL"
2021,431711,Vila-seca,Y019,19 anys,TOTAL,POP,207,,"https://api.idescat.cat/taules/v2/censph/10/5975/mun/data?lang=ca&YEAR=2021&MUN=430120,430430,430477,430509,430957,430976,431009,431037,431093,431114,431227,431264,431310,431359,431444,431482,431536,431649,431665,431711,439057,439076&SEX=TOTAL"
2021,431711,Vila-seca,Y020,20 anys,TOTAL,POP,231,,"https://api.idescat.cat/taules/v2/censph/10/5975/mun/data?lang=ca&YEAR=2021&MUN=430120,430430,430477,430509,430957,430976,431009,431037,431093,431114,431227,431264,431310,431359,431444,431482,431536,431649,431665,431711,439057,439076&SEX=TOTAL"
2021,431711,Vila-seca,Y021,21 anys,TOTAL,POP,193,,"https://api.idescat.cat/taules/v2/censph/10/5975/mun/data?lang=ca&YEAR=2021&MUN=430120,430430,430477,430509,430957,430976,431009,431037,431093,431114,431227,431264,431310,431359,431444,431482,431536,431649,431665,431711,439057,439076&SEX=TOTAL"
2021,431711,Vila-seca,Y022,22 anys,TOTAL,POP,226,,"https://api.idescat.cat/taules/v2/censph/10/5975/mun/data?lang=ca&YEAR=2021&MUN=430120,430430,430477,430509,430957,430976,431009,431037,431093,431114,431227,431264,431310,431359,431444,431482,431536,431649,431665,431711,439057,439076&SEX=TOTAL"
2021,431711,Vila-seca,Y023,23 anys,TOTAL,POP,201,,"https://api.idescat.cat/taules/v2/censph/10/5975/mun/data?lang=ca&YEAR=2021&MUN=430120,430430,430477,430509,430957,430976,431009,431037,431093,431114,431227,431264,431310,431359,431444,431482,431536,431649,431665,431711,439057,439076&SEX=TOTAL"
2021,431711,Vila-seca,Y024,24 anys,TOTAL,POP,214,,"https://api.idescat.cat/taules/v2/censph/10/5975/mun/data?lang=ca&YEAR=2021&MUN=430120,430430,430477,430509,430957,430976,431009,431037,431093,431114,431227,431264,431310,431359,431444,431482,431536,431649,431665,431711,439057,439076&SEX=TOTAL"
2021,431711,Vila-seca,Y025,25 anys,TOTAL,POP,181,,"https://api.idescat.cat/taules/v2/censph/10/5975/mun/data?lang=ca&YEAR=2021&MUN=430120,430430,430477,430509,430957,430976,431009,431037,431093,431114,431227,431264,431310,431359,431444,431482,431536,431649,431665,431711,439057,439076&SEX=TOTAL"
2021,431711,Vila-seca,Y026,26 anys,TOTAL,POP,222,,"https://api.idescat.cat/taules/v2/censph/10/5975/mun/data?lang=ca&YEAR=2021&MUN=430120,430430,430477,430509,430957,430976,431009,431037,431093,431114,431227,431264,431310,431359,431444,431482,431536,431649,431665,431711,439057,439076&SEX=TOTAL"
2021,431711,Vila-seca,Y027,27 anys,TOTAL,POP,218,,"https://api.idescat.cat/taules/v2/censph/10/5975/mun/data?lang=ca&YEAR=2021&MUN=430120,430430,430477,430509,430957,430976,431009,431037,431093,431114,431227,431264,431310,431359,431444,431482,431536,431649,431665,431711,439057,439076&SEX=TOTAL"
2021,431711,Vila-seca,Y028,28 anys,TOTAL,POP,218,,"https://api.idescat.cat/taules/v2/censph/10/5975/mun/data?lang=ca&YEAR=2021&MUN=430120,430430,430477,430509,430957,430976,431009,431037,431093,431114,431227,431264,431310,431359,431444,431482,431536,431649,431665,431711,439057,439076&SEX=TOTAL"
2021,431711,Vila-seca,Y029,29 anys,TOTAL,POP,252,,"https://api.idescat.cat/taules/v2/censph/10/5975/mun/data?lang=ca&YEAR=2021&MUN=430120,430430,430477,430509,430957,430976,431009,431037,431093,431114,431227,431264,431310,431359,431444,431482,431536,431649,431665,431711,439057,439076&SEX=TOTAL"
2021,431711,Vila-seca,Y030,30 anys,TOTAL,POP,292,,"https://api.idescat.cat/taules/v2/censph/10/5975/mun/data?lang=ca&YEAR=2021&MUN=430120,430430,430477,430509,430957,430976,431009,431037,431093,431114,431227,431264,431310,431359,431444,431482,431536,431649,431665,431711,439057,439076&SEX=TOTAL"
2021,431711,Vila-seca,Y031,31 anys,TOTAL,POP,240.0,,"https://api.idescat.cat/taules/v2/censph/10/5975/mun/data?lang=ca&YEAR=2021&MUN=430120,430430,430477,430509,430957,430976,431009,431037,431093,431114,431227,431264,431310,431359,431444,431482,431536,431649,431665,431711,439057,439076&SEX=TOTAL"
2021,431711,Vila-seca,Y032,32 anys,TOTAL,POP,297,,"https://api.idescat.cat/taules/v2/censph/10/5975/mun/data?lang=ca&YEAR=2021&MUN=430120,430430,430477,430509,430957,430976,431009,431037,431093,431114,431227,431264,431310,431359,431444,431482,431536,431649,431665,431711,439057,439076&SEX=TOTAL"
2021,431711,Vila-seca,Y033,33 anys,TOTAL,POP,342,,"https://api.idescat.cat/taules/v2/censph/10/5975/mun/data?lang=ca&YEAR=2021&MUN=430120,430430,430477,430509,430957,430976,431009,431037,431093,431114,431227,431264,431310,431359,431444,431482,431536,431649,431665,431711,439057,439076&SEX=TOTAL"
2021,431711,Vila-seca,Y034,34 anys,TOTAL,POP,353,,"https://api.idescat.cat/taules/v2/censph/10/5975/mun/data?lang=ca&YEAR=2021&MUN=430120,430430,430477,430509,430957,430976,431009,431037,431093,431114,431227,431264,431310,431359,431444,431482,431536,431649,431665,431711,439057,439076&SEX=TOTAL"
2021,431711,Vila-seca,Y035,35 anys,TOTAL,POP,330.0,,"https://api.idescat.cat/taules/v2/censph/10/5975/mun/data?lang=ca&YEAR=2021&MUN=430120,430430,430477,430509,430957,430976,431009,431037,431093,431114,431227,431264,431310,431359,431444,431482,431536,431649,431665,431711,439057,439076&SEX=TOTAL"
2021,431711,Vila-seca,Y036,36 anys,TOTAL,POP,376,,"https://api.idescat.cat/taules/v2/censph/10/5975/mun/data?lang=ca&YEAR=2021&MUN=430120,430430,430477,430509,430957,430976,431009,431037,431093,431114,431227,431264,431310,431359,431444,431482,431536,431649,431665,431711,439057,439076&SEX=TOTAL"
2021,431711,Vila-seca,Y037,37 anys,TOTAL,POP,390.0,,"https://api.idescat.cat/taules/v2/censph/10/5975/mun/data?lang=ca&YEAR=2021&MUN=430120,430430,430477,430509,430957,430976,431009,431037,431093,431114,431227,431264,431310,431359,431444,431482,431536,431649,431665,431711,439057,439076&SEX=TOTAL"
2021,431711,Vila-seca,Y038,38 anys,TOTAL,POP,429,,"https://api.idescat.cat/taules/v2/censph/10/5975/mun/data?lang=ca&YEAR=2021&MUN=430120,430430,430477,430509,430957,430976,431009,431037,431093,431114,431227,431264,431310,431359,431444,431482,431536,431649,431665,431711,439057,439076&SEX=TOTAL"
2021,431711,Vila-seca,Y039,39 anys,TOTAL,POP,445,,"https://api.idescat.cat/taules/v2/censph/10/5975/mun/data?lang=ca&YEAR=2021&MUN=430120,430430,430477,430509,430957,430976,431009,431037,431093,431114,431227,431264,431310,431359,431444,431482,431536,431649,431665,431711,439057,439076&SEX=TOTAL"
2021,431711,Vila-seca,Y040,40 anys,TOTAL,POP,478,,"https://api.idescat.cat/taules/v2/censph/10/5975/mun/data?lang=ca&YEAR=2021&MUN=430120,430430,430477,430509,430957,430976,431009,431037,431093,431114,431227,431264,431310,431359,431444,431482,431536,431649,431665,431711,439057,439076&SEX=TOTAL"
2021,431711,Vila-seca,Y041,41 anys,TOTAL,POP,477,,"https://api.idescat.cat/taules/v2/censph/10/5975/mun/data?lang=ca&YEAR=2021&MUN=430120,430430,430477,430509,430957,430976,431009,431037,431093,431114,431227,431264,431310,431359,431444,431482,431536,431649,431665,431711,439057,439076&SEX=TOTAL"
2021,431711,Vila-seca,Y042,42 anys,TOTAL,POP,501,,"https://api.idescat.cat/taules/v2/censph/10/5975/mun/data?lang=ca&YEAR=2021&MUN=430120,430430,430477,430509,430957,430976,431009,431037,431093,431114,431227,431264,431310,431359,431444,431482,431536,431649,431665,431711,439057,439076&SEX=TOTAL"
2021,431711,Vila-seca,Y043,43 anys,TOTAL,POP,501,,"https://api.idescat.cat/taules/v2/censph/10/5975/mun/data?lang=ca&YEAR=2021&MUN=430120,430430,430477,430509,430957,430976,431009,431037,431093,431114,431227,431264,431310,431359,431444,431482,431536,431649,431665,431711,439057,439076&SEX=TOTAL"
2021,431711,Vila-seca,Y044,44 anys,TOTAL,POP,497,,"https://api.idescat.cat/taules/v2/censph/10/5975/mun/data?lang=ca&YEAR=2021&MUN=430120,430430,430477,430509,430957,430976,431009,431037,431093,431114,431227,431264,431310,431359,431444,431482,431536,431649,431665,431711,439057,439076&SEX=TOTAL"
2021,431711,Vila-seca,Y045,45 anys,TOTAL,POP,439,,"https://api.idescat.cat/taules/v2/censph/10/5975/mun/data?lang=ca&YEAR=2021&MUN=430120,430430,430477,430509,430957,430976,431009,431037,431093,431114,431227,431264,431310,431359,431444,431482,431536,431649,431665,431711,439057,439076&SEX=TOTAL"
2021,431711,Vila-seca,Y046,46 anys,TOTAL,POP,411,,"https://api.idescat.cat/taules/v2/censph/10/5975/mun/data?lang=ca&YEAR=2021&MUN=430120,430430,430477,430509,430957,430976,431009,431037,431093,431114,431227,431264,431310,431359,431444,431482,431536,431649,431665,431711,439057,439076&SEX=TOTAL"
2021,431711,Vila-seca,Y047,47 anys,TOTAL,POP,402,,"https://api.idescat.cat/taules/v2/censph/10/5975/mun/data?lang=ca&YEAR=2021&MUN=430120,430430,430477,430509,430957,430976,431009,431037,431093,431114,431227,431264,431310,431359,431444,431482,431536,431649,431665,431711,439057,439076&SEX=TOTAL"
2021,431711,Vila-seca,Y048,48 anys,TOTAL,POP,359,,"https://api.idescat.cat/taules/v2/censph/10/5975/mun/data?lang=ca&YEAR=2021&MUN=430120,430430,430477,430509,430957,430976,431009,431037,431093,431114,431227,431264,431310,431359,431444,431482,431536,431649,431665,431711,439057,439076&SEX=TOTAL"
2021,431711,Vila-seca,Y049,49 anys,TOTAL,POP,341,,"https://api.idescat.cat/taules/v2/censph/10/5975/mun/data?lang=ca&YEAR=2021&MUN=430120,430430,430477,430509,430957,430976,431009,431037,431093,431114,431227,431264,431310,431359,431444,431482,431536,431649,431665,431711,439057,439076&SEX=TOTAL"
2021,431711,Vila-seca,Y050,50 anys,TOTAL,POP,325,,"https://api.idescat.cat/taules/v2/censph/10/5975/mun/data?lang=ca&YEAR=2021&MUN=430120,430430,430477,430509,430957,430976,431009,431037,431093,431114,431227,431264,431310,431359,431444,431482,431536,431649,431665,431711,439057,439076&SEX=TOTAL"
2021,431711,Vila-seca,Y051,51 anys,TOTAL,POP,326,,"https://api.idescat.cat/taules/v2/censph/10/5975/mun/data?lang=ca&YEAR=2021&MUN=430120,430430,430477,430509,430957,430976,431009,431037,431093,431114,431227,431264,431310,431359,431444,431482,431536,431649,431665,431711,439057,439076&SEX=TOTAL"
2021,431711,Vila-seca,Y052,52 anys,TOTAL,POP,282,,"https://api.idescat.cat/taules/v2/censph/10/5975/mun/data?lang=ca&YEAR=2021&MUN=430120,430430,430477,430509,430957,430976,431009,431037,431093,431114,431227,431264,431310,431359,431444,431482,431536,431649,431665,431711,439057,439076&SEX=TOTAL"
2021,431711,Vila-seca,Y053,53 anys,TOTAL,POP,300.0,,"https://api.idescat.cat/taules/v2/censph/10/5975/mun/data?lang=ca&YEAR=2021&MUN=430120,430430,430477,430509,430957,430976,431009,431037,431093,431114,431227,431264,431310,431359,431444,431482,431536,431649,431665,431711,439057,439076&SEX=TOTAL"
2021,431711,Vila-seca,Y054,54 anys,TOTAL,POP,323,,"https://api.idescat.cat/taules/v2/censph/10/5975/mun/data?lang=ca&YEAR=2021&MUN=430120,430430,430477,430509,430957,430976,431009,431037,431093,431114,431227,431264,431310,431359,431444,431482,431536,431649,431665,431711,439057,439076&SEX=TOTAL"
2021,431711,Vila-seca,Y055,55 anys,TOTAL,POP,289,,"https://api.idescat.cat/taules/v2/censph/10/5975/mun/data?lang=ca&YEAR=2021&MUN=430120,430430,430477,430509,430957,430976,431009,431037,431093,431114,431227,431264,431310,431359,431444,431482,431536,431649,431665,431711,439057,439076&SEX=TOTAL"
2021,431711,Vila-seca,Y056,56 anys,TOTAL,POP,307,,"https://api.idescat.cat/taules/v2/censph/10/5975/mun/data?lang=ca&YEAR=2021&MUN=430120,430430,430477,430509,430957,430976,431009,431037,431093,431114,431227,431264,431310,431359,431444,431482,431536,431649,431665,431711,439057,439076&SEX=TOTAL"
2021,431711,Vila-seca,Y057,57 anys,TOTAL,POP,287,,"https://api.idescat.cat/taules/v2/censph/10/5975/mun/data?lang=ca&YEAR=2021&MUN=430120,430430,430477,430509,430957,430976,431009,431037,431093,431114,431227,431264,431310,431359,431444,431482,431536,431649,431665,431711,439057,439076&SEX=TOTAL"
2021,431711,Vila-seca,Y058,58 anys,TOTAL,POP,254,,"https://api.idescat.cat/taules/v2/censph/10/5975/mun/data?lang=ca&YEAR=2021&MUN=430120,430430,430477,430509,430957,430976,431009,431037,431093,431114,431227,431264,431310,431359,431444,431482,431536,431649,431665,431711,439057,439076&SEX=TOTAL"
2021,431711,Vila-seca,Y059,59 anys,TOTAL,POP,246,,"https://api.idescat.cat/taules/v2/censph/10/5975/mun/data?lang=ca&YEAR=2021&MUN=430120,430430,430477,430509,430957,430976,431009,431037,431093,431114,431227,431264,431310,431359,431444,431482,431536,431649,431665,431711,439057,439076&SEX=TOTAL"
2021,431711,Vila-seca,Y060,60 anys,TOTAL,POP,246,,"https://api.idescat.cat/taules/v2/censph/10/5975/mun/data?lang=ca&YEAR=2021&MUN=430120,430430,430477,430509,430957,430976,431009,431037,431093,431114,431227,431264,431310,431359,431444,431482,431536,431649,431665,431711,439057,439076&SEX=TOTAL"
2021,431711,Vila-seca,Y061,61 anys,TOTAL,POP,245,,"https://api.idescat.cat/taules/v2/censph/10/5975/mun/data?lang=ca&YEAR=2021&MUN=430120,430430,430477,430509,430957,430976,431009,431037,431093,431114,431227,431264,431310,431359,431444,431482,431536,431649,431665,431711,439057,439076&SEX=TOTAL"
2021,431711,Vila-seca,Y062,62 anys,TOTAL,POP,234,,"https://api.idescat.cat/taules/v2/censph/10/5975/mun/data?lang=ca&YEAR=2021&MUN=430120,430430,430477,430509,430957,430976,431009,431037,431093,431114,431227,431264,431310,431359,431444,431482,431536,431649,431665,431711,439057,439076&SEX=TOTAL"
2021,431711,Vila-seca,Y063,63 anys,TOTAL,POP,237,,"https://api.idescat.cat/taules/v2/censph/10/5975/mun/data?lang=ca&YEAR=2021&MUN=430120,430430,430477,430509,430957,430976,431009,431037,431093,431114,431227,431264,431310,431359,431444,431482,431536,431649,431665,431711,439057,439076&SEX=TOTAL"
2021,431711,Vila-seca,Y064,64 anys,TOTAL,POP,230.0,,"https://api.idescat.cat/taules/v2/censph/10/5975/mun/data?lang=ca&YEAR=2021&MUN=430120,430430,430477,430509,430957,430976,431009,431037,431093,431114,431227,431264,431310,431359,431444,431482,431536,431649,431665,431711,439057,439076&SEX=TOTAL"
2021,431711,Vila-seca,Y065,65 anys,TOTAL,POP,255,,"https://api.idescat.cat/taules/v2/censph/10/5975/mun/data?lang=ca&YEAR=2021&MUN=430120,430430,430477,430509,430957,430976,431009,431037,431093,431114,431227,431264,431310,431359,431444,431482,431536,431649,431665,431711,439057,439076&SEX=TOTAL"
2021,431711,Vila-seca,Y066,66 anys,TOTAL,POP,205,,"https://api.idescat.cat/taules/v2/censph/10/5975/mun/data?lang=ca&YEAR=2021&MUN=430120,430430,430477,430509,430957,430976,431009,431037,431093,431114,431227,431264,431310,431359,431444,431482,431536,431649,431665,431711,439057,439076&SEX=TOTAL"
2021,431711,Vila-seca,Y067,67 anys,TOTAL,POP,233,,"https://api.idescat.cat/taules/v2/censph/10/5975/mun/data?lang=ca&YEAR=2021&MUN=430120,430430,430477,430509,430957,430976,431009,431037,431093,431114,431227,431264,431310,431359,431444,431482,431536,431649,431665,431711,439057,439076&SEX=TOTAL"
2021,431711,Vila-seca,Y068,68 anys,TOTAL,POP,219,,"https://api.idescat.cat/taules/v2/censph/10/5975/mun/data?lang=ca&YEAR=2021&MUN=430120,430430,430477,430509,430957,430976,431009,431037,431093,431114,431227,431264,431310,431359,431444,431482,431536,431649,431665,431711,439057,439076&SEX=TOTAL"
2021,431711,Vila-seca,Y069,69 anys,TOTAL,POP,193,,"https://api.idescat.cat/taules/v2/censph/10/5975/mun/data?lang=ca&YEAR=2021&MUN=430120,430430,430477,430509,430957,430976,431009,431037,431093,431114,431227,431264,431310,431359,431444,431482,431536,431649,431665,431711,439057,439076&SEX=TOTAL"
2021,431711,Vila-seca,Y070,70 anys,TOTAL,POP,175,,"https://api.idescat.cat/taules/v2/censph/10/5975/mun/data?lang=ca&YEAR=2021&MUN=430120,430430,430477,430509,430957,430976,431009,431037,431093,431114,431227,431264,431310,431359,431444,431482,431536,431649,431665,431711,439057,439076&SEX=TOTAL"
2021,431711,Vila-seca,Y071,71 anys,TOTAL,POP,182,,"https://api.idescat.cat/taules/v2/censph/10/5975/mun/data?lang=ca&YEAR=2021&MUN=430120,430430,430477,430509,430957,430976,431009,431037,431093,431114,431227,431264,431310,431359,431444,431482,431536,431649,431665,431711,439057,439076&SEX=TOTAL"
2021,431711,Vila-seca,Y072,72 anys,TOTAL,POP,176,,"https://api.idescat.cat/taules/v2/censph/10/5975/mun/data?lang=ca&YEAR=2021&MUN=430120,430430,430477,430509,430957,430976,431009,431037,431093,431114,431227,431264,431310,431359,431444,431482,431536,431649,431665,431711,439057,439076&SEX=TOTAL"
2021,431711,Vila-seca,Y073,73 anys,TOTAL,POP,174,,"https://api.idescat.cat/taules/v2/censph/10/5975/mun/data?lang=ca&YEAR=2021&MUN=430120,430430,430477,430509,430957,430976,431009,431037,431093,431114,431227,431264,431310,431359,431444,431482,431536,431649,431665,431711,439057,439076&SEX=TOTAL"
2021,431711,Vila-seca,Y074,74 anys,TOTAL,POP,137,,"https://api.idescat.cat/taules/v2/censph/10/5975/mun/data?lang=ca&YEAR=2021&MUN=430120,430430,430477,430509,430957,430976,431009,431037,431093,431114,431227,431264,431310,431359,431444,431482,431536,431649,431665,431711,439057,439076&SEX=TOTAL"
2021,431711,Vila-seca,Y075,75 anys,TOTAL,POP,133,,"https://api.idescat.cat/taules/v2/censph/10/5975/mun/data?lang=ca&YEAR=2021&MUN=430120,430430,430477,430509,430957,430976,431009,431037,431093,431114,431227,431264,431310,431359,431444,431482,431536,431649,431665,431711,439057,439076&SEX=TOTAL"
2021,431711,Vila-seca,Y076,76 anys,TOTAL,POP,120.0,,"https://api.idescat.cat/taules/v2/censph/10/5975/mun/data?lang=ca&YEAR=2021&MUN=430120,430430,430477,430509,430957,430976,431009,431037,431093,431114,431227,431264,431310,431359,431444,431482,431536,431649,431665,431711,439057,439076&SEX=TOTAL"
2021,431711,Vila-seca,Y077,77 anys,TOTAL,POP,126,,"https://api.idescat.cat/taules/v2/censph/10/5975/mun/data?lang=ca&YEAR=2021&MUN=430120,430430,430477,430509,430957,430976,431009,431037,431093,431114,431227,431264,431310,431359,431444,431482,431536,431649,431665,431711,439057,439076&SEX=TOTAL"
2021,431711,Vila-seca,Y078,78 anys,TOTAL,POP,94,,"https://api.idescat.cat/taules/v2/censph/10/5975/mun/data?lang=ca&YEAR=2021&MUN=430120,430430,430477,430509,430957,430976,431009,431037,431093,431114,431227,431264,431310,431359,431444,431482,431536,431649,431665,431711,439057,439076&SEX=TOTAL"
2021,431711,Vila-seca,Y079,79 anys,TOTAL,POP,79,,"https://api.idescat.cat/taules/v2/censph/10/5975/mun/data?lang=ca&YEAR=2021&MUN=430120,430430,430477,430509,430957,430976,431009,431037,431093,431114,431227,431264,431310,431359,431444,431482,431536,431649,431665,431711,439057,439076&SEX=TOTAL"
2021,431711,Vila-seca,Y080,80 anys,TOTAL,POP,104,,"https://api.idescat.cat/taules/v2/censph/10/5975/mun/data?lang=ca&YEAR=2021&MUN=430120,430430,430477,430509,430957,430976,431009,431037,431093,431114,431227,431264,431310,431359,431444,431482,431536,431649,431665,431711,439057,439076&SEX=TOTAL"
2021,431711,Vila-seca,Y081,81 anys,TOTAL,POP,56,,"https://api.idescat.cat/taules/v2/censph/10/5975/mun/data?lang=ca&YEAR=2021&MUN=430120,430430,430477,430509,430957,430976,431009,431037,431093,431114,431227,431264,431310,431359,431444,431482,431536,431649,431665,431711,439057,439076&SEX=TOTAL"
2021,431711,Vila-seca,Y082,82 anys,TOTAL,POP,71,,"https://api.idescat.cat/taules/v2/censph/10/5975/mun/data?lang=ca&YEAR=2021&MUN=430120,430430,430477,430509,430957,430976,431009,431037,431093,431114,431227,431264,431310,431359,431444,431482,431536,431649,431665,431711,439057,439076&SEX=TOTAL"
2021,431711,Vila-seca,Y083,83 anys,TOTAL,POP,87,,"https://api.idescat.cat/taules/v2/censph/10/5975/mun/data?lang=ca&YEAR=2021&MUN=430120,430430,430477,430509,430957,430976,431009,431037,431093,431114,431227,431264,431310,431359,431444,431482,431536,431649,431665,431711,439057,439076&SEX=TOTAL"
2021,431711,Vila-seca,Y084,84 anys,TOTAL,POP,70.0,,"https://api.idescat.cat/taules/v2/censph/10/5975/mun/data?lang=ca&YEAR=2021&MUN=430120,430430,430477,430509,430957,430976,431009,431037,431093,431114,431227,431264,431310,431359,431444,431482,431536,431649,431665,431711,439057,439076&SEX=TOTAL"
2021,431711,Vila-seca,Y085,85 anys,TOTAL,POP,67,,"https://api.idescat.cat/taules/v2/censph/10/5975/mun/data?lang=ca&YEAR=2021&MUN=430120,430430,430477,430509,430957,430976,431009,431037,431093,431114,431227,431264,431310,431359,431444,431482,431536,431649,431665,431711,439057,439076&SEX=TOTAL"
2021,431711,Vila-seca,Y086,86 anys,TOTAL,POP,69,,"https://api.idescat.cat/taules/v2/censph/10/5975/mun/data?lang=ca&YEAR=2021&MUN=430120,430430,430477,430509,430957,430976,431009,431037,431093,431114,431227,431264,431310,431359,431444,431482,431536,431649,431665,431711,439057,439076&SEX=TOTAL"
2021,431711,Vila-seca,Y087,87 anys,TOTAL,POP,48,,"https://api.idescat.cat/taules/v2/censph/10/5975/mun/data?lang=ca&YEAR=2021&MUN=430120,430430,430477,430509,430957,430976,431009,431037,431093,431114,431227,431264,431310,431359,431444,431482,431536,431649,431665,431711,439057,439076&SEX=TOTAL"
2021,431711,Vila-seca,Y088,88 anys,TOTAL,POP,37,,"https://api.idescat.cat/taules/v2/censph/10/5975/mun/data?lang=ca&YEAR=2021&MUN=430120,430430,430477,430509,430957,430976,431009,431037,431093,431114,431227,431264,431310,431359,431444,431482,431536,431649,431665,431711,439057,439076&SEX=TOTAL"
2021,431711,Vila-seca,Y089,89 anys,TOTAL,POP,36,,"https://api.idescat.cat/taules/v2/censph/10/5975/mun/data?lang=ca&YEAR=2021&MUN=430120,430430,430477,430509,430957,430976,431009,431037,431093,431114,431227,431264,431310,431359,431444,431482,431536,431649,431665,431711,439057,439076&SEX=TOTAL"
2021,431711,Vila-seca,Y090,90 anys,TOTAL,POP,30.0,,"https://api.idescat.cat/taules/v2/censph/10/5975/mun/data?lang=ca&YEAR=2021&MUN=430120,430430,430477,430509,430957,430976,431009,431037,431093,431114,431227,431264,431310,431359,431444,431482,431536,431649,431665,431711,439057,439076&SEX=TOTAL"
2021,431711,Vila-seca,Y091,91 anys,TOTAL,POP,37,,"https://api.idescat.cat/taules/v2/censph/10/5975/mun/data?lang=ca&YEAR=2021&MUN=430120,430430,430477,430509,430957,430976,431009,431037,431093,431114,431227,431264,431310,431359,431444,431482,431536,431649,431665,431711,439057,439076&SEX=TOTAL"
2021,431711,Vila-seca,Y092,92 anys,TOTAL,POP,15,,"https://api.idescat.cat/taules/v2/censph/10/5975/mun/data?lang=ca&YEAR=2021&MUN=430120,430430,430477,430509,430957,430976,431009,431037,431093,431114,431227,431264,431310,431359,431444,431482,431536,431649,431665,431711,439057,439076&SEX=TOTAL"
2021,431711,Vila-seca,Y093,93 anys,TOTAL,POP,11,,"https://api.idescat.cat/taules/v2/censph/10/5975/mun/data?lang=ca&YEAR=2021&MUN=430120,430430,430477,430509,430957,430976,431009,431037,431093,431114,431227,431264,431310,431359,431444,431482,431536,431649,431665,431711,439057,439076&SEX=TOTAL"
2021,431711,Vila-seca,Y094,94 anys,TOTAL,POP,23,,"https://api.idescat.cat/taules/v2/censph/10/5975/mun/data?lang=ca&YEAR=2021&MUN=430120,430430,430477,430509,430957,430976,431009,431037,431093,431114,431227,431264,431310,431359,431444,431482,431536,431649,431665,431711,439057,439076&SEX=TOTAL"
2021,431711,Vila-seca,Y095,95 anys,TOTAL,POP,12,,"https://api.idescat.cat/taules/v2/censph/10/5975/mun/data?lang=ca&YEAR=2021&MUN=430120,430430,430477,430509,430957,430976,431009,431037,431093,431114,431227,431264,431310,431359,431444,431482,431536,431649,431665,431711,439057,439076&SEX=TOTAL"
2021,431711,Vila-seca,Y096,96 anys,TOTAL,POP,8,,"https://api.idescat.cat/taules/v2/censph/10/5975/mun/data?lang=ca&YEAR=2021&MUN=430120,430430,430477,430509,430957,430976,431009,431037,431093,431114,431227,431264,431310,431359,431444,431482,431536,431649,431665,431711,439057,439076&SEX=TOTAL"
2021,431711,Vila-seca,Y097,97 anys,TOTAL,POP,6,,"https://api.idescat.cat/taules/v2/censph/10/5975/mun/data?lang=ca&YEAR=2021&MUN=430120,430430,430477,430509,430957,430976,431009,431037,431093,431114,431227,431264,431310,431359,431444,431482,431536,431649,431665,431711,439057,439076&SEX=TOTAL"
2021,431711,Vila-seca,Y098,98 anys,TOTAL,POP,5,,"https://api.idescat.cat/taules/v2/censph/10/5975/mun/data?lang=ca&YEAR=2021&MUN=430120,430430,430477,430509,430957,430976,431009,431037,431093,431114,431227,431264,431310,431359,431444,431482,431536,431649,431665,431711,439057,439076&SEX=TOTAL"
2021,431711,Vila-seca,Y099,99 anys,TOTAL,POP,3,,"https://api.idescat.cat/taules/v2/censph/10/5975/mun/data?lang=ca&YEAR=2021&MUN=430120,430430,430477,430509,430957,430976,431009,431037,431093,431114,431227,431264,431310,431359,431444,431482,431536,431649,431665,431711,439057,439076&SEX=TOTAL"
2021,431711,Vila-seca,Y_GE100,100 anys o més,TOTAL,POP,4,,"https://api.idescat.cat/taules/v2/censph/10/5975/mun/data?lang=ca&YEAR=2021&MUN=430120,430430,430477,430509,430957,430976,431009,431037,431093,431114,431227,431264,431310,431359,431444,431482,431536,431649,431665,431711,439057,439076&SEX=TOTAL"
2021,431711,Vila-seca,TOTAL,total,TOTAL,POP,22781,,"https://api.idescat.cat/taules/v2/censph/10/5975/mun/data?lang=ca&YEAR=2021&MUN=430120,430430,430477,430509,430957,430976,431009,431037,431093,431114,431227,431264,431310,431359,431444,431482,431536,431649,431665,431711,439057,439076&SEX=TOTAL"
