year,municipality_code,municipality,age_code,age_label,age_order,birthplace_code,birthplace_label,sex_code,sex_label,population,status,source,source_updated,source_url
2021,439057,Salou,Y000_004,de 0 a 4 anys,0,CA09,Catalunya,M,homes,591,,"Idescat, a partir del Cens de població i habitatges de l'INE.",2026-02-25,"https://api.idescat.cat/taules/v2/censph/535/562/mun/data?lang=ca&YEAR=2021&MUN=431711,439057"
2021,439057,Salou,Y000_004,de 0 a 4 anys,0,CA09,Catalunya,F,dones,575,,"Idescat, a partir del Cens de població i habitatges de l'INE.",2026-02-25,"https://api.idescat.cat/taules/v2/censph/535/562/mun/data?lang=ca&YEAR=2021&MUN=431711,439057"
2021,439057,Salou,Y000_004,de 0 a 4 anys,0,CA09,Catalunya,TOTAL,total,1166,,"Idescat, a partir del Cens de població i habitatges de l'INE.",2026-02-25,"https://api.idescat.cat/taules/v2/censph/535/562/mun/data?lang=ca&YEAR=2021&MUN=431711,439057"
2021,439057,Salou,Y000_004,de 0 a 4 anys,0,RES,resta d'Espanya,M,homes,6,,"Idescat, a partir del Cens de població i habitatges de l'INE.",2026-02-25,"https://api.idescat.cat/taules/v2/censph/535/562/mun/data?lang=ca&YEAR=2021&MUN=431711,439057"
2021,439057,Salou,Y000_004,de 0 a 4 anys,0,RES,resta d'Espanya,F,dones,15,,"Idescat, a partir del Cens de població i habitatges de l'INE.",2026-02-25,"https://api.idescat.cat/taules/v2/censph/535/562/mun/data?lang=ca&YEAR=2021&MUN=431711,439057"
2021,439057,Salou,Y000_004,de 0 a 4 anys,0,RES,resta d'Espanya,TOTAL,total,21,,"Idescat, a partir del Cens de població i habitatges de l'INE.",2026-02-25,"https://api.idescat.cat/taules/v2/censph/535/562/mun/data?lang=ca&YEAR=2021&MUN=431711,439057"
2021,439057,Salou,Y000_004,de 0 a 4 anys,0,ESTR,estranger,M,homes,63,,"Idescat, a partir del Cens de població i habitatges de l'INE.",2026-02-25,"https://api.idescat.cat/taules/v2/censph/535/562/mun/data?lang=ca&YEAR=2021&MUN=431711,439057"
2021,439057,Salou,Y000_004,de 0 a 4 anys,0,ESTR,estranger,F,dones,56,,"Idescat, a partir del Cens de població i habitatges de l'INE.",2026-02-25,"https://api.idescat.cat/taules/v2/censph/535/562/mun/data?lang=ca&YEAR=2021&MUN=431711,439057"
2021,439057,Salou,Y000_004,de 0 a 4 anys,0,ESTR,estranger,TOTAL,total,119,,"Idescat, a partir del Cens de població i habitatges de l'INE.",2026-02-25,"https://api.idescat.cat/taules/v2/censph/535/562/mun/data?lang=ca&YEAR=2021&MUN=431711,439057"
2021,439057,Salou,Y000_004,de 0 a 4 anys,0,TOTAL,total,M,homes,660,,"Idescat, a partir del Cens de població i habitatges de l'INE.",2026-02-25,"https://api.idescat.cat/taules/v2/censph/535/562/mun/data?lang=ca&YEAR=2021&MUN=431711,439057"
2021,439057,Salou,Y000_004,de 0 a 4 anys,0,TOTAL,total,F,dones,646,,"Idescat, a partir del Cens de població i habitatges de l'INE.",2026-02-25,"https://api.idescat.cat/taules/v2/censph/535/562/mun/data?lang=ca&YEAR=2021&MUN=431711,439057"
2021,439057,Salou,Y000_004,de 0 a 4 anys,0,TOTAL,total,TOTAL,total,1306,,"Idescat, a partir del Cens de població i habitatges de l'INE.",2026-02-25,"https://api.idescat.cat/taules/v2/censph/535/562/mun/data?lang=ca&YEAR=2021&MUN=431711,439057"
2021,439057,Salou,Y005_009,de 5 a 9 anys,1,CA09,Catalunya,M,homes,629,,"Idescat, a partir del Cens de població i habitatges de l'INE.",2026-02-25,"https://api.idescat.cat/taules/v2/censph/535/562/mun/data?lang=ca&YEAR=2021&MUN=431711,439057"
2021,439057,Salou,Y005_009,de 5 a 9 anys,1,CA09,Catalunya,F,dones,574,,"Idescat, a partir del Cens de població i habitatges de l'INE.",2026-02-25,"https://api.idescat.cat/taules/v2/censph/535/562/mun/data?lang=ca&YEAR=2021&MUN=431711,439057"
2021,439057,Salou,Y005_009,de 5 a 9 anys,1,CA09,Catalunya,TOTAL,total,1203,,"Idescat, a partir del Cens de població i habitatges de l'INE.",2026-02-25,"https://api.idescat.cat/taules/v2/censph/535/562/mun/data?lang=ca&YEAR=2021&MUN=431711,439057"
2021,439057,Salou,Y005_009,de 5 a 9 anys,1,RES,resta d'Espanya,M,homes,26,,"Idescat, a partir del Cens de població i habitatges de l'INE.",2026-02-25,"https://api.idescat.cat/taules/v2/censph/535/562/mun/data?lang=ca&YEAR=2021&MUN=431711,439057"
2021,439057,Salou,Y005_009,de 5 a 9 anys,1,RES,resta d'Espanya,F,dones,30,,"Idescat, a partir del Cens de població i habitatges de l'INE.",2026-02-25,"https://api.idescat.cat/taules/v2/censph/535/562/mun/data?lang=ca&YEAR=2021&MUN=431711,439057"
2021,439057,Salou,Y005_009,de 5 a 9 anys,1,RES,resta d'Espanya,TOTAL,total,56,,"Idescat, a partir del Cens de població i habitatges de l'INE.",2026-02-25,"https://api.idescat.cat/taules/v2/censph/535/562/mun/data?lang=ca&YEAR=2021&MUN=431711,439057"
2021,439057,Salou,Y005_009,de 5 a 9 anys,1,ESTR,estranger,M,homes,118,,"Idescat, a partir del Cens de població i habitatges de l'INE.",2026-02-25,"https://api.idescat.cat/taules/v2/censph/535/562/mun/data?lang=ca&YEAR=2021&MUN=431711,439057"
2021,439057,Salou,Y005_009,de 5 a 9 anys,1,ESTR,estranger,F,dones,91,,"Idescat, a partir del Cens de població i habitatges de l'INE.",2026-02-25,"https://api.idescat.cat/taules/v2/censph/535/562/mun/data?lang=ca&YEAR=2021&MUN=431711,439057"
2021,439057,Salou,Y005_009,de 5 a 9 anys,1,ESTR,estranger,TOTAL,total,209,,"Idescat, a partir del Cens de població i habitatges de l'INE.",2026-02-25,"https://api.idescat.cat/taules/v2/censph/535/562/mun/data?lang=ca&YEAR=2021&MUN=431711,439057"
2021,439057,Salou,Y005_009,de 5 a 9 anys,1,TOTAL,total,M,homes,773,,"Idescat, a partir del Cens de població i habitatges de l'INE.",2026-02-25,"https://api.idescat.cat/taules/v2/censph/535/562/mun/data?lang=ca&YEAR=2021&MUN=431711,439057"
2021,439057,Salou,Y005_009,de 5 a 9 anys,1,TOTAL,total,F,dones,695,,"Idescat, a partir del Cens de població i habitatges de l'INE.",2026-02-25,"https://api.idescat.cat/taules/v2/censph/535/562/mun/data?lang=ca&YEAR=2021&MUN=431711,439057"
2021,439057,Salou,Y005_009,de 5 a 9 anys,1,TOTAL,total,TOTAL,total,1468,,"Idescat, a partir del Cens de població i habitatges de l'INE.",2026-02-25,"https://api.idescat.cat/taules/v2/censph/535/562/mun/data?lang=ca&YEAR=2021&MUN=431711,439057"
2021,439057,Salou,Y010_014,de 10 a 14 anys,2,CA09,Catalunya,M,homes,664,,"Idescat, a partir del Cens de població i habitatges de l'INE.",2026-02-25,"https://api.idescat.cat/taules/v2/censph/535/562/mun/data?lang=ca&YEAR=2021&MUN=431711,439057"
2021,439057,Salou,Y010_014,de 10 a 14 anys,2,CA09,Catalunya,F,dones,558,,"Idescat, a partir del Cens de població i habitatges de l'INE.",2026-02-25,"https://api.idescat.cat/taules/v2/censph/535/562/mun/data?lang=ca&YEAR=2021&MUN=431711,439057"
2021,439057,Salou,Y010_014,de 10 a 14 anys,2,CA09,Catalunya,TOTAL,total,1222,,"Idescat, a partir del Cens de població i habitatges de l'INE.",2026-02-25,"https://api.idescat.cat/taules/v2/censph/535/562/mun/data?lang=ca&YEAR=2021&MUN=431711,439057"
2021,439057,Salou,Y010_014,de 10 a 14 anys,2,RES,resta d'Espanya,M,homes,40,,"Idescat, a partir del Cens de població i habitatges de l'INE.",2026-02-25,"https://api.idescat.cat/taules/v2/censph/535/562/mun/data?lang=ca&YEAR=2021&MUN=431711,439057"
2021,439057,Salou,Y010_014,de 10 a 14 anys,2,RES,resta d'Espanya,F,dones,33,,"Idescat, a partir del Cens de població i habitatges de l'INE.",2026-02-25,"https://api.idescat.cat/taules/v2/censph/535/562/mun/data?lang=ca&YEAR=2021&MUN=431711,439057"
2021,439057,Salou,Y010_014,de 10 a 14 anys,2,RES,resta d'Espanya,TOTAL,total,73,,"Idescat, a partir del Cens de població i habitatges de l'INE.",2026-02-25,"https://api.idescat.cat/taules/v2/censph/535/562/mun/data?lang=ca&YEAR=2021&MUN=431711,439057"
2021,439057,Salou,Y010_014,de 10 a 14 anys,2,ESTR,estranger,M,homes,150,,"Idescat, a partir del Cens de població i habitatges de l'INE.",2026-02-25,"https://api.idescat.cat/taules/v2/censph/535/562/mun/data?lang=ca&YEAR=2021&MUN=431711,439057"
2021,439057,Salou,Y010_014,de 10 a 14 anys,2,ESTR,estranger,F,dones,147,,"Idescat, a partir del Cens de població i habitatges de l'INE.",2026-02-25,"https://api.idescat.cat/taules/v2/censph/535/562/mun/data?lang=ca&YEAR=2021&MUN=431711,439057"
2021,439057,Salou,Y010_014,de 10 a 14 anys,2,ESTR,estranger,TOTAL,total,297,,"Idescat, a partir del Cens de població i habitatges de l'INE.",2026-02-25,"https://api.idescat.cat/taules/v2/censph/535/562/mun/data?lang=ca&YEAR=2021&MUN=431711,439057"
2021,439057,Salou,Y010_014,de 10 a 14 anys,2,TOTAL,total,M,homes,854,,"Idescat, a partir del Cens de població i habitatges de l'INE.",2026-02-25,"https://api.idescat.cat/taules/v2/censph/535/562/mun/data?lang=ca&YEAR=2021&MUN=431711,439057"
2021,439057,Salou,Y010_014,de 10 a 14 anys,2,TOTAL,total,F,dones,738,,"Idescat, a partir del Cens de població i habitatges de l'INE.",2026-02-25,"https://api.idescat.cat/taules/v2/censph/535/562/mun/data?lang=ca&YEAR=2021&MUN=431711,439057"
2021,439057,Salou,Y010_014,de 10 a 14 anys,2,TOTAL,total,TOTAL,total,1592,,"Idescat, a partir del Cens de població i habitatges de l'INE.",2026-02-25,"https://api.idescat.cat/taules/v2/censph/535/562/mun/data?lang=ca&YEAR=2021&MUN=431711,439057"
2021,439057,Salou,Y015_019,de 15 a 19 anys,3,CA09,Catalunya,M,homes,470,,"Idescat, a partir del Cens de població i habitatges de l'INE.",2026-02-25,"https://api.idescat.cat/taules/v2/censph/535/562/mun/data?lang=ca&YEAR=2021&MUN=431711,439057"
2021,439057,Salou,Y015_019,de 15 a 19 anys,3,CA09,Catalunya,F,dones,409,,"Idescat, a partir del Cens de població i habitatges de l'INE.",2026-02-25,"https://api.idescat.cat/taules/v2/censph/535/562/mun/data?lang=ca&YEAR=2021&MUN=431711,439057"
2021,439057,Salou,Y015_019,de 15 a 19 anys,3,CA09,Catalunya,TOTAL,total,879,,"Idescat, a partir del Cens de població i habitatges de l'INE.",2026-02-25,"https://api.idescat.cat/taules/v2/censph/535/562/mun/data?lang=ca&YEAR=2021&MUN=431711,439057"
2021,439057,Salou,Y015_019,de 15 a 19 anys,3,RES,resta d'Espanya,M,homes,42,,"Idescat, a partir del Cens de població i habitatges de l'INE.",2026-02-25,"https://api.idescat.cat/taules/v2/censph/535/562/mun/data?lang=ca&YEAR=2021&MUN=431711,439057"
2021,439057,Salou,Y015_019,de 15 a 19 anys,3,RES,resta d'Espanya,F,dones,34,,"Idescat, a partir del Cens de població i habitatges de l'INE.",2026-02-25,"https://api.idescat.cat/taules/v2/censph/535/562/mun/data?lang=ca&YEAR=2021&MUN=431711,439057"
2021,439057,Salou,Y015_019,de 15 a 19 anys,3,RES,resta d'Espanya,TOTAL,total,76,,"Idescat, a partir del Cens de població i habitatges de l'INE.",2026-02-25,"https://api.idescat.cat/taules/v2/censph/535/562/mun/data?lang=ca&YEAR=2021&MUN=431711,439057"
2021,439057,Salou,Y015_019,de 15 a 19 anys,3,ESTR,estranger,M,homes,210,,"Idescat, a partir del Cens de població i habitatges de l'INE.",2026-02-25,"https://api.idescat.cat/taules/v2/censph/535/562/mun/data?lang=ca&YEAR=2021&MUN=431711,439057"
2021,439057,Salou,Y015_019,de 15 a 19 anys,3,ESTR,estranger,F,dones,157,,"Idescat, a partir del Cens de població i habitatges de l'INE.",2026-02-25,"https://api.idescat.cat/taules/v2/censph/535/562/mun/data?lang=ca&YEAR=2021&MUN=431711,439057"
2021,439057,Salou,Y015_019,de 15 a 19 anys,3,ESTR,estranger,TOTAL,total,367,,"Idescat, a partir del Cens de població i habitatges de l'INE.",2026-02-25,"https://api.idescat.cat/taules/v2/censph/535/562/mun/data?lang=ca&YEAR=2021&MUN=431711,439057"
2021,439057,Salou,Y015_019,de 15 a 19 anys,3,TOTAL,total,M,homes,722,,"Idescat, a partir del Cens de població i habitatges de l'INE.",2026-02-25,"https://api.idescat.cat/taules/v2/censph/535/562/mun/data?lang=ca&YEAR=2021&MUN=431711,439057"
2021,439057,Salou,Y015_019,de 15 a 19 anys,3,TOTAL,total,F,dones,600,,"Idescat, a partir del Cens de població i habitatges de l'INE.",2026-02-25,"https://api.idescat.cat/taules/v2/censph/535/562/mun/data?lang=ca&YEAR=2021&MUN=431711,439057"
2021,439057,Salou,Y015_019,de 15 a 19 anys,3,TOTAL,total,TOTAL,total,1322,,"Idescat, a partir del Cens de població i habitatges de l'INE.",2026-02-25,"https://api.idescat.cat/taules/v2/censph/535/562/mun/data?lang=ca&YEAR=2021&MUN=431711,439057"
2021,439057,Salou,Y020_024,de 20 a 24 anys,4,CA09,Catalunya,M,homes,353,,"Idescat, a partir del Cens de població i habitatges de l'INE.",2026-02-25,"https://api.idescat.cat/taules/v2/censph/535/562/mun/data?lang=ca&YEAR=2021&MUN=431711,439057"
2021,439057,Salou,Y020_024,de 20 a 24 anys,4,CA09,Catalunya,F,dones,365,,"Idescat, a partir del Cens de població i habitatges de l'INE.",2026-02-25,"https://api.idescat.cat/taules/v2/censph/535/562/mun/data?lang=ca&YEAR=2021&MUN=431711,439057"
2021,439057,Salou,Y020_024,de 20 a 24 anys,4,CA09,Catalunya,TOTAL,total,718,,"Idescat, a partir del Cens de població i habitatges de l'INE.",2026-02-25,"https://api.idescat.cat/taules/v2/censph/535/562/mun/data?lang=ca&YEAR=2021&MUN=431711,439057"
2021,439057,Salou,Y020_024,de 20 a 24 anys,4,RES,resta d'Espanya,M,homes,35,,"Idescat, a partir del Cens de població i habitatges de l'INE.",2026-02-25,"https://api.idescat.cat/taules/v2/censph/535/562/mun/data?lang=ca&YEAR=2021&MUN=431711,439057"
2021,439057,Salou,Y020_024,de 20 a 24 anys,4,RES,resta d'Espanya,F,dones,50,,"Idescat, a partir del Cens de població i habitatges de l'INE.",2026-02-25,"https://api.idescat.cat/taules/v2/censph/535/562/mun/data?lang=ca&YEAR=2021&MUN=431711,439057"
2021,439057,Salou,Y020_024,de 20 a 24 anys,4,RES,resta d'Espanya,TOTAL,total,85,,"Idescat, a partir del Cens de població i habitatges de l'INE.",2026-02-25,"https://api.idescat.cat/taules/v2/censph/535/562/mun/data?lang=ca&YEAR=2021&MUN=431711,439057"
2021,439057,Salou,Y020_024,de 20 a 24 anys,4,ESTR,estranger,M,homes,406,,"Idescat, a partir del Cens de població i habitatges de l'INE.",2026-02-25,"https://api.idescat.cat/taules/v2/censph/535/562/mun/data?lang=ca&YEAR=2021&MUN=431711,439057"
2021,439057,Salou,Y020_024,de 20 a 24 anys,4,ESTR,estranger,F,dones,316,,"Idescat, a partir del Cens de població i habitatges de l'INE.",2026-02-25,"https://api.idescat.cat/taules/v2/censph/535/562/mun/data?lang=ca&YEAR=2021&MUN=431711,439057"
2021,439057,Salou,Y020_024,de 20 a 24 anys,4,ESTR,estranger,TOTAL,total,722,,"Idescat, a partir del Cens de població i habitatges de l'INE.",2026-02-25,"https://api.idescat.cat/taules/v2/censph/535/562/mun/data?lang=ca&YEAR=2021&MUN=431711,439057"
2021,439057,Salou,Y020_024,de 20 a 24 anys,4,TOTAL,total,M,homes,794,,"Idescat, a partir del Cens de població i habitatges de l'INE.",2026-02-25,"https://api.idescat.cat/taules/v2/censph/535/562/mun/data?lang=ca&YEAR=2021&MUN=431711,439057"
2021,439057,Salou,Y020_024,de 20 a 24 anys,4,TOTAL,total,F,dones,731,,"Idescat, a partir del Cens de població i habitatges de l'INE.",2026-02-25,"https://api.idescat.cat/taules/v2/censph/535/562/mun/data?lang=ca&YEAR=2021&MUN=431711,439057"
2021,439057,Salou,Y020_024,de 20 a 24 anys,4,TOTAL,total,TOTAL,total,1525,,"Idescat, a partir del Cens de població i habitatges de l'INE.",2026-02-25,"https://api.idescat.cat/taules/v2/censph/535/562/mun/data?lang=ca&YEAR=2021&MUN=431711,439057"
2021,439057,Salou,Y025_029,de 25 a 29 anys,5,CA09,Catalunya,M,homes,272,,"Idescat, a partir del Cens de població i habitatges de l'INE.",2026-02-25,"https://api.idescat.cat/taules/v2/censph/535/562/mun/data?lang=ca&YEAR=2021&MUN=431711,439057"
2021,439057,Salou,Y025_029,de 25 a 29 anys,5,CA09,Catalunya,F,dones,274,,"Idescat, a partir del Cens de població i habitatges de l'INE.",2026-02-25,"https://api.idescat.cat/taules/v2/censph/535/562/mun/data?lang=ca&YEAR=2021&MUN=431711,439057"
2021,439057,Salou,Y025_029,de 25 a 29 anys,5,CA09,Catalunya,TOTAL,total,546,,"Idescat, a partir del Cens de població i habitatges de l'INE.",2026-02-25,"https://api.idescat.cat/taules/v2/censph/535/562/mun/data?lang=ca&YEAR=2021&MUN=431711,439057"
2021,439057,Salou,Y025_029,de 25 a 29 anys,5,RES,resta d'Espanya,M,homes,73,,"Idescat, a partir del Cens de població i habitatges de l'INE.",2026-02-25,"https://api.idescat.cat/taules/v2/censph/535/562/mun/data?lang=ca&YEAR=2021&MUN=431711,439057"
2021,439057,Salou,Y025_029,de 25 a 29 anys,5,RES,resta d'Espanya,F,dones,56,,"Idescat, a partir del Cens de població i habitatges de l'INE.",2026-02-25,"https://api.idescat.cat/taules/v2/censph/535/562/mun/data?lang=ca&YEAR=2021&MUN=431711,439057"
2021,439057,Salou,Y025_029,de 25 a 29 anys,5,RES,resta d'Espanya,TOTAL,total,129,,"Idescat, a partir del Cens de població i habitatges de l'INE.",2026-02-25,"https://api.idescat.cat/taules/v2/censph/535/562/mun/data?lang=ca&YEAR=2021&MUN=431711,439057"
2021,439057,Salou,Y025_029,de 25 a 29 anys,5,ESTR,estranger,M,homes,529,,"Idescat, a partir del Cens de població i habitatges de l'INE.",2026-02-25,"https://api.idescat.cat/taules/v2/censph/535/562/mun/data?lang=ca&YEAR=2021&MUN=431711,439057"
2021,439057,Salou,Y025_029,de 25 a 29 anys,5,ESTR,estranger,F,dones,449,,"Idescat, a partir del Cens de població i habitatges de l'INE.",2026-02-25,"https://api.idescat.cat/taules/v2/censph/535/562/mun/data?lang=ca&YEAR=2021&MUN=431711,439057"
2021,439057,Salou,Y025_029,de 25 a 29 anys,5,ESTR,estranger,TOTAL,total,978,,"Idescat, a partir del Cens de població i habitatges de l'INE.",2026-02-25,"https://api.idescat.cat/taules/v2/censph/535/562/mun/data?lang=ca&YEAR=2021&MUN=431711,439057"
2021,439057,Salou,Y025_029,de 25 a 29 anys,5,TOTAL,total,M,homes,874,,"Idescat, a partir del Cens de població i habitatges de l'INE.",2026-02-25,"https://api.idescat.cat/taules/v2/censph/535/562/mun/data?lang=ca&YEAR=2021&MUN=431711,439057"
2021,439057,Salou,Y025_029,de 25 a 29 anys,5,TOTAL,total,F,dones,779,,"Idescat, a partir del Cens de població i habitatges de l'INE.",2026-02-25,"https://api.idescat.cat/taules/v2/censph/535/562/mun/data?lang=ca&YEAR=2021&MUN=431711,439057"
2021,439057,Salou,Y025_029,de 25 a 29 anys,5,TOTAL,total,TOTAL,total,1653,,"Idescat, a partir del Cens de població i habitatges de l'INE.",2026-02-25,"https://api.idescat.cat/taules/v2/censph/535/562/mun/data?lang=ca&YEAR=2021&MUN=431711,439057"
2021,439057,Salou,Y030_034,de 30 a 34 anys,6,CA09,Catalunya,M,homes,322,,"Idescat, a partir del Cens de població i habitatges de l'INE.",2026-02-25,"https://api.idescat.cat/taules/v2/censph/535/562/mun/data?lang=ca&YEAR=2021&MUN=431711,439057"
2021,439057,Salou,Y030_034,de 30 a 34 anys,6,CA09,Catalunya,F,dones,300,,"Idescat, a partir del Cens de població i habitatges de l'INE.",2026-02-25,"https://api.idescat.cat/taules/v2/censph/535/562/mun/data?lang=ca&YEAR=2021&MUN=431711,439057"
2021,439057,Salou,Y030_034,de 30 a 34 anys,6,CA09,Catalunya,TOTAL,total,622,,"Idescat, a partir del Cens de població i habitatges de l'INE.",2026-02-25,"https://api.idescat.cat/taules/v2/censph/535/562/mun/data?lang=ca&YEAR=2021&MUN=431711,439057"
2021,439057,Salou,Y030_034,de 30 a 34 anys,6,RES,resta d'Espanya,M,homes,91,,"Idescat, a partir del Cens de població i habitatges de l'INE.",2026-02-25,"https://api.idescat.cat/taules/v2/censph/535/562/mun/data?lang=ca&YEAR=2021&MUN=431711,439057"
2021,439057,Salou,Y030_034,de 30 a 34 anys,6,RES,resta d'Espanya,F,dones,79,,"Idescat, a partir del Cens de població i habitatges de l'INE.",2026-02-25,"https://api.idescat.cat/taules/v2/censph/535/562/mun/data?lang=ca&YEAR=2021&MUN=431711,439057"
2021,439057,Salou,Y030_034,de 30 a 34 anys,6,RES,resta d'Espanya,TOTAL,total,170,,"Idescat, a partir del Cens de població i habitatges de l'INE.",2026-02-25,"https://api.idescat.cat/taules/v2/censph/535/562/mun/data?lang=ca&YEAR=2021&MUN=431711,439057"
2021,439057,Salou,Y030_034,de 30 a 34 anys,6,ESTR,estranger,M,homes,547,,"Idescat, a partir del Cens de població i habitatges de l'INE.",2026-02-25,"https://api.idescat.cat/taules/v2/censph/535/562/mun/data?lang=ca&YEAR=2021&MUN=431711,439057"
2021,439057,Salou,Y030_034,de 30 a 34 anys,6,ESTR,estranger,F,dones,557,,"Idescat, a partir del Cens de població i habitatges de l'INE.",2026-02-25,"https://api.idescat.cat/taules/v2/censph/535/562/mun/data?lang=ca&YEAR=2021&MUN=431711,439057"
2021,439057,Salou,Y030_034,de 30 a 34 anys,6,ESTR,estranger,TOTAL,total,1104,,"Idescat, a partir del Cens de població i habitatges de l'INE.",2026-02-25,"https://api.idescat.cat/taules/v2/censph/535/562/mun/data?lang=ca&YEAR=2021&MUN=431711,439057"
2021,439057,Salou,Y030_034,de 30 a 34 anys,6,TOTAL,total,M,homes,960,,"Idescat, a partir del Cens de població i habitatges de l'INE.",2026-02-25,"https://api.idescat.cat/taules/v2/censph/535/562/mun/data?lang=ca&YEAR=2021&MUN=431711,439057"
2021,439057,Salou,Y030_034,de 30 a 34 anys,6,TOTAL,total,F,dones,936,,"Idescat, a partir del Cens de població i habitatges de l'INE.",2026-02-25,"https://api.idescat.cat/taules/v2/censph/535/562/mun/data?lang=ca&YEAR=2021&MUN=431711,439057"
2021,439057,Salou,Y030_034,de 30 a 34 anys,6,TOTAL,total,TOTAL,total,1896,,"Idescat, a partir del Cens de població i habitatges de l'INE.",2026-02-25,"https://api.idescat.cat/taules/v2/censph/535/562/mun/data?lang=ca&YEAR=2021&MUN=431711,439057"
2021,439057,Salou,Y035_039,de 35 a 39 anys,7,CA09,Catalunya,M,homes,395,,"Idescat, a partir del Cens de població i habitatges de l'INE.",2026-02-25,"https://api.idescat.cat/taules/v2/censph/535/562/mun/data?lang=ca&YEAR=2021&MUN=431711,439057"
2021,439057,Salou,Y035_039,de 35 a 39 anys,7,CA09,Catalunya,F,dones,369,,"Idescat, a partir del Cens de població i habitatges de l'INE.",2026-02-25,"https://api.idescat.cat/taules/v2/censph/535/562/mun/data?lang=ca&YEAR=2021&MUN=431711,439057"
2021,439057,Salou,Y035_039,de 35 a 39 anys,7,CA09,Catalunya,TOTAL,total,764,,"Idescat, a partir del Cens de població i habitatges de l'INE.",2026-02-25,"https://api.idescat.cat/taules/v2/censph/535/562/mun/data?lang=ca&YEAR=2021&MUN=431711,439057"
2021,439057,Salou,Y035_039,de 35 a 39 anys,7,RES,resta d'Espanya,M,homes,140,,"Idescat, a partir del Cens de població i habitatges de l'INE.",2026-02-25,"https://api.idescat.cat/taules/v2/censph/535/562/mun/data?lang=ca&YEAR=2021&MUN=431711,439057"
2021,439057,Salou,Y035_039,de 35 a 39 anys,7,RES,resta d'Espanya,F,dones,144,,"Idescat, a partir del Cens de població i habitatges de l'INE.",2026-02-25,"https://api.idescat.cat/taules/v2/censph/535/562/mun/data?lang=ca&YEAR=2021&MUN=431711,439057"
2021,439057,Salou,Y035_039,de 35 a 39 anys,7,RES,resta d'Espanya,TOTAL,total,284,,"Idescat, a partir del Cens de població i habitatges de l'INE.",2026-02-25,"https://api.idescat.cat/taules/v2/censph/535/562/mun/data?lang=ca&YEAR=2021&MUN=431711,439057"
2021,439057,Salou,Y035_039,de 35 a 39 anys,7,ESTR,estranger,M,homes,687,,"Idescat, a partir del Cens de població i habitatges de l'INE.",2026-02-25,"https://api.idescat.cat/taules/v2/censph/535/562/mun/data?lang=ca&YEAR=2021&MUN=431711,439057"
2021,439057,Salou,Y035_039,de 35 a 39 anys,7,ESTR,estranger,F,dones,681,,"Idescat, a partir del Cens de població i habitatges de l'INE.",2026-02-25,"https://api.idescat.cat/taules/v2/censph/535/562/mun/data?lang=ca&YEAR=2021&MUN=431711,439057"
2021,439057,Salou,Y035_039,de 35 a 39 anys,7,ESTR,estranger,TOTAL,total,1368,,"Idescat, a partir del Cens de població i habitatges de l'INE.",2026-02-25,"https://api.idescat.cat/taules/v2/censph/535/562/mun/data?lang=ca&YEAR=2021&MUN=431711,439057"
2021,439057,Salou,Y035_039,de 35 a 39 anys,7,TOTAL,total,M,homes,1222,,"Idescat, a partir del Cens de població i habitatges de l'INE.",2026-02-25,"https://api.idescat.cat/taules/v2/censph/535/562/mun/data?lang=ca&YEAR=2021&MUN=431711,439057"
2021,439057,Salou,Y035_039,de 35 a 39 anys,7,TOTAL,total,F,dones,1194,,"Idescat, a partir del Cens de població i habitatges de l'INE.",2026-02-25,"https://api.idescat.cat/taules/v2/censph/535/562/mun/data?lang=ca&YEAR=2021&MUN=431711,439057"
2021,439057,Salou,Y035_039,de 35 a 39 anys,7,TOTAL,total,TOTAL,total,2416,,"Idescat, a partir del Cens de població i habitatges de l'INE.",2026-02-25,"https://api.idescat.cat/taules/v2/censph/535/562/mun/data?lang=ca&YEAR=2021&MUN=431711,439057"
2021,439057,Salou,Y040_044,de 40 a 44 anys,8,CA09,Catalunya,M,homes,510,,"Idescat, a partir del Cens de població i habitatges de l'INE.",2026-02-25,"https://api.idescat.cat/taules/v2/censph/535/562/mun/data?lang=ca&YEAR=2021&MUN=431711,439057"
2021,439057,Salou,Y040_044,de 40 a 44 anys,8,CA09,Catalunya,F,dones,453,,"Idescat, a partir del Cens de població i habitatges de l'INE.",2026-02-25,"https://api.idescat.cat/taules/v2/censph/535/562/mun/data?lang=ca&YEAR=2021&MUN=431711,439057"
2021,439057,Salou,Y040_044,de 40 a 44 anys,8,CA09,Catalunya,TOTAL,total,963,,"Idescat, a partir del Cens de població i habitatges de l'INE.",2026-02-25,"https://api.idescat.cat/taules/v2/censph/535/562/mun/data?lang=ca&YEAR=2021&MUN=431711,439057"
2021,439057,Salou,Y040_044,de 40 a 44 anys,8,RES,resta d'Espanya,M,homes,226,,"Idescat, a partir del Cens de població i habitatges de l'INE.",2026-02-25,"https://api.idescat.cat/taules/v2/censph/535/562/mun/data?lang=ca&YEAR=2021&MUN=431711,439057"
2021,439057,Salou,Y040_044,de 40 a 44 anys,8,RES,resta d'Espanya,F,dones,197,,"Idescat, a partir del Cens de població i habitatges de l'INE.",2026-02-25,"https://api.idescat.cat/taules/v2/censph/535/562/mun/data?lang=ca&YEAR=2021&MUN=431711,439057"
2021,439057,Salou,Y040_044,de 40 a 44 anys,8,RES,resta d'Espanya,TOTAL,total,423,,"Idescat, a partir del Cens de població i habitatges de l'INE.",2026-02-25,"https://api.idescat.cat/taules/v2/censph/535/562/mun/data?lang=ca&YEAR=2021&MUN=431711,439057"
2021,439057,Salou,Y040_044,de 40 a 44 anys,8,ESTR,estranger,M,homes,785,,"Idescat, a partir del Cens de població i habitatges de l'INE.",2026-02-25,"https://api.idescat.cat/taules/v2/censph/535/562/mun/data?lang=ca&YEAR=2021&MUN=431711,439057"
2021,439057,Salou,Y040_044,de 40 a 44 anys,8,ESTR,estranger,F,dones,694,,"Idescat, a partir del Cens de població i habitatges de l'INE.",2026-02-25,"https://api.idescat.cat/taules/v2/censph/535/562/mun/data?lang=ca&YEAR=2021&MUN=431711,439057"
2021,439057,Salou,Y040_044,de 40 a 44 anys,8,ESTR,estranger,TOTAL,total,1479,,"Idescat, a partir del Cens de població i habitatges de l'INE.",2026-02-25,"https://api.idescat.cat/taules/v2/censph/535/562/mun/data?lang=ca&YEAR=2021&MUN=431711,439057"
2021,439057,Salou,Y040_044,de 40 a 44 anys,8,TOTAL,total,M,homes,1521,,"Idescat, a partir del Cens de població i habitatges de l'INE.",2026-02-25,"https://api.idescat.cat/taules/v2/censph/535/562/mun/data?lang=ca&YEAR=2021&MUN=431711,439057"
2021,439057,Salou,Y040_044,de 40 a 44 anys,8,TOTAL,total,F,dones,1344,,"Idescat, a partir del Cens de població i habitatges de l'INE.",2026-02-25,"https://api.idescat.cat/taules/v2/censph/535/562/mun/data?lang=ca&YEAR=2021&MUN=431711,439057"
2021,439057,Salou,Y040_044,de 40 a 44 anys,8,TOTAL,total,TOTAL,total,2865,,"Idescat, a partir del Cens de població i habitatges de l'INE.",2026-02-25,"https://api.idescat.cat/taules/v2/censph/535/562/mun/data?lang=ca&YEAR=2021&MUN=431711,439057"
2021,439057,Salou,Y045_049,de 45 a 49 anys,9,CA09,Catalunya,M,homes,449,,"Idescat, a partir del Cens de població i habitatges de l'INE.",2026-02-25,"https://api.idescat.cat/taules/v2/censph/535/562/mun/data?lang=ca&YEAR=2021&MUN=431711,439057"
2021,439057,Salou,Y045_049,de 45 a 49 anys,9,CA09,Catalunya,F,dones,431,,"Idescat, a partir del Cens de població i habitatges de l'INE.",2026-02-25,"https://api.idescat.cat/taules/v2/censph/535/562/mun/data?lang=ca&YEAR=2021&MUN=431711,439057"
2021,439057,Salou,Y045_049,de 45 a 49 anys,9,CA09,Catalunya,TOTAL,total,880,,"Idescat, a partir del Cens de població i habitatges de l'INE.",2026-02-25,"https://api.idescat.cat/taules/v2/censph/535/562/mun/data?lang=ca&YEAR=2021&MUN=431711,439057"
2021,439057,Salou,Y045_049,de 45 a 49 anys,9,RES,resta d'Espanya,M,homes,249,,"Idescat, a partir del Cens de població i habitatges de l'INE.",2026-02-25,"https://api.idescat.cat/taules/v2/censph/535/562/mun/data?lang=ca&YEAR=2021&MUN=431711,439057"
2021,439057,Salou,Y045_049,de 45 a 49 anys,9,RES,resta d'Espanya,F,dones,232,,"Idescat, a partir del Cens de població i habitatges de l'INE.",2026-02-25,"https://api.idescat.cat/taules/v2/censph/535/562/mun/data?lang=ca&YEAR=2021&MUN=431711,439057"
2021,439057,Salou,Y045_049,de 45 a 49 anys,9,RES,resta d'Espanya,TOTAL,total,481,,"Idescat, a partir del Cens de població i habitatges de l'INE.",2026-02-25,"https://api.idescat.cat/taules/v2/censph/535/562/mun/data?lang=ca&YEAR=2021&MUN=431711,439057"
2021,439057,Salou,Y045_049,de 45 a 49 anys,9,ESTR,estranger,M,homes,686,,"Idescat, a partir del Cens de població i habitatges de l'INE.",2026-02-25,"https://api.idescat.cat/taules/v2/censph/535/562/mun/data?lang=ca&YEAR=2021&MUN=431711,439057"
2021,439057,Salou,Y045_049,de 45 a 49 anys,9,ESTR,estranger,F,dones,518,,"Idescat, a partir del Cens de població i habitatges de l'INE.",2026-02-25,"https://api.idescat.cat/taules/v2/censph/535/562/mun/data?lang=ca&YEAR=2021&MUN=431711,439057"
2021,439057,Salou,Y045_049,de 45 a 49 anys,9,ESTR,estranger,TOTAL,total,1204,,"Idescat, a partir del Cens de població i habitatges de l'INE.",2026-02-25,"https://api.idescat.cat/taules/v2/censph/535/562/mun/data?lang=ca&YEAR=2021&MUN=431711,439057"
2021,439057,Salou,Y045_049,de 45 a 49 anys,9,TOTAL,total,M,homes,1384,,"Idescat, a partir del Cens de població i habitatges de l'INE.",2026-02-25,"https://api.idescat.cat/taules/v2/censph/535/562/mun/data?lang=ca&YEAR=2021&MUN=431711,439057"
2021,439057,Salou,Y045_049,de 45 a 49 anys,9,TOTAL,total,F,dones,1181,,"Idescat, a partir del Cens de població i habitatges de l'INE.",2026-02-25,"https://api.idescat.cat/taules/v2/censph/535/562/mun/data?lang=ca&YEAR=2021&MUN=431711,439057"
2021,439057,Salou,Y045_049,de 45 a 49 anys,9,TOTAL,total,TOTAL,total,2565,,"Idescat, a partir del Cens de població i habitatges de l'INE.",2026-02-25,"https://api.idescat.cat/taules/v2/censph/535/562/mun/data?lang=ca&YEAR=2021&MUN=431711,439057"
2021,439057,Salou,Y050_054,de 50 a 54 anys,10,CA09,Catalunya,M,homes,398,,"Idescat, a partir del Cens de població i habitatges de l'INE.",2026-02-25,"https://api.idescat.cat/taules/v2/censph/535/562/mun/data?lang=ca&YEAR=2021&MUN=431711,439057"
2021,439057,Salou,Y050_054,de 50 a 54 anys,10,CA09,Catalunya,F,dones,353,,"Idescat, a partir del Cens de població i habitatges de l'INE.",2026-02-25,"https://api.idescat.cat/taules/v2/censph/535/562/mun/data?lang=ca&YEAR=2021&MUN=431711,439057"
2021,439057,Salou,Y050_054,de 50 a 54 anys,10,CA09,Catalunya,TOTAL,total,751,,"Idescat, a partir del Cens de població i habitatges de l'INE.",2026-02-25,"https://api.idescat.cat/taules/v2/censph/535/562/mun/data?lang=ca&YEAR=2021&MUN=431711,439057"
2021,439057,Salou,Y050_054,de 50 a 54 anys,10,RES,resta d'Espanya,M,homes,303,,"Idescat, a partir del Cens de població i habitatges de l'INE.",2026-02-25,"https://api.idescat.cat/taules/v2/censph/535/562/mun/data?lang=ca&YEAR=2021&MUN=431711,439057"
2021,439057,Salou,Y050_054,de 50 a 54 anys,10,RES,resta d'Espanya,F,dones,237,,"Idescat, a partir del Cens de població i habitatges de l'INE.",2026-02-25,"https://api.idescat.cat/taules/v2/censph/535/562/mun/data?lang=ca&YEAR=2021&MUN=431711,439057"
2021,439057,Salou,Y050_054,de 50 a 54 anys,10,RES,resta d'Espanya,TOTAL,total,540,,"Idescat, a partir del Cens de població i habitatges de l'INE.",2026-02-25,"https://api.idescat.cat/taules/v2/censph/535/562/mun/data?lang=ca&YEAR=2021&MUN=431711,439057"
2021,439057,Salou,Y050_054,de 50 a 54 anys,10,ESTR,estranger,M,homes,573,,"Idescat, a partir del Cens de població i habitatges de l'INE.",2026-02-25,"https://api.idescat.cat/taules/v2/censph/535/562/mun/data?lang=ca&YEAR=2021&MUN=431711,439057"
2021,439057,Salou,Y050_054,de 50 a 54 anys,10,ESTR,estranger,F,dones,478,,"Idescat, a partir del Cens de població i habitatges de l'INE.",2026-02-25,"https://api.idescat.cat/taules/v2/censph/535/562/mun/data?lang=ca&YEAR=2021&MUN=431711,439057"
2021,439057,Salou,Y050_054,de 50 a 54 anys,10,ESTR,estranger,TOTAL,total,1051,,"Idescat, a partir del Cens de població i habitatges de l'INE.",2026-02-25,"https://api.idescat.cat/taules/v2/censph/535/562/mun/data?lang=ca&YEAR=2021&MUN=431711,439057"
2021,439057,Salou,Y050_054,de 50 a 54 anys,10,TOTAL,total,M,homes,1274,,"Idescat, a partir del Cens de població i habitatges de l'INE.",2026-02-25,"https://api.idescat.cat/taules/v2/censph/535/562/mun/data?lang=ca&YEAR=2021&MUN=431711,439057"
2021,439057,Salou,Y050_054,de 50 a 54 anys,10,TOTAL,total,F,dones,1068,,"Idescat, a partir del Cens de població i habitatges de l'INE.",2026-02-25,"https://api.idescat.cat/taules/v2/censph/535/562/mun/data?lang=ca&YEAR=2021&MUN=431711,439057"
2021,439057,Salou,Y050_054,de 50 a 54 anys,10,TOTAL,total,TOTAL,total,2342,,"Idescat, a partir del Cens de població i habitatges de l'INE.",2026-02-25,"https://api.idescat.cat/taules/v2/censph/535/562/mun/data?lang=ca&YEAR=2021&MUN=431711,439057"
2021,439057,Salou,Y055_059,de 55 a 59 anys,11,CA09,Catalunya,M,homes,289,,"Idescat, a partir del Cens de població i habitatges de l'INE.",2026-02-25,"https://api.idescat.cat/taules/v2/censph/535/562/mun/data?lang=ca&YEAR=2021&MUN=431711,439057"
2021,439057,Salou,Y055_059,de 55 a 59 anys,11,CA09,Catalunya,F,dones,292,,"Idescat, a partir del Cens de població i habitatges de l'INE.",2026-02-25,"https://api.idescat.cat/taules/v2/censph/535/562/mun/data?lang=ca&YEAR=2021&MUN=431711,439057"
2021,439057,Salou,Y055_059,de 55 a 59 anys,11,CA09,Catalunya,TOTAL,total,581,,"Idescat, a partir del Cens de població i habitatges de l'INE.",2026-02-25,"https://api.idescat.cat/taules/v2/censph/535/562/mun/data?lang=ca&YEAR=2021&MUN=431711,439057"
2021,439057,Salou,Y055_059,de 55 a 59 anys,11,RES,resta d'Espanya,M,homes,319,,"Idescat, a partir del Cens de població i habitatges de l'INE.",2026-02-25,"https://api.idescat.cat/taules/v2/censph/535/562/mun/data?lang=ca&YEAR=2021&MUN=431711,439057"
2021,439057,Salou,Y055_059,de 55 a 59 anys,11,RES,resta d'Espanya,F,dones,320,,"Idescat, a partir del Cens de població i habitatges de l'INE.",2026-02-25,"https://api.idescat.cat/taules/v2/censph/535/562/mun/data?lang=ca&YEAR=2021&MUN=431711,439057"
2021,439057,Salou,Y055_059,de 55 a 59 anys,11,RES,resta d'Espanya,TOTAL,total,639,,"Idescat, a partir del Cens de població i habitatges de l'INE.",2026-02-25,"https://api.idescat.cat/taules/v2/censph/535/562/mun/data?lang=ca&YEAR=2021&MUN=431711,439057"
2021,439057,Salou,Y055_059,de 55 a 59 anys,11,ESTR,estranger,M,homes,375,,"Idescat, a partir del Cens de població i habitatges de l'INE.",2026-02-25,"https://api.idescat.cat/taules/v2/censph/535/562/mun/data?lang=ca&YEAR=2021&MUN=431711,439057"
2021,439057,Salou,Y055_059,de 55 a 59 anys,11,ESTR,estranger,F,dones,345,,"Idescat, a partir del Cens de població i habitatges de l'INE.",2026-02-25,"https://api.idescat.cat/taules/v2/censph/535/562/mun/data?lang=ca&YEAR=2021&MUN=431711,439057"
2021,439057,Salou,Y055_059,de 55 a 59 anys,11,ESTR,estranger,TOTAL,total,720,,"Idescat, a partir del Cens de població i habitatges de l'INE.",2026-02-25,"https://api.idescat.cat/taules/v2/censph/535/562/mun/data?lang=ca&YEAR=2021&MUN=431711,439057"
2021,439057,Salou,Y055_059,de 55 a 59 anys,11,TOTAL,total,M,homes,983,,"Idescat, a partir del Cens de població i habitatges de l'INE.",2026-02-25,"https://api.idescat.cat/taules/v2/censph/535/562/mun/data?lang=ca&YEAR=2021&MUN=431711,439057"
2021,439057,Salou,Y055_059,de 55 a 59 anys,11,TOTAL,total,F,dones,957,,"Idescat, a partir del Cens de població i habitatges de l'INE.",2026-02-25,"https://api.idescat.cat/taules/v2/censph/535/562/mun/data?lang=ca&YEAR=2021&MUN=431711,439057"
2021,439057,Salou,Y055_059,de 55 a 59 anys,11,TOTAL,total,TOTAL,total,1940,,"Idescat, a partir del Cens de població i habitatges de l'INE.",2026-02-25,"https://api.idescat.cat/taules/v2/censph/535/562/mun/data?lang=ca&YEAR=2021&MUN=431711,439057"
2021,439057,Salou,Y060_064,de 60 a 64 anys,12,CA09,Catalunya,M,homes,212,,"Idescat, a partir del Cens de població i habitatges de l'INE.",2026-02-25,"https://api.idescat.cat/taules/v2/censph/535/562/mun/data?lang=ca&YEAR=2021&MUN=431711,439057"
2021,439057,Salou,Y060_064,de 60 a 64 anys,12,CA09,Catalunya,F,dones,199,,"Idescat, a partir del Cens de població i habitatges de l'INE.",2026-02-25,"https://api.idescat.cat/taules/v2/censph/535/562/mun/data?lang=ca&YEAR=2021&MUN=431711,439057"
2021,439057,Salou,Y060_064,de 60 a 64 anys,12,CA09,Catalunya,TOTAL,total,411,,"Idescat, a partir del Cens de població i habitatges de l'INE.",2026-02-25,"https://api.idescat.cat/taules/v2/censph/535/562/mun/data?lang=ca&YEAR=2021&MUN=431711,439057"
2021,439057,Salou,Y060_064,de 60 a 64 anys,12,RES,resta d'Espanya,M,homes,340,,"Idescat, a partir del Cens de població i habitatges de l'INE.",2026-02-25,"https://api.idescat.cat/taules/v2/censph/535/562/mun/data?lang=ca&YEAR=2021&MUN=431711,439057"
2021,439057,Salou,Y060_064,de 60 a 64 anys,12,RES,resta d'Espanya,F,dones,338,,"Idescat, a partir del Cens de població i habitatges de l'INE.",2026-02-25,"https://api.idescat.cat/taules/v2/censph/535/562/mun/data?lang=ca&YEAR=2021&MUN=431711,439057"
2021,439057,Salou,Y060_064,de 60 a 64 anys,12,RES,resta d'Espanya,TOTAL,total,678,,"Idescat, a partir del Cens de població i habitatges de l'INE.",2026-02-25,"https://api.idescat.cat/taules/v2/censph/535/562/mun/data?lang=ca&YEAR=2021&MUN=431711,439057"
2021,439057,Salou,Y060_064,de 60 a 64 anys,12,ESTR,estranger,M,homes,266,,"Idescat, a partir del Cens de població i habitatges de l'INE.",2026-02-25,"https://api.idescat.cat/taules/v2/censph/535/562/mun/data?lang=ca&YEAR=2021&MUN=431711,439057"
2021,439057,Salou,Y060_064,de 60 a 64 anys,12,ESTR,estranger,F,dones,254,,"Idescat, a partir del Cens de població i habitatges de l'INE.",2026-02-25,"https://api.idescat.cat/taules/v2/censph/535/562/mun/data?lang=ca&YEAR=2021&MUN=431711,439057"
2021,439057,Salou,Y060_064,de 60 a 64 anys,12,ESTR,estranger,TOTAL,total,520,,"Idescat, a partir del Cens de població i habitatges de l'INE.",2026-02-25,"https://api.idescat.cat/taules/v2/censph/535/562/mun/data?lang=ca&YEAR=2021&MUN=431711,439057"
2021,439057,Salou,Y060_064,de 60 a 64 anys,12,TOTAL,total,M,homes,818,,"Idescat, a partir del Cens de població i habitatges de l'INE.",2026-02-25,"https://api.idescat.cat/taules/v2/censph/535/562/mun/data?lang=ca&YEAR=2021&MUN=431711,439057"
2021,439057,Salou,Y060_064,de 60 a 64 anys,12,TOTAL,total,F,dones,791,,"Idescat, a partir del Cens de població i habitatges de l'INE.",2026-02-25,"https://api.idescat.cat/taules/v2/censph/535/562/mun/data?lang=ca&YEAR=2021&MUN=431711,439057"
2021,439057,Salou,Y060_064,de 60 a 64 anys,12,TOTAL,total,TOTAL,total,1609,,"Idescat, a partir del Cens de població i habitatges de l'INE.",2026-02-25,"https://api.idescat.cat/taules/v2/censph/535/562/mun/data?lang=ca&YEAR=2021&MUN=431711,439057"
2021,439057,Salou,Y065_069,de 65 a 69 anys,13,CA09,Catalunya,M,homes,150,,"Idescat, a partir del Cens de població i habitatges de l'INE.",2026-02-25,"https://api.idescat.cat/taules/v2/censph/535/562/mun/data?lang=ca&YEAR=2021&MUN=431711,439057"
2021,439057,Salou,Y065_069,de 65 a 69 anys,13,CA09,Catalunya,F,dones,159,,"Idescat, a partir del Cens de població i habitatges de l'INE.",2026-02-25,"https://api.idescat.cat/taules/v2/censph/535/562/mun/data?lang=ca&YEAR=2021&MUN=431711,439057"
2021,439057,Salou,Y065_069,de 65 a 69 anys,13,CA09,Catalunya,TOTAL,total,309,,"Idescat, a partir del Cens de població i habitatges de l'INE.",2026-02-25,"https://api.idescat.cat/taules/v2/censph/535/562/mun/data?lang=ca&YEAR=2021&MUN=431711,439057"
2021,439057,Salou,Y065_069,de 65 a 69 anys,13,RES,resta d'Espanya,M,homes,301,,"Idescat, a partir del Cens de població i habitatges de l'INE.",2026-02-25,"https://api.idescat.cat/taules/v2/censph/535/562/mun/data?lang=ca&YEAR=2021&MUN=431711,439057"
2021,439057,Salou,Y065_069,de 65 a 69 anys,13,RES,resta d'Espanya,F,dones,292,,"Idescat, a partir del Cens de població i habitatges de l'INE.",2026-02-25,"https://api.idescat.cat/taules/v2/censph/535/562/mun/data?lang=ca&YEAR=2021&MUN=431711,439057"
2021,439057,Salou,Y065_069,de 65 a 69 anys,13,RES,resta d'Espanya,TOTAL,total,593,,"Idescat, a partir del Cens de població i habitatges de l'INE.",2026-02-25,"https://api.idescat.cat/taules/v2/censph/535/562/mun/data?lang=ca&YEAR=2021&MUN=431711,439057"
2021,439057,Salou,Y065_069,de 65 a 69 anys,13,ESTR,estranger,M,homes,152,,"Idescat, a partir del Cens de població i habitatges de l'INE.",2026-02-25,"https://api.idescat.cat/taules/v2/censph/535/562/mun/data?lang=ca&YEAR=2021&MUN=431711,439057"
2021,439057,Salou,Y065_069,de 65 a 69 anys,13,ESTR,estranger,F,dones,188,,"Idescat, a partir del Cens de població i habitatges de l'INE.",2026-02-25,"https://api.idescat.cat/taules/v2/censph/535/562/mun/data?lang=ca&YEAR=2021&MUN=431711,439057"
2021,439057,Salou,Y065_069,de 65 a 69 anys,13,ESTR,estranger,TOTAL,total,340,,"Idescat, a partir del Cens de població i habitatges de l'INE.",2026-02-25,"https://api.idescat.cat/taules/v2/censph/535/562/mun/data?lang=ca&YEAR=2021&MUN=431711,439057"
2021,439057,Salou,Y065_069,de 65 a 69 anys,13,TOTAL,total,M,homes,603,,"Idescat, a partir del Cens de població i habitatges de l'INE.",2026-02-25,"https://api.idescat.cat/taules/v2/censph/535/562/mun/data?lang=ca&YEAR=2021&MUN=431711,439057"
2021,439057,Salou,Y065_069,de 65 a 69 anys,13,TOTAL,total,F,dones,639,,"Idescat, a partir del Cens de població i habitatges de l'INE.",2026-02-25,"https://api.idescat.cat/taules/v2/censph/535/562/mun/data?lang=ca&YEAR=2021&MUN=431711,439057"
2021,439057,Salou,Y065_069,de 65 a 69 anys,13,TOTAL,total,TOTAL,total,1242,,"Idescat, a partir del Cens de població i habitatges de l'INE.",2026-02-25,"https://api.idescat.cat/taules/v2/censph/535/562/mun/data?lang=ca&YEAR=2021&MUN=431711,439057"
2021,439057,Salou,Y070_074,de 70 a 74 anys,14,CA09,Catalunya,M,homes,128,,"Idescat, a partir del Cens de població i habitatges de l'INE.",2026-02-25,"https://api.idescat.cat/taules/v2/censph/535/562/mun/data?lang=ca&YEAR=2021&MUN=431711,439057"
2021,439057,Salou,Y070_074,de 70 a 74 anys,14,CA09,Catalunya,F,dones,139,,"Idescat, a partir del Cens de població i habitatges de l'INE.",2026-02-25,"https://api.idescat.cat/taules/v2/censph/535/562/mun/data?lang=ca&YEAR=2021&MUN=431711,439057"
2021,439057,Salou,Y070_074,de 70 a 74 anys,14,CA09,Catalunya,TOTAL,total,267,,"Idescat, a partir del Cens de població i habitatges de l'INE.",2026-02-25,"https://api.idescat.cat/taules/v2/censph/535/562/mun/data?lang=ca&YEAR=2021&MUN=431711,439057"
2021,439057,Salou,Y070_074,de 70 a 74 anys,14,RES,resta d'Espanya,M,homes,257,,"Idescat, a partir del Cens de població i habitatges de l'INE.",2026-02-25,"https://api.idescat.cat/taules/v2/censph/535/562/mun/data?lang=ca&YEAR=2021&MUN=431711,439057"
2021,439057,Salou,Y070_074,de 70 a 74 anys,14,RES,resta d'Espanya,F,dones,265,,"Idescat, a partir del Cens de població i habitatges de l'INE.",2026-02-25,"https://api.idescat.cat/taules/v2/censph/535/562/mun/data?lang=ca&YEAR=2021&MUN=431711,439057"
2021,439057,Salou,Y070_074,de 70 a 74 anys,14,RES,resta d'Espanya,TOTAL,total,522,,"Idescat, a partir del Cens de població i habitatges de l'INE.",2026-02-25,"https://api.idescat.cat/taules/v2/censph/535/562/mun/data?lang=ca&YEAR=2021&MUN=431711,439057"
2021,439057,Salou,Y070_074,de 70 a 74 anys,14,ESTR,estranger,M,homes,105,,"Idescat, a partir del Cens de població i habitatges de l'INE.",2026-02-25,"https://api.idescat.cat/taules/v2/censph/535/562/mun/data?lang=ca&YEAR=2021&MUN=431711,439057"
2021,439057,Salou,Y070_074,de 70 a 74 anys,14,ESTR,estranger,F,dones,127,,"Idescat, a partir del Cens de població i habitatges de l'INE.",2026-02-25,"https://api.idescat.cat/taules/v2/censph/535/562/mun/data?lang=ca&YEAR=2021&MUN=431711,439057"
2021,439057,Salou,Y070_074,de 70 a 74 anys,14,ESTR,estranger,TOTAL,total,232,,"Idescat, a partir del Cens de població i habitatges de l'INE.",2026-02-25,"https://api.idescat.cat/taules/v2/censph/535/562/mun/data?lang=ca&YEAR=2021&MUN=431711,439057"
2021,439057,Salou,Y070_074,de 70 a 74 anys,14,TOTAL,total,M,homes,490,,"Idescat, a partir del Cens de població i habitatges de l'INE.",2026-02-25,"https://api.idescat.cat/taules/v2/censph/535/562/mun/data?lang=ca&YEAR=2021&MUN=431711,439057"
2021,439057,Salou,Y070_074,de 70 a 74 anys,14,TOTAL,total,F,dones,531,,"Idescat, a partir del Cens de població i habitatges de l'INE.",2026-02-25,"https://api.idescat.cat/taules/v2/censph/535/562/mun/data?lang=ca&YEAR=2021&MUN=431711,439057"
2021,439057,Salou,Y070_074,de 70 a 74 anys,14,TOTAL,total,TOTAL,total,1021,,"Idescat, a partir del Cens de població i habitatges de l'INE.",2026-02-25,"https://api.idescat.cat/taules/v2/censph/535/562/mun/data?lang=ca&YEAR=2021&MUN=431711,439057"
2021,439057,Salou,Y075_079,de 75 a 79 anys,15,CA09,Catalunya,M,homes,98,,"Idescat, a partir del Cens de població i habitatges de l'INE.",2026-02-25,"https://api.idescat.cat/taules/v2/censph/535/562/mun/data?lang=ca&YEAR=2021&MUN=431711,439057"
2021,439057,Salou,Y075_079,de 75 a 79 anys,15,CA09,Catalunya,F,dones,103,,"Idescat, a partir del Cens de població i habitatges de l'INE.",2026-02-25,"https://api.idescat.cat/taules/v2/censph/535/562/mun/data?lang=ca&YEAR=2021&MUN=431711,439057"
2021,439057,Salou,Y075_079,de 75 a 79 anys,15,CA09,Catalunya,TOTAL,total,201,,"Idescat, a partir del Cens de població i habitatges de l'INE.",2026-02-25,"https://api.idescat.cat/taules/v2/censph/535/562/mun/data?lang=ca&YEAR=2021&MUN=431711,439057"
2021,439057,Salou,Y075_079,de 75 a 79 anys,15,RES,resta d'Espanya,M,homes,147,,"Idescat, a partir del Cens de població i habitatges de l'INE.",2026-02-25,"https://api.idescat.cat/taules/v2/censph/535/562/mun/data?lang=ca&YEAR=2021&MUN=431711,439057"
2021,439057,Salou,Y075_079,de 75 a 79 anys,15,RES,resta d'Espanya,F,dones,185,,"Idescat, a partir del Cens de població i habitatges de l'INE.",2026-02-25,"https://api.idescat.cat/taules/v2/censph/535/562/mun/data?lang=ca&YEAR=2021&MUN=431711,439057"
2021,439057,Salou,Y075_079,de 75 a 79 anys,15,RES,resta d'Espanya,TOTAL,total,332,,"Idescat, a partir del Cens de població i habitatges de l'INE.",2026-02-25,"https://api.idescat.cat/taules/v2/censph/535/562/mun/data?lang=ca&YEAR=2021&MUN=431711,439057"
2021,439057,Salou,Y075_079,de 75 a 79 anys,15,ESTR,estranger,M,homes,45,,"Idescat, a partir del Cens de població i habitatges de l'INE.",2026-02-25,"https://api.idescat.cat/taules/v2/censph/535/562/mun/data?lang=ca&YEAR=2021&MUN=431711,439057"
2021,439057,Salou,Y075_079,de 75 a 79 anys,15,ESTR,estranger,F,dones,54,,"Idescat, a partir del Cens de població i habitatges de l'INE.",2026-02-25,"https://api.idescat.cat/taules/v2/censph/535/562/mun/data?lang=ca&YEAR=2021&MUN=431711,439057"
2021,439057,Salou,Y075_079,de 75 a 79 anys,15,ESTR,estranger,TOTAL,total,99,,"Idescat, a partir del Cens de població i habitatges de l'INE.",2026-02-25,"https://api.idescat.cat/taules/v2/censph/535/562/mun/data?lang=ca&YEAR=2021&MUN=431711,439057"
2021,439057,Salou,Y075_079,de 75 a 79 anys,15,TOTAL,total,M,homes,290,,"Idescat, a partir del Cens de població i habitatges de l'INE.",2026-02-25,"https://api.idescat.cat/taules/v2/censph/535/562/mun/data?lang=ca&YEAR=2021&MUN=431711,439057"
2021,439057,Salou,Y075_079,de 75 a 79 anys,15,TOTAL,total,F,dones,342,,"Idescat, a partir del Cens de població i habitatges de l'INE.",2026-02-25,"https://api.idescat.cat/taules/v2/censph/535/562/mun/data?lang=ca&YEAR=2021&MUN=431711,439057"
2021,439057,Salou,Y075_079,de 75 a 79 anys,15,TOTAL,total,TOTAL,total,632,,"Idescat, a partir del Cens de població i habitatges de l'INE.",2026-02-25,"https://api.idescat.cat/taules/v2/censph/535/562/mun/data?lang=ca&YEAR=2021&MUN=431711,439057"
2021,439057,Salou,Y080_084,de 80 a 84 anys,16,CA09,Catalunya,M,homes,68,,"Idescat, a partir del Cens de població i habitatges de l'INE.",2026-02-25,"https://api.idescat.cat/taules/v2/censph/535/562/mun/data?lang=ca&YEAR=2021&MUN=431711,439057"
2021,439057,Salou,Y080_084,de 80 a 84 anys,16,CA09,Catalunya,F,dones,76,,"Idescat, a partir del Cens de població i habitatges de l'INE.",2026-02-25,"https://api.idescat.cat/taules/v2/censph/535/562/mun/data?lang=ca&YEAR=2021&MUN=431711,439057"
2021,439057,Salou,Y080_084,de 80 a 84 anys,16,CA09,Catalunya,TOTAL,total,144,,"Idescat, a partir del Cens de població i habitatges de l'INE.",2026-02-25,"https://api.idescat.cat/taules/v2/censph/535/562/mun/data?lang=ca&YEAR=2021&MUN=431711,439057"
2021,439057,Salou,Y080_084,de 80 a 84 anys,16,RES,resta d'Espanya,M,homes,92,,"Idescat, a partir del Cens de població i habitatges de l'INE.",2026-02-25,"https://api.idescat.cat/taules/v2/censph/535/562/mun/data?lang=ca&YEAR=2021&MUN=431711,439057"
2021,439057,Salou,Y080_084,de 80 a 84 anys,16,RES,resta d'Espanya,F,dones,136,,"Idescat, a partir del Cens de població i habitatges de l'INE.",2026-02-25,"https://api.idescat.cat/taules/v2/censph/535/562/mun/data?lang=ca&YEAR=2021&MUN=431711,439057"
2021,439057,Salou,Y080_084,de 80 a 84 anys,16,RES,resta d'Espanya,TOTAL,total,228,,"Idescat, a partir del Cens de població i habitatges de l'INE.",2026-02-25,"https://api.idescat.cat/taules/v2/censph/535/562/mun/data?lang=ca&YEAR=2021&MUN=431711,439057"
2021,439057,Salou,Y080_084,de 80 a 84 anys,16,ESTR,estranger,M,homes,30,,"Idescat, a partir del Cens de població i habitatges de l'INE.",2026-02-25,"https://api.idescat.cat/taules/v2/censph/535/562/mun/data?lang=ca&YEAR=2021&MUN=431711,439057"
2021,439057,Salou,Y080_084,de 80 a 84 anys,16,ESTR,estranger,F,dones,28,,"Idescat, a partir del Cens de població i habitatges de l'INE.",2026-02-25,"https://api.idescat.cat/taules/v2/censph/535/562/mun/data?lang=ca&YEAR=2021&MUN=431711,439057"
2021,439057,Salou,Y080_084,de 80 a 84 anys,16,ESTR,estranger,TOTAL,total,58,,"Idescat, a partir del Cens de població i habitatges de l'INE.",2026-02-25,"https://api.idescat.cat/taules/v2/censph/535/562/mun/data?lang=ca&YEAR=2021&MUN=431711,439057"
2021,439057,Salou,Y080_084,de 80 a 84 anys,16,TOTAL,total,M,homes,190,,"Idescat, a partir del Cens de població i habitatges de l'INE.",2026-02-25,"https://api.idescat.cat/taules/v2/censph/535/562/mun/data?lang=ca&YEAR=2021&MUN=431711,439057"
2021,439057,Salou,Y080_084,de 80 a 84 anys,16,TOTAL,total,F,dones,240,,"Idescat, a partir del Cens de població i habitatges de l'INE.",2026-02-25,"https://api.idescat.cat/taules/v2/censph/535/562/mun/data?lang=ca&YEAR=2021&MUN=431711,439057"
2021,439057,Salou,Y080_084,de 80 a 84 anys,16,TOTAL,total,TOTAL,total,430,,"Idescat, a partir del Cens de població i habitatges de l'INE.",2026-02-25,"https://api.idescat.cat/taules/v2/censph/535/562/mun/data?lang=ca&YEAR=2021&MUN=431711,439057"
2021,439057,Salou,Y_GE085,85 anys o més,17,CA09,Catalunya,M,homes,53,,"Idescat, a partir del Cens de població i habitatges de l'INE.",2026-02-25,"https://api.idescat.cat/taules/v2/censph/535/562/mun/data?lang=ca&YEAR=2021&MUN=431711,439057"
2021,439057,Salou,Y_GE085,85 anys o més,17,CA09,Catalunya,F,dones,97,,"Idescat, a partir del Cens de població i habitatges de l'INE.",2026-02-25,"https://api.idescat.cat/taules/v2/censph/535/562/mun/data?lang=ca&YEAR=2021&MUN=431711,439057"
2021,439057,Salou,Y_GE085,85 anys o més,17,CA09,Catalunya,TOTAL,total,150,,"Idescat, a partir del Cens de població i habitatges de l'INE.",2026-02-25,"https://api.idescat.cat/taules/v2/censph/535/562/mun/data?lang=ca&YEAR=2021&MUN=431711,439057"
2021,439057,Salou,Y_GE085,85 anys o més,17,RES,resta d'Espanya,M,homes,111,,"Idescat, a partir del Cens de població i habitatges de l'INE.",2026-02-25,"https://api.idescat.cat/taules/v2/censph/535/562/mun/data?lang=ca&YEAR=2021&MUN=431711,439057"
2021,439057,Salou,Y_GE085,85 anys o més,17,RES,resta d'Espanya,F,dones,178,,"Idescat, a partir del Cens de població i habitatges de l'INE.",2026-02-25,"https://api.idescat.cat/taules/v2/censph/535/562/mun/data?lang=ca&YEAR=2021&MUN=431711,439057"
2021,439057,Salou,Y_GE085,85 anys o més,17,RES,resta d'Espanya,TOTAL,total,289,,"Idescat, a partir del Cens de població i habitatges de l'INE.",2026-02-25,"https://api.idescat.cat/taules/v2/censph/535/562/mun/data?lang=ca&YEAR=2021&MUN=431711,439057"
2021,439057,Salou,Y_GE085,85 anys o més,17,ESTR,estranger,M,homes,11,,"Idescat, a partir del Cens de població i habitatges de l'INE.",2026-02-25,"https://api.idescat.cat/taules/v2/censph/535/562/mun/data?lang=ca&YEAR=2021&MUN=431711,439057"
2021,439057,Salou,Y_GE085,85 anys o més,17,ESTR,estranger,F,dones,40,,"Idescat, a partir del Cens de població i habitatges de l'INE.",2026-02-25,"https://api.idescat.cat/taules/v2/censph/535/562/mun/data?lang=ca&YEAR=2021&MUN=431711,439057"
2021,439057,Salou,Y_GE085,85 anys o més,17,ESTR,estranger,TOTAL,total,51,,"Idescat, a partir del Cens de població i habitatges de l'INE.",2026-02-25,"https://api.idescat.cat/taules/v2/censph/535/562/mun/data?lang=ca&YEAR=2021&MUN=431711,439057"
2021,439057,Salou,Y_GE085,85 anys o més,17,TOTAL,total,M,homes,175,,"Idescat, a partir del Cens de població i habitatges de l'INE.",2026-02-25,"https://api.idescat.cat/taules/v2/censph/535/562/mun/data?lang=ca&YEAR=2021&MUN=431711,439057"
2021,439057,Salou,Y_GE085,85 anys o més,17,TOTAL,total,F,dones,315,,"Idescat, a partir del Cens de població i habitatges de l'INE.",2026-02-25,"https://api.idescat.cat/taules/v2/censph/535/562/mun/data?lang=ca&YEAR=2021&MUN=431711,439057"
2021,439057,Salou,Y_GE085,85 anys o més,17,TOTAL,total,TOTAL,total,490,,"Idescat, a partir del Cens de població i habitatges de l'INE.",2026-02-25,"https://api.idescat.cat/taules/v2/censph/535/562/mun/data?lang=ca&YEAR=2021&MUN=431711,439057"
2021,439057,Salou,TOTAL,total,18,CA09,Catalunya,M,homes,6051,,"Idescat, a partir del Cens de població i habitatges de l'INE.",2026-02-25,"https://api.idescat.cat/taules/v2/censph/535/562/mun/data?lang=ca&YEAR=2021&MUN=431711,439057"
2021,439057,Salou,TOTAL,total,18,CA09,Catalunya,F,dones,5726,,"Idescat, a partir del Cens de població i habitatges de l'INE.",2026-02-25,"https://api.idescat.cat/taules/v2/censph/535/562/mun/data?lang=ca&YEAR=2021&MUN=431711,439057"
2021,439057,Salou,TOTAL,total,18,CA09,Catalunya,TOTAL,total,11777,,"Idescat, a partir del Cens de població i habitatges de l'INE.",2026-02-25,"https://api.idescat.cat/taules/v2/censph/535/562/mun/data?lang=ca&YEAR=2021&MUN=431711,439057"
2021,439057,Salou,TOTAL,total,18,RES,resta d'Espanya,M,homes,2798,,"Idescat, a partir del Cens de població i habitatges de l'INE.",2026-02-25,"https://api.idescat.cat/taules/v2/censph/535/562/mun/data?lang=ca&YEAR=2021&MUN=431711,439057"
2021,439057,Salou,TOTAL,total,18,RES,resta d'Espanya,F,dones,2821,,"Idescat, a partir del Cens de població i habitatges de l'INE.",2026-02-25,"https://api.idescat.cat/taules/v2/censph/535/562/mun/data?lang=ca&YEAR=2021&MUN=431711,439057"
2021,439057,Salou,TOTAL,total,18,RES,resta d'Espanya,TOTAL,total,5619,,"Idescat, a partir del Cens de població i habitatges de l'INE.",2026-02-25,"https://api.idescat.cat/taules/v2/censph/535/562/mun/data?lang=ca&YEAR=2021&MUN=431711,439057"
2021,439057,Salou,TOTAL,total,18,ESTR,estranger,M,homes,5738,,"Idescat, a partir del Cens de població i habitatges de l'INE.",2026-02-25,"https://api.idescat.cat/taules/v2/censph/535/562/mun/data?lang=ca&YEAR=2021&MUN=431711,439057"
2021,439057,Salou,TOTAL,total,18,ESTR,estranger,F,dones,5180,,"Idescat, a partir del Cens de població i habitatges de l'INE.",2026-02-25,"https://api.idescat.cat/taules/v2/censph/535/562/mun/data?lang=ca&YEAR=2021&MUN=431711,439057"
2021,439057,Salou,TOTAL,total,18,ESTR,estranger,TOTAL,total,10918,,"Idescat, a partir del Cens de població i habitatges de l'INE.",2026-02-25,"https://api.idescat.cat/taules/v2/censph/535/562/mun/data?lang=ca&YEAR=2021&MUN=431711,439057"
2021,439057,Salou,TOTAL,total,18,TOTAL,total,M,homes,14587,,"Idescat, a partir del Cens de població i habitatges de l'INE.",2026-02-25,"https://api.idescat.cat/taules/v2/censph/535/562/mun/data?lang=ca&YEAR=2021&MUN=431711,439057"
2021,439057,Salou,TOTAL,total,18,TOTAL,total,F,dones,13727,,"Idescat, a partir del Cens de població i habitatges de l'INE.",2026-02-25,"https://api.idescat.cat/taules/v2/censph/535/562/mun/data?lang=ca&YEAR=2021&MUN=431711,439057"
2021,439057,Salou,TOTAL,total,18,TOTAL,total,TOTAL,total,28314,,"Idescat, a partir del Cens de població i habitatges de l'INE.",2026-02-25,"https://api.idescat.cat/taules/v2/censph/535/562/mun/data?lang=ca&YEAR=2021&MUN=431711,439057"
2021,431711,Vila-seca,Y000_004,de 0 a 4 anys,0,CA09,Catalunya,M,homes,573,,"Idescat, a partir del Cens de població i habitatges de l'INE.",2026-02-25,"https://api.idescat.cat/taules/v2/censph/535/562/mun/data?lang=ca&YEAR=2021&MUN=431711,439057"
2021,431711,Vila-seca,Y000_004,de 0 a 4 anys,0,CA09,Catalunya,F,dones,540,,"Idescat, a partir del Cens de població i habitatges de l'INE.",2026-02-25,"https://api.idescat.cat/taules/v2/censph/535/562/mun/data?lang=ca&YEAR=2021&MUN=431711,439057"
2021,431711,Vila-seca,Y000_004,de 0 a 4 anys,0,CA09,Catalunya,TOTAL,total,1113,,"Idescat, a partir del Cens de població i habitatges de l'INE.",2026-02-25,"https://api.idescat.cat/taules/v2/censph/535/562/mun/data?lang=ca&YEAR=2021&MUN=431711,439057"
2021,431711,Vila-seca,Y000_004,de 0 a 4 anys,0,RES,resta d'Espanya,M,homes,9,,"Idescat, a partir del Cens de població i habitatges de l'INE.",2026-02-25,"https://api.idescat.cat/taules/v2/censph/535/562/mun/data?lang=ca&YEAR=2021&MUN=431711,439057"
2021,431711,Vila-seca,Y000_004,de 0 a 4 anys,0,RES,resta d'Espanya,F,dones,6,,"Idescat, a partir del Cens de població i habitatges de l'INE.",2026-02-25,"https://api.idescat.cat/taules/v2/censph/535/562/mun/data?lang=ca&YEAR=2021&MUN=431711,439057"
2021,431711,Vila-seca,Y000_004,de 0 a 4 anys,0,RES,resta d'Espanya,TOTAL,total,15,,"Idescat, a partir del Cens de població i habitatges de l'INE.",2026-02-25,"https://api.idescat.cat/taules/v2/censph/535/562/mun/data?lang=ca&YEAR=2021&MUN=431711,439057"
2021,431711,Vila-seca,Y000_004,de 0 a 4 anys,0,ESTR,estranger,M,homes,19,,"Idescat, a partir del Cens de població i habitatges de l'INE.",2026-02-25,"https://api.idescat.cat/taules/v2/censph/535/562/mun/data?lang=ca&YEAR=2021&MUN=431711,439057"
2021,431711,Vila-seca,Y000_004,de 0 a 4 anys,0,ESTR,estranger,F,dones,13,,"Idescat, a partir del Cens de població i habitatges de l'INE.",2026-02-25,"https://api.idescat.cat/taules/v2/censph/535/562/mun/data?lang=ca&YEAR=2021&MUN=431711,439057"
2021,431711,Vila-seca,Y000_004,de 0 a 4 anys,0,ESTR,estranger,TOTAL,total,32,,"Idescat, a partir del Cens de població i habitatges de l'INE.",2026-02-25,"https://api.idescat.cat/taules/v2/censph/535/562/mun/data?lang=ca&YEAR=2021&MUN=431711,439057"
2021,431711,Vila-seca,Y000_004,de 0 a 4 anys,0,TOTAL,total,M,homes,601,,"Idescat, a partir del Cens de població i habitatges de l'INE.",2026-02-25,"https://api.idescat.cat/taules/v2/censph/535/562/mun/data?lang=ca&YEAR=2021&MUN=431711,439057"
2021,431711,Vila-seca,Y000_004,de 0 a 4 anys,0,TOTAL,total,F,dones,559,,"Idescat, a partir del Cens de població i habitatges de l'INE.",2026-02-25,"https://api.idescat.cat/taules/v2/censph/535/562/mun/data?lang=ca&YEAR=2021&MUN=431711,439057"
2021,431711,Vila-seca,Y000_004,de 0 a 4 anys,0,TOTAL,total,TOTAL,total,1160,,"Idescat, a partir del Cens de població i habitatges de l'INE.",2026-02-25,"https://api.idescat.cat/taules/v2/censph/535/562/mun/data?lang=ca&YEAR=2021&MUN=431711,439057"
2021,431711,Vila-seca,Y005_009,de 5 a 9 anys,1,CA09,Catalunya,M,homes,731,,"Idescat, a partir del Cens de població i habitatges de l'INE.",2026-02-25,"https://api.idescat.cat/taules/v2/censph/535/562/mun/data?lang=ca&YEAR=2021&MUN=431711,439057"
2021,431711,Vila-seca,Y005_009,de 5 a 9 anys,1,CA09,Catalunya,F,dones,678,,"Idescat, a partir del Cens de població i habitatges de l'INE.",2026-02-25,"https://api.idescat.cat/taules/v2/censph/535/562/mun/data?lang=ca&YEAR=2021&MUN=431711,439057"
2021,431711,Vila-seca,Y005_009,de 5 a 9 anys,1,CA09,Catalunya,TOTAL,total,1409,,"Idescat, a partir del Cens de població i habitatges de l'INE.",2026-02-25,"https://api.idescat.cat/taules/v2/censph/535/562/mun/data?lang=ca&YEAR=2021&MUN=431711,439057"
2021,431711,Vila-seca,Y005_009,de 5 a 9 anys,1,RES,resta d'Espanya,M,homes,24,,"Idescat, a partir del Cens de població i habitatges de l'INE.",2026-02-25,"https://api.idescat.cat/taules/v2/censph/535/562/mun/data?lang=ca&YEAR=2021&MUN=431711,439057"
2021,431711,Vila-seca,Y005_009,de 5 a 9 anys,1,RES,resta d'Espanya,F,dones,17,,"Idescat, a partir del Cens de població i habitatges de l'INE.",2026-02-25,"https://api.idescat.cat/taules/v2/censph/535/562/mun/data?lang=ca&YEAR=2021&MUN=431711,439057"
2021,431711,Vila-seca,Y005_009,de 5 a 9 anys,1,RES,resta d'Espanya,TOTAL,total,41,,"Idescat, a partir del Cens de població i habitatges de l'INE.",2026-02-25,"https://api.idescat.cat/taules/v2/censph/535/562/mun/data?lang=ca&YEAR=2021&MUN=431711,439057"
2021,431711,Vila-seca,Y005_009,de 5 a 9 anys,1,ESTR,estranger,M,homes,25,,"Idescat, a partir del Cens de població i habitatges de l'INE.",2026-02-25,"https://api.idescat.cat/taules/v2/censph/535/562/mun/data?lang=ca&YEAR=2021&MUN=431711,439057"
2021,431711,Vila-seca,Y005_009,de 5 a 9 anys,1,ESTR,estranger,F,dones,40,,"Idescat, a partir del Cens de població i habitatges de l'INE.",2026-02-25,"https://api.idescat.cat/taules/v2/censph/535/562/mun/data?lang=ca&YEAR=2021&MUN=431711,439057"
2021,431711,Vila-seca,Y005_009,de 5 a 9 anys,1,ESTR,estranger,TOTAL,total,65,,"Idescat, a partir del Cens de població i habitatges de l'INE.",2026-02-25,"https://api.idescat.cat/taules/v2/censph/535/562/mun/data?lang=ca&YEAR=2021&MUN=431711,439057"
2021,431711,Vila-seca,Y005_009,de 5 a 9 anys,1,TOTAL,total,M,homes,780,,"Idescat, a partir del Cens de població i habitatges de l'INE.",2026-02-25,"https://api.idescat.cat/taules/v2/censph/535/562/mun/data?lang=ca&YEAR=2021&MUN=431711,439057"
2021,431711,Vila-seca,Y005_009,de 5 a 9 anys,1,TOTAL,total,F,dones,735,,"Idescat, a partir del Cens de població i habitatges de l'INE.",2026-02-25,"https://api.idescat.cat/taules/v2/censph/535/562/mun/data?lang=ca&YEAR=2021&MUN=431711,439057"
2021,431711,Vila-seca,Y005_009,de 5 a 9 anys,1,TOTAL,total,TOTAL,total,1515,,"Idescat, a partir del Cens de població i habitatges de l'INE.",2026-02-25,"https://api.idescat.cat/taules/v2/censph/535/562/mun/data?lang=ca&YEAR=2021&MUN=431711,439057"
2021,431711,Vila-seca,Y010_014,de 10 a 14 anys,2,CA09,Catalunya,M,homes,703,,"Idescat, a partir del Cens de població i habitatges de l'INE.",2026-02-25,"https://api.idescat.cat/taules/v2/censph/535/562/mun/data?lang=ca&YEAR=2021&MUN=431711,439057"
2021,431711,Vila-seca,Y010_014,de 10 a 14 anys,2,CA09,Catalunya,F,dones,652,,"Idescat, a partir del Cens de població i habitatges de l'INE.",2026-02-25,"https://api.idescat.cat/taules/v2/censph/535/562/mun/data?lang=ca&YEAR=2021&MUN=431711,439057"
2021,431711,Vila-seca,Y010_014,de 10 a 14 anys,2,CA09,Catalunya,TOTAL,total,1355,,"Idescat, a partir del Cens de població i habitatges de l'INE.",2026-02-25,"https://api.idescat.cat/taules/v2/censph/535/562/mun/data?lang=ca&YEAR=2021&MUN=431711,439057"
2021,431711,Vila-seca,Y010_014,de 10 a 14 anys,2,RES,resta d'Espanya,M,homes,20,,"Idescat, a partir del Cens de població i habitatges de l'INE.",2026-02-25,"https://api.idescat.cat/taules/v2/censph/535/562/mun/data?lang=ca&YEAR=2021&MUN=431711,439057"
2021,431711,Vila-seca,Y010_014,de 10 a 14 anys,2,RES,resta d'Espanya,F,dones,22,,"Idescat, a partir del Cens de població i habitatges de l'INE.",2026-02-25,"https://api.idescat.cat/taules/v2/censph/535/562/mun/data?lang=ca&YEAR=2021&MUN=431711,439057"
2021,431711,Vila-seca,Y010_014,de 10 a 14 anys,2,RES,resta d'Espanya,TOTAL,total,42,,"Idescat, a partir del Cens de població i habitatges de l'INE.",2026-02-25,"https://api.idescat.cat/taules/v2/censph/535/562/mun/data?lang=ca&YEAR=2021&MUN=431711,439057"
2021,431711,Vila-seca,Y010_014,de 10 a 14 anys,2,ESTR,estranger,M,homes,46,,"Idescat, a partir del Cens de població i habitatges de l'INE.",2026-02-25,"https://api.idescat.cat/taules/v2/censph/535/562/mun/data?lang=ca&YEAR=2021&MUN=431711,439057"
2021,431711,Vila-seca,Y010_014,de 10 a 14 anys,2,ESTR,estranger,F,dones,37,,"Idescat, a partir del Cens de població i habitatges de l'INE.",2026-02-25,"https://api.idescat.cat/taules/v2/censph/535/562/mun/data?lang=ca&YEAR=2021&MUN=431711,439057"
2021,431711,Vila-seca,Y010_014,de 10 a 14 anys,2,ESTR,estranger,TOTAL,total,83,,"Idescat, a partir del Cens de població i habitatges de l'INE.",2026-02-25,"https://api.idescat.cat/taules/v2/censph/535/562/mun/data?lang=ca&YEAR=2021&MUN=431711,439057"
2021,431711,Vila-seca,Y010_014,de 10 a 14 anys,2,TOTAL,total,M,homes,769,,"Idescat, a partir del Cens de població i habitatges de l'INE.",2026-02-25,"https://api.idescat.cat/taules/v2/censph/535/562/mun/data?lang=ca&YEAR=2021&MUN=431711,439057"
2021,431711,Vila-seca,Y010_014,de 10 a 14 anys,2,TOTAL,total,F,dones,711,,"Idescat, a partir del Cens de població i habitatges de l'INE.",2026-02-25,"https://api.idescat.cat/taules/v2/censph/535/562/mun/data?lang=ca&YEAR=2021&MUN=431711,439057"
2021,431711,Vila-seca,Y010_014,de 10 a 14 anys,2,TOTAL,total,TOTAL,total,1480,,"Idescat, a partir del Cens de població i habitatges de l'INE.",2026-02-25,"https://api.idescat.cat/taules/v2/censph/535/562/mun/data?lang=ca&YEAR=2021&MUN=431711,439057"
2021,431711,Vila-seca,Y015_019,de 15 a 19 anys,3,CA09,Catalunya,M,homes,472,,"Idescat, a partir del Cens de població i habitatges de l'INE.",2026-02-25,"https://api.idescat.cat/taules/v2/censph/535/562/mun/data?lang=ca&YEAR=2021&MUN=431711,439057"
2021,431711,Vila-seca,Y015_019,de 15 a 19 anys,3,CA09,Catalunya,F,dones,452,,"Idescat, a partir del Cens de població i habitatges de l'INE.",2026-02-25,"https://api.idescat.cat/taules/v2/censph/535/562/mun/data?lang=ca&YEAR=2021&MUN=431711,439057"
2021,431711,Vila-seca,Y015_019,de 15 a 19 anys,3,CA09,Catalunya,TOTAL,total,924,,"Idescat, a partir del Cens de població i habitatges de l'INE.",2026-02-25,"https://api.idescat.cat/taules/v2/censph/535/562/mun/data?lang=ca&YEAR=2021&MUN=431711,439057"
2021,431711,Vila-seca,Y015_019,de 15 a 19 anys,3,RES,resta d'Espanya,M,homes,20,,"Idescat, a partir del Cens de població i habitatges de l'INE.",2026-02-25,"https://api.idescat.cat/taules/v2/censph/535/562/mun/data?lang=ca&YEAR=2021&MUN=431711,439057"
2021,431711,Vila-seca,Y015_019,de 15 a 19 anys,3,RES,resta d'Espanya,F,dones,22,,"Idescat, a partir del Cens de població i habitatges de l'INE.",2026-02-25,"https://api.idescat.cat/taules/v2/censph/535/562/mun/data?lang=ca&YEAR=2021&MUN=431711,439057"
2021,431711,Vila-seca,Y015_019,de 15 a 19 anys,3,RES,resta d'Espanya,TOTAL,total,42,,"Idescat, a partir del Cens de població i habitatges de l'INE.",2026-02-25,"https://api.idescat.cat/taules/v2/censph/535/562/mun/data?lang=ca&YEAR=2021&MUN=431711,439057"
2021,431711,Vila-seca,Y015_019,de 15 a 19 anys,3,ESTR,estranger,M,homes,94,,"Idescat, a partir del Cens de població i habitatges de l'INE.",2026-02-25,"https://api.idescat.cat/taules/v2/censph/535/562/mun/data?lang=ca&YEAR=2021&MUN=431711,439057"
2021,431711,Vila-seca,Y015_019,de 15 a 19 anys,3,ESTR,estranger,F,dones,79,,"Idescat, a partir del Cens de població i habitatges de l'INE.",2026-02-25,"https://api.idescat.cat/taules/v2/censph/535/562/mun/data?lang=ca&YEAR=2021&MUN=431711,439057"
2021,431711,Vila-seca,Y015_019,de 15 a 19 anys,3,ESTR,estranger,TOTAL,total,173,,"Idescat, a partir del Cens de població i habitatges de l'INE.",2026-02-25,"https://api.idescat.cat/taules/v2/censph/535/562/mun/data?lang=ca&YEAR=2021&MUN=431711,439057"
2021,431711,Vila-seca,Y015_019,de 15 a 19 anys,3,TOTAL,total,M,homes,586,,"Idescat, a partir del Cens de població i habitatges de l'INE.",2026-02-25,"https://api.idescat.cat/taules/v2/censph/535/562/mun/data?lang=ca&YEAR=2021&MUN=431711,439057"
2021,431711,Vila-seca,Y015_019,de 15 a 19 anys,3,TOTAL,total,F,dones,553,,"Idescat, a partir del Cens de població i habitatges de l'INE.",2026-02-25,"https://api.idescat.cat/taules/v2/censph/535/562/mun/data?lang=ca&YEAR=2021&MUN=431711,439057"
2021,431711,Vila-seca,Y015_019,de 15 a 19 anys,3,TOTAL,total,TOTAL,total,1139,,"Idescat, a partir del Cens de població i habitatges de l'INE.",2026-02-25,"https://api.idescat.cat/taules/v2/censph/535/562/mun/data?lang=ca&YEAR=2021&MUN=431711,439057"
2021,431711,Vila-seca,Y020_024,de 20 a 24 anys,4,CA09,Catalunya,M,homes,352,,"Idescat, a partir del Cens de població i habitatges de l'INE.",2026-02-25,"https://api.idescat.cat/taules/v2/censph/535/562/mun/data?lang=ca&YEAR=2021&MUN=431711,439057"
2021,431711,Vila-seca,Y020_024,de 20 a 24 anys,4,CA09,Catalunya,F,dones,354,,"Idescat, a partir del Cens de població i habitatges de l'INE.",2026-02-25,"https://api.idescat.cat/taules/v2/censph/535/562/mun/data?lang=ca&YEAR=2021&MUN=431711,439057"
2021,431711,Vila-seca,Y020_024,de 20 a 24 anys,4,CA09,Catalunya,TOTAL,total,706,,"Idescat, a partir del Cens de població i habitatges de l'INE.",2026-02-25,"https://api.idescat.cat/taules/v2/censph/535/562/mun/data?lang=ca&YEAR=2021&MUN=431711,439057"
2021,431711,Vila-seca,Y020_024,de 20 a 24 anys,4,RES,resta d'Espanya,M,homes,26,,"Idescat, a partir del Cens de població i habitatges de l'INE.",2026-02-25,"https://api.idescat.cat/taules/v2/censph/535/562/mun/data?lang=ca&YEAR=2021&MUN=431711,439057"
2021,431711,Vila-seca,Y020_024,de 20 a 24 anys,4,RES,resta d'Espanya,F,dones,20,,"Idescat, a partir del Cens de població i habitatges de l'INE.",2026-02-25,"https://api.idescat.cat/taules/v2/censph/535/562/mun/data?lang=ca&YEAR=2021&MUN=431711,439057"
2021,431711,Vila-seca,Y020_024,de 20 a 24 anys,4,RES,resta d'Espanya,TOTAL,total,46,,"Idescat, a partir del Cens de població i habitatges de l'INE.",2026-02-25,"https://api.idescat.cat/taules/v2/censph/535/562/mun/data?lang=ca&YEAR=2021&MUN=431711,439057"
2021,431711,Vila-seca,Y020_024,de 20 a 24 anys,4,ESTR,estranger,M,homes,159,,"Idescat, a partir del Cens de població i habitatges de l'INE.",2026-02-25,"https://api.idescat.cat/taules/v2/censph/535/562/mun/data?lang=ca&YEAR=2021&MUN=431711,439057"
2021,431711,Vila-seca,Y020_024,de 20 a 24 anys,4,ESTR,estranger,F,dones,154,,"Idescat, a partir del Cens de població i habitatges de l'INE.",2026-02-25,"https://api.idescat.cat/taules/v2/censph/535/562/mun/data?lang=ca&YEAR=2021&MUN=431711,439057"
2021,431711,Vila-seca,Y020_024,de 20 a 24 anys,4,ESTR,estranger,TOTAL,total,313,,"Idescat, a partir del Cens de població i habitatges de l'INE.",2026-02-25,"https://api.idescat.cat/taules/v2/censph/535/562/mun/data?lang=ca&YEAR=2021&MUN=431711,439057"
2021,431711,Vila-seca,Y020_024,de 20 a 24 anys,4,TOTAL,total,M,homes,537,,"Idescat, a partir del Cens de població i habitatges de l'INE.",2026-02-25,"https://api.idescat.cat/taules/v2/censph/535/562/mun/data?lang=ca&YEAR=2021&MUN=431711,439057"
2021,431711,Vila-seca,Y020_024,de 20 a 24 anys,4,TOTAL,total,F,dones,528,,"Idescat, a partir del Cens de població i habitatges de l'INE.",2026-02-25,"https://api.idescat.cat/taules/v2/censph/535/562/mun/data?lang=ca&YEAR=2021&MUN=431711,439057"
2021,431711,Vila-seca,Y020_024,de 20 a 24 anys,4,TOTAL,total,TOTAL,total,1065,,"Idescat, a partir del Cens de població i habitatges de l'INE.",2026-02-25,"https://api.idescat.cat/taules/v2/censph/535/562/mun/data?lang=ca&YEAR=2021&MUN=431711,439057"
2021,431711,Vila-seca,Y025_029,de 25 a 29 anys,5,CA09,Catalunya,M,homes,331,,"Idescat, a partir del Cens de població i habitatges de l'INE.",2026-02-25,"https://api.idescat.cat/taules/v2/censph/535/562/mun/data?lang=ca&YEAR=2021&MUN=431711,439057"
2021,431711,Vila-seca,Y025_029,de 25 a 29 anys,5,CA09,Catalunya,F,dones,339,,"Idescat, a partir del Cens de població i habitatges de l'INE.",2026-02-25,"https://api.idescat.cat/taules/v2/censph/535/562/mun/data?lang=ca&YEAR=2021&MUN=431711,439057"
2021,431711,Vila-seca,Y025_029,de 25 a 29 anys,5,CA09,Catalunya,TOTAL,total,670,,"Idescat, a partir del Cens de població i habitatges de l'INE.",2026-02-25,"https://api.idescat.cat/taules/v2/censph/535/562/mun/data?lang=ca&YEAR=2021&MUN=431711,439057"
2021,431711,Vila-seca,Y025_029,de 25 a 29 anys,5,RES,resta d'Espanya,M,homes,40,,"Idescat, a partir del Cens de població i habitatges de l'INE.",2026-02-25,"https://api.idescat.cat/taules/v2/censph/535/562/mun/data?lang=ca&YEAR=2021&MUN=431711,439057"
2021,431711,Vila-seca,Y025_029,de 25 a 29 anys,5,RES,resta d'Espanya,F,dones,42,,"Idescat, a partir del Cens de població i habitatges de l'INE.",2026-02-25,"https://api.idescat.cat/taules/v2/censph/535/562/mun/data?lang=ca&YEAR=2021&MUN=431711,439057"
2021,431711,Vila-seca,Y025_029,de 25 a 29 anys,5,RES,resta d'Espanya,TOTAL,total,82,,"Idescat, a partir del Cens de població i habitatges de l'INE.",2026-02-25,"https://api.idescat.cat/taules/v2/censph/535/562/mun/data?lang=ca&YEAR=2021&MUN=431711,439057"
2021,431711,Vila-seca,Y025_029,de 25 a 29 anys,5,ESTR,estranger,M,homes,168,,"Idescat, a partir del Cens de població i habitatges de l'INE.",2026-02-25,"https://api.idescat.cat/taules/v2/censph/535/562/mun/data?lang=ca&YEAR=2021&MUN=431711,439057"
2021,431711,Vila-seca,Y025_029,de 25 a 29 anys,5,ESTR,estranger,F,dones,171,,"Idescat, a partir del Cens de població i habitatges de l'INE.",2026-02-25,"https://api.idescat.cat/taules/v2/censph/535/562/mun/data?lang=ca&YEAR=2021&MUN=431711,439057"
2021,431711,Vila-seca,Y025_029,de 25 a 29 anys,5,ESTR,estranger,TOTAL,total,339,,"Idescat, a partir del Cens de població i habitatges de l'INE.",2026-02-25,"https://api.idescat.cat/taules/v2/censph/535/562/mun/data?lang=ca&YEAR=2021&MUN=431711,439057"
2021,431711,Vila-seca,Y025_029,de 25 a 29 anys,5,TOTAL,total,M,homes,539,,"Idescat, a partir del Cens de població i habitatges de l'INE.",2026-02-25,"https://api.idescat.cat/taules/v2/censph/535/562/mun/data?lang=ca&YEAR=2021&MUN=431711,439057"
2021,431711,Vila-seca,Y025_029,de 25 a 29 anys,5,TOTAL,total,F,dones,552,,"Idescat, a partir del Cens de població i habitatges de l'INE.",2026-02-25,"https://api.idescat.cat/taules/v2/censph/535/562/mun/data?lang=ca&YEAR=2021&MUN=431711,439057"
2021,431711,Vila-seca,Y025_029,de 25 a 29 anys,5,TOTAL,total,TOTAL,total,1091,,"Idescat, a partir del Cens de població i habitatges de l'INE.",2026-02-25,"https://api.idescat.cat/taules/v2/censph/535/562/mun/data?lang=ca&YEAR=2021&MUN=431711,439057"
2021,431711,Vila-seca,Y030_034,de 30 a 34 anys,6,CA09,Catalunya,M,homes,442,,"Idescat, a partir del Cens de població i habitatges de l'INE.",2026-02-25,"https://api.idescat.cat/taules/v2/censph/535/562/mun/data?lang=ca&YEAR=2021&MUN=431711,439057"
2021,431711,Vila-seca,Y030_034,de 30 a 34 anys,6,CA09,Catalunya,F,dones,451,,"Idescat, a partir del Cens de població i habitatges de l'INE.",2026-02-25,"https://api.idescat.cat/taules/v2/censph/535/562/mun/data?lang=ca&YEAR=2021&MUN=431711,439057"
2021,431711,Vila-seca,Y030_034,de 30 a 34 anys,6,CA09,Catalunya,TOTAL,total,893,,"Idescat, a partir del Cens de població i habitatges de l'INE.",2026-02-25,"https://api.idescat.cat/taules/v2/censph/535/562/mun/data?lang=ca&YEAR=2021&MUN=431711,439057"
2021,431711,Vila-seca,Y030_034,de 30 a 34 anys,6,RES,resta d'Espanya,M,homes,95,,"Idescat, a partir del Cens de població i habitatges de l'INE.",2026-02-25,"https://api.idescat.cat/taules/v2/censph/535/562/mun/data?lang=ca&YEAR=2021&MUN=431711,439057"
2021,431711,Vila-seca,Y030_034,de 30 a 34 anys,6,RES,resta d'Espanya,F,dones,95,,"Idescat, a partir del Cens de població i habitatges de l'INE.",2026-02-25,"https://api.idescat.cat/taules/v2/censph/535/562/mun/data?lang=ca&YEAR=2021&MUN=431711,439057"
2021,431711,Vila-seca,Y030_034,de 30 a 34 anys,6,RES,resta d'Espanya,TOTAL,total,190,,"Idescat, a partir del Cens de població i habitatges de l'INE.",2026-02-25,"https://api.idescat.cat/taules/v2/censph/535/562/mun/data?lang=ca&YEAR=2021&MUN=431711,439057"
2021,431711,Vila-seca,Y030_034,de 30 a 34 anys,6,ESTR,estranger,M,homes,197,,"Idescat, a partir del Cens de població i habitatges de l'INE.",2026-02-25,"https://api.idescat.cat/taules/v2/censph/535/562/mun/data?lang=ca&YEAR=2021&MUN=431711,439057"
2021,431711,Vila-seca,Y030_034,de 30 a 34 anys,6,ESTR,estranger,F,dones,244,,"Idescat, a partir del Cens de població i habitatges de l'INE.",2026-02-25,"https://api.idescat.cat/taules/v2/censph/535/562/mun/data?lang=ca&YEAR=2021&MUN=431711,439057"
2021,431711,Vila-seca,Y030_034,de 30 a 34 anys,6,ESTR,estranger,TOTAL,total,441,,"Idescat, a partir del Cens de població i habitatges de l'INE.",2026-02-25,"https://api.idescat.cat/taules/v2/censph/535/562/mun/data?lang=ca&YEAR=2021&MUN=431711,439057"
2021,431711,Vila-seca,Y030_034,de 30 a 34 anys,6,TOTAL,total,M,homes,734,,"Idescat, a partir del Cens de població i habitatges de l'INE.",2026-02-25,"https://api.idescat.cat/taules/v2/censph/535/562/mun/data?lang=ca&YEAR=2021&MUN=431711,439057"
2021,431711,Vila-seca,Y030_034,de 30 a 34 anys,6,TOTAL,total,F,dones,790,,"Idescat, a partir del Cens de població i habitatges de l'INE.",2026-02-25,"https://api.idescat.cat/taules/v2/censph/535/562/mun/data?lang=ca&YEAR=2021&MUN=431711,439057"
2021,431711,Vila-seca,Y030_034,de 30 a 34 anys,6,TOTAL,total,TOTAL,total,1524,,"Idescat, a partir del Cens de població i habitatges de l'INE.",2026-02-25,"https://api.idescat.cat/taules/v2/censph/535/562/mun/data?lang=ca&YEAR=2021&MUN=431711,439057"
2021,431711,Vila-seca,Y035_039,de 35 a 39 anys,7,CA09,Catalunya,M,homes,567,,"Idescat, a partir del Cens de població i habitatges de l'INE.",2026-02-25,"https://api.idescat.cat/taules/v2/censph/535/562/mun/data?lang=ca&YEAR=2021&MUN=431711,439057"
2021,431711,Vila-seca,Y035_039,de 35 a 39 anys,7,CA09,Catalunya,F,dones,574,,"Idescat, a partir del Cens de població i habitatges de l'INE.",2026-02-25,"https://api.idescat.cat/taules/v2/censph/535/562/mun/data?lang=ca&YEAR=2021&MUN=431711,439057"
2021,431711,Vila-seca,Y035_039,de 35 a 39 anys,7,CA09,Catalunya,TOTAL,total,1141,,"Idescat, a partir del Cens de població i habitatges de l'INE.",2026-02-25,"https://api.idescat.cat/taules/v2/censph/535/562/mun/data?lang=ca&YEAR=2021&MUN=431711,439057"
2021,431711,Vila-seca,Y035_039,de 35 a 39 anys,7,RES,resta d'Espanya,M,homes,133,,"Idescat, a partir del Cens de població i habitatges de l'INE.",2026-02-25,"https://api.idescat.cat/taules/v2/censph/535/562/mun/data?lang=ca&YEAR=2021&MUN=431711,439057"
2021,431711,Vila-seca,Y035_039,de 35 a 39 anys,7,RES,resta d'Espanya,F,dones,138,,"Idescat, a partir del Cens de població i habitatges de l'INE.",2026-02-25,"https://api.idescat.cat/taules/v2/censph/535/562/mun/data?lang=ca&YEAR=2021&MUN=431711,439057"
2021,431711,Vila-seca,Y035_039,de 35 a 39 anys,7,RES,resta d'Espanya,TOTAL,total,271,,"Idescat, a partir del Cens de població i habitatges de l'INE.",2026-02-25,"https://api.idescat.cat/taules/v2/censph/535/562/mun/data?lang=ca&YEAR=2021&MUN=431711,439057"
2021,431711,Vila-seca,Y035_039,de 35 a 39 anys,7,ESTR,estranger,M,homes,254,,"Idescat, a partir del Cens de població i habitatges de l'INE.",2026-02-25,"https://api.idescat.cat/taules/v2/censph/535/562/mun/data?lang=ca&YEAR=2021&MUN=431711,439057"
2021,431711,Vila-seca,Y035_039,de 35 a 39 anys,7,ESTR,estranger,F,dones,304,,"Idescat, a partir del Cens de població i habitatges de l'INE.",2026-02-25,"https://api.idescat.cat/taules/v2/censph/535/562/mun/data?lang=ca&YEAR=2021&MUN=431711,439057"
2021,431711,Vila-seca,Y035_039,de 35 a 39 anys,7,ESTR,estranger,TOTAL,total,558,,"Idescat, a partir del Cens de població i habitatges de l'INE.",2026-02-25,"https://api.idescat.cat/taules/v2/censph/535/562/mun/data?lang=ca&YEAR=2021&MUN=431711,439057"
2021,431711,Vila-seca,Y035_039,de 35 a 39 anys,7,TOTAL,total,M,homes,954,,"Idescat, a partir del Cens de població i habitatges de l'INE.",2026-02-25,"https://api.idescat.cat/taules/v2/censph/535/562/mun/data?lang=ca&YEAR=2021&MUN=431711,439057"
2021,431711,Vila-seca,Y035_039,de 35 a 39 anys,7,TOTAL,total,F,dones,1016,,"Idescat, a partir del Cens de població i habitatges de l'INE.",2026-02-25,"https://api.idescat.cat/taules/v2/censph/535/562/mun/data?lang=ca&YEAR=2021&MUN=431711,439057"
2021,431711,Vila-seca,Y035_039,de 35 a 39 anys,7,TOTAL,total,TOTAL,total,1970,,"Idescat, a partir del Cens de població i habitatges de l'INE.",2026-02-25,"https://api.idescat.cat/taules/v2/censph/535/562/mun/data?lang=ca&YEAR=2021&MUN=431711,439057"
2021,431711,Vila-seca,Y040_044,de 40 a 44 anys,8,CA09,Catalunya,M,homes,780,,"Idescat, a partir del Cens de població i habitatges de l'INE.",2026-02-25,"https://api.idescat.cat/taules/v2/censph/535/562/mun/data?lang=ca&YEAR=2021&MUN=431711,439057"
2021,431711,Vila-seca,Y040_044,de 40 a 44 anys,8,CA09,Catalunya,F,dones,699,,"Idescat, a partir del Cens de població i habitatges de l'INE.",2026-02-25,"https://api.idescat.cat/taules/v2/censph/535/562/mun/data?lang=ca&YEAR=2021&MUN=431711,439057"
2021,431711,Vila-seca,Y040_044,de 40 a 44 anys,8,CA09,Catalunya,TOTAL,total,1479,,"Idescat, a partir del Cens de població i habitatges de l'INE.",2026-02-25,"https://api.idescat.cat/taules/v2/censph/535/562/mun/data?lang=ca&YEAR=2021&MUN=431711,439057"
2021,431711,Vila-seca,Y040_044,de 40 a 44 anys,8,RES,resta d'Espanya,M,homes,166,,"Idescat, a partir del Cens de població i habitatges de l'INE.",2026-02-25,"https://api.idescat.cat/taules/v2/censph/535/562/mun/data?lang=ca&YEAR=2021&MUN=431711,439057"
2021,431711,Vila-seca,Y040_044,de 40 a 44 anys,8,RES,resta d'Espanya,F,dones,179,,"Idescat, a partir del Cens de població i habitatges de l'INE.",2026-02-25,"https://api.idescat.cat/taules/v2/censph/535/562/mun/data?lang=ca&YEAR=2021&MUN=431711,439057"
2021,431711,Vila-seca,Y040_044,de 40 a 44 anys,8,RES,resta d'Espanya,TOTAL,total,345,,"Idescat, a partir del Cens de població i habitatges de l'INE.",2026-02-25,"https://api.idescat.cat/taules/v2/censph/535/562/mun/data?lang=ca&YEAR=2021&MUN=431711,439057"
2021,431711,Vila-seca,Y040_044,de 40 a 44 anys,8,ESTR,estranger,M,homes,305,,"Idescat, a partir del Cens de població i habitatges de l'INE.",2026-02-25,"https://api.idescat.cat/taules/v2/censph/535/562/mun/data?lang=ca&YEAR=2021&MUN=431711,439057"
2021,431711,Vila-seca,Y040_044,de 40 a 44 anys,8,ESTR,estranger,F,dones,325,,"Idescat, a partir del Cens de població i habitatges de l'INE.",2026-02-25,"https://api.idescat.cat/taules/v2/censph/535/562/mun/data?lang=ca&YEAR=2021&MUN=431711,439057"
2021,431711,Vila-seca,Y040_044,de 40 a 44 anys,8,ESTR,estranger,TOTAL,total,630,,"Idescat, a partir del Cens de població i habitatges de l'INE.",2026-02-25,"https://api.idescat.cat/taules/v2/censph/535/562/mun/data?lang=ca&YEAR=2021&MUN=431711,439057"
2021,431711,Vila-seca,Y040_044,de 40 a 44 anys,8,TOTAL,total,M,homes,1251,,"Idescat, a partir del Cens de població i habitatges de l'INE.",2026-02-25,"https://api.idescat.cat/taules/v2/censph/535/562/mun/data?lang=ca&YEAR=2021&MUN=431711,439057"
2021,431711,Vila-seca,Y040_044,de 40 a 44 anys,8,TOTAL,total,F,dones,1203,,"Idescat, a partir del Cens de població i habitatges de l'INE.",2026-02-25,"https://api.idescat.cat/taules/v2/censph/535/562/mun/data?lang=ca&YEAR=2021&MUN=431711,439057"
2021,431711,Vila-seca,Y040_044,de 40 a 44 anys,8,TOTAL,total,TOTAL,total,2454,,"Idescat, a partir del Cens de població i habitatges de l'INE.",2026-02-25,"https://api.idescat.cat/taules/v2/censph/535/562/mun/data?lang=ca&YEAR=2021&MUN=431711,439057"
2021,431711,Vila-seca,Y045_049,de 45 a 49 anys,9,CA09,Catalunya,M,homes,558,,"Idescat, a partir del Cens de població i habitatges de l'INE.",2026-02-25,"https://api.idescat.cat/taules/v2/censph/535/562/mun/data?lang=ca&YEAR=2021&MUN=431711,439057"
2021,431711,Vila-seca,Y045_049,de 45 a 49 anys,9,CA09,Catalunya,F,dones,466,,"Idescat, a partir del Cens de població i habitatges de l'INE.",2026-02-25,"https://api.idescat.cat/taules/v2/censph/535/562/mun/data?lang=ca&YEAR=2021&MUN=431711,439057"
2021,431711,Vila-seca,Y045_049,de 45 a 49 anys,9,CA09,Catalunya,TOTAL,total,1024,,"Idescat, a partir del Cens de població i habitatges de l'INE.",2026-02-25,"https://api.idescat.cat/taules/v2/censph/535/562/mun/data?lang=ca&YEAR=2021&MUN=431711,439057"
2021,431711,Vila-seca,Y045_049,de 45 a 49 anys,9,RES,resta d'Espanya,M,homes,209,,"Idescat, a partir del Cens de població i habitatges de l'INE.",2026-02-25,"https://api.idescat.cat/taules/v2/censph/535/562/mun/data?lang=ca&YEAR=2021&MUN=431711,439057"
2021,431711,Vila-seca,Y045_049,de 45 a 49 anys,9,RES,resta d'Espanya,F,dones,182,,"Idescat, a partir del Cens de població i habitatges de l'INE.",2026-02-25,"https://api.idescat.cat/taules/v2/censph/535/562/mun/data?lang=ca&YEAR=2021&MUN=431711,439057"
2021,431711,Vila-seca,Y045_049,de 45 a 49 anys,9,RES,resta d'Espanya,TOTAL,total,391,,"Idescat, a partir del Cens de població i habitatges de l'INE.",2026-02-25,"https://api.idescat.cat/taules/v2/censph/535/562/mun/data?lang=ca&YEAR=2021&MUN=431711,439057"
2021,431711,Vila-seca,Y045_049,de 45 a 49 anys,9,ESTR,estranger,M,homes,305,,"Idescat, a partir del Cens de població i habitatges de l'INE.",2026-02-25,"https://api.idescat.cat/taules/v2/censph/535/562/mun/data?lang=ca&YEAR=2021&MUN=431711,439057"
2021,431711,Vila-seca,Y045_049,de 45 a 49 anys,9,ESTR,estranger,F,dones,232,,"Idescat, a partir del Cens de població i habitatges de l'INE.",2026-02-25,"https://api.idescat.cat/taules/v2/censph/535/562/mun/data?lang=ca&YEAR=2021&MUN=431711,439057"
2021,431711,Vila-seca,Y045_049,de 45 a 49 anys,9,ESTR,estranger,TOTAL,total,537,,"Idescat, a partir del Cens de població i habitatges de l'INE.",2026-02-25,"https://api.idescat.cat/taules/v2/censph/535/562/mun/data?lang=ca&YEAR=2021&MUN=431711,439057"
2021,431711,Vila-seca,Y045_049,de 45 a 49 anys,9,TOTAL,total,M,homes,1072,,"Idescat, a partir del Cens de població i habitatges de l'INE.",2026-02-25,"https://api.idescat.cat/taules/v2/censph/535/562/mun/data?lang=ca&YEAR=2021&MUN=431711,439057"
2021,431711,Vila-seca,Y045_049,de 45 a 49 anys,9,TOTAL,total,F,dones,880,,"Idescat, a partir del Cens de població i habitatges de l'INE.",2026-02-25,"https://api.idescat.cat/taules/v2/censph/535/562/mun/data?lang=ca&YEAR=2021&MUN=431711,439057"
2021,431711,Vila-seca,Y045_049,de 45 a 49 anys,9,TOTAL,total,TOTAL,total,1952,,"Idescat, a partir del Cens de població i habitatges de l'INE.",2026-02-25,"https://api.idescat.cat/taules/v2/censph/535/562/mun/data?lang=ca&YEAR=2021&MUN=431711,439057"
2021,431711,Vila-seca,Y050_054,de 50 a 54 anys,10,CA09,Catalunya,M,homes,397,,"Idescat, a partir del Cens de població i habitatges de l'INE.",2026-02-25,"https://api.idescat.cat/taules/v2/censph/535/562/mun/data?lang=ca&YEAR=2021&MUN=431711,439057"
2021,431711,Vila-seca,Y050_054,de 50 a 54 anys,10,CA09,Catalunya,F,dones,336,,"Idescat, a partir del Cens de població i habitatges de l'INE.",2026-02-25,"https://api.idescat.cat/taules/v2/censph/535/562/mun/data?lang=ca&YEAR=2021&MUN=431711,439057"
2021,431711,Vila-seca,Y050_054,de 50 a 54 anys,10,CA09,Catalunya,TOTAL,total,733,,"Idescat, a partir del Cens de població i habitatges de l'INE.",2026-02-25,"https://api.idescat.cat/taules/v2/censph/535/562/mun/data?lang=ca&YEAR=2021&MUN=431711,439057"
2021,431711,Vila-seca,Y050_054,de 50 a 54 anys,10,RES,resta d'Espanya,M,homes,214,,"Idescat, a partir del Cens de població i habitatges de l'INE.",2026-02-25,"https://api.idescat.cat/taules/v2/censph/535/562/mun/data?lang=ca&YEAR=2021&MUN=431711,439057"
2021,431711,Vila-seca,Y050_054,de 50 a 54 anys,10,RES,resta d'Espanya,F,dones,233,,"Idescat, a partir del Cens de població i habitatges de l'INE.",2026-02-25,"https://api.idescat.cat/taules/v2/censph/535/562/mun/data?lang=ca&YEAR=2021&MUN=431711,439057"
2021,431711,Vila-seca,Y050_054,de 50 a 54 anys,10,RES,resta d'Espanya,TOTAL,total,447,,"Idescat, a partir del Cens de població i habitatges de l'INE.",2026-02-25,"https://api.idescat.cat/taules/v2/censph/535/562/mun/data?lang=ca&YEAR=2021&MUN=431711,439057"
2021,431711,Vila-seca,Y050_054,de 50 a 54 anys,10,ESTR,estranger,M,homes,219,,"Idescat, a partir del Cens de població i habitatges de l'INE.",2026-02-25,"https://api.idescat.cat/taules/v2/censph/535/562/mun/data?lang=ca&YEAR=2021&MUN=431711,439057"
2021,431711,Vila-seca,Y050_054,de 50 a 54 anys,10,ESTR,estranger,F,dones,157,,"Idescat, a partir del Cens de població i habitatges de l'INE.",2026-02-25,"https://api.idescat.cat/taules/v2/censph/535/562/mun/data?lang=ca&YEAR=2021&MUN=431711,439057"
2021,431711,Vila-seca,Y050_054,de 50 a 54 anys,10,ESTR,estranger,TOTAL,total,376,,"Idescat, a partir del Cens de població i habitatges de l'INE.",2026-02-25,"https://api.idescat.cat/taules/v2/censph/535/562/mun/data?lang=ca&YEAR=2021&MUN=431711,439057"
2021,431711,Vila-seca,Y050_054,de 50 a 54 anys,10,TOTAL,total,M,homes,830,,"Idescat, a partir del Cens de població i habitatges de l'INE.",2026-02-25,"https://api.idescat.cat/taules/v2/censph/535/562/mun/data?lang=ca&YEAR=2021&MUN=431711,439057"
2021,431711,Vila-seca,Y050_054,de 50 a 54 anys,10,TOTAL,total,F,dones,726,,"Idescat, a partir del Cens de població i habitatges de l'INE.",2026-02-25,"https://api.idescat.cat/taules/v2/censph/535/562/mun/data?lang=ca&YEAR=2021&MUN=431711,439057"
2021,431711,Vila-seca,Y050_054,de 50 a 54 anys,10,TOTAL,total,TOTAL,total,1556,,"Idescat, a partir del Cens de població i habitatges de l'INE.",2026-02-25,"https://api.idescat.cat/taules/v2/censph/535/562/mun/data?lang=ca&YEAR=2021&MUN=431711,439057"
2021,431711,Vila-seca,Y055_059,de 55 a 59 anys,11,CA09,Catalunya,M,homes,257,,"Idescat, a partir del Cens de població i habitatges de l'INE.",2026-02-25,"https://api.idescat.cat/taules/v2/censph/535/562/mun/data?lang=ca&YEAR=2021&MUN=431711,439057"
2021,431711,Vila-seca,Y055_059,de 55 a 59 anys,11,CA09,Catalunya,F,dones,254,,"Idescat, a partir del Cens de població i habitatges de l'INE.",2026-02-25,"https://api.idescat.cat/taules/v2/censph/535/562/mun/data?lang=ca&YEAR=2021&MUN=431711,439057"
2021,431711,Vila-seca,Y055_059,de 55 a 59 anys,11,CA09,Catalunya,TOTAL,total,511,,"Idescat, a partir del Cens de població i habitatges de l'INE.",2026-02-25,"https://api.idescat.cat/taules/v2/censph/535/562/mun/data?lang=ca&YEAR=2021&MUN=431711,439057"
2021,431711,Vila-seca,Y055_059,de 55 a 59 anys,11,RES,resta d'Espanya,M,homes,303,,"Idescat, a partir del Cens de població i habitatges de l'INE.",2026-02-25,"https://api.idescat.cat/taules/v2/censph/535/562/mun/data?lang=ca&YEAR=2021&MUN=431711,439057"
2021,431711,Vila-seca,Y055_059,de 55 a 59 anys,11,RES,resta d'Espanya,F,dones,295,,"Idescat, a partir del Cens de població i habitatges de l'INE.",2026-02-25,"https://api.idescat.cat/taules/v2/censph/535/562/mun/data?lang=ca&YEAR=2021&MUN=431711,439057"
2021,431711,Vila-seca,Y055_059,de 55 a 59 anys,11,RES,resta d'Espanya,TOTAL,total,598,,"Idescat, a partir del Cens de població i habitatges de l'INE.",2026-02-25,"https://api.idescat.cat/taules/v2/censph/535/562/mun/data?lang=ca&YEAR=2021&MUN=431711,439057"
2021,431711,Vila-seca,Y055_059,de 55 a 59 anys,11,ESTR,estranger,M,homes,129,,"Idescat, a partir del Cens de població i habitatges de l'INE.",2026-02-25,"https://api.idescat.cat/taules/v2/censph/535/562/mun/data?lang=ca&YEAR=2021&MUN=431711,439057"
2021,431711,Vila-seca,Y055_059,de 55 a 59 anys,11,ESTR,estranger,F,dones,145,,"Idescat, a partir del Cens de població i habitatges de l'INE.",2026-02-25,"https://api.idescat.cat/taules/v2/censph/535/562/mun/data?lang=ca&YEAR=2021&MUN=431711,439057"
2021,431711,Vila-seca,Y055_059,de 55 a 59 anys,11,ESTR,estranger,TOTAL,total,274,,"Idescat, a partir del Cens de població i habitatges de l'INE.",2026-02-25,"https://api.idescat.cat/taules/v2/censph/535/562/mun/data?lang=ca&YEAR=2021&MUN=431711,439057"
2021,431711,Vila-seca,Y055_059,de 55 a 59 anys,11,TOTAL,total,M,homes,689,,"Idescat, a partir del Cens de població i habitatges de l'INE.",2026-02-25,"https://api.idescat.cat/taules/v2/censph/535/562/mun/data?lang=ca&YEAR=2021&MUN=431711,439057"
2021,431711,Vila-seca,Y055_059,de 55 a 59 anys,11,TOTAL,total,F,dones,694,,"Idescat, a partir del Cens de població i habitatges de l'INE.",2026-02-25,"https://api.idescat.cat/taules/v2/censph/535/562/mun/data?lang=ca&YEAR=2021&MUN=431711,439057"
2021,431711,Vila-seca,Y055_059,de 55 a 59 anys,11,TOTAL,total,TOTAL,total,1383,,"Idescat, a partir del Cens de població i habitatges de l'INE.",2026-02-25,"https://api.idescat.cat/taules/v2/censph/535/562/mun/data?lang=ca&YEAR=2021&MUN=431711,439057"
2021,431711,Vila-seca,Y060_064,de 60 a 64 anys,12,CA09,Catalunya,M,homes,168,,"Idescat, a partir del Cens de població i habitatges de l'INE.",2026-02-25,"https://api.idescat.cat/taules/v2/censph/535/562/mun/data?lang=ca&YEAR=2021&MUN=431711,439057"
2021,431711,Vila-seca,Y060_064,de 60 a 64 anys,12,CA09,Catalunya,F,dones,194,,"Idescat, a partir del Cens de població i habitatges de l'INE.",2026-02-25,"https://api.idescat.cat/taules/v2/censph/535/562/mun/data?lang=ca&YEAR=2021&MUN=431711,439057"
2021,431711,Vila-seca,Y060_064,de 60 a 64 anys,12,CA09,Catalunya,TOTAL,total,362,,"Idescat, a partir del Cens de població i habitatges de l'INE.",2026-02-25,"https://api.idescat.cat/taules/v2/censph/535/562/mun/data?lang=ca&YEAR=2021&MUN=431711,439057"
2021,431711,Vila-seca,Y060_064,de 60 a 64 anys,12,RES,resta d'Espanya,M,homes,328,,"Idescat, a partir del Cens de població i habitatges de l'INE.",2026-02-25,"https://api.idescat.cat/taules/v2/censph/535/562/mun/data?lang=ca&YEAR=2021&MUN=431711,439057"
2021,431711,Vila-seca,Y060_064,de 60 a 64 anys,12,RES,resta d'Espanya,F,dones,344,,"Idescat, a partir del Cens de població i habitatges de l'INE.",2026-02-25,"https://api.idescat.cat/taules/v2/censph/535/562/mun/data?lang=ca&YEAR=2021&MUN=431711,439057"
2021,431711,Vila-seca,Y060_064,de 60 a 64 anys,12,RES,resta d'Espanya,TOTAL,total,672,,"Idescat, a partir del Cens de població i habitatges de l'INE.",2026-02-25,"https://api.idescat.cat/taules/v2/censph/535/562/mun/data?lang=ca&YEAR=2021&MUN=431711,439057"
2021,431711,Vila-seca,Y060_064,de 60 a 64 anys,12,ESTR,estranger,M,homes,73,,"Idescat, a partir del Cens de població i habitatges de l'INE.",2026-02-25,"https://api.idescat.cat/taules/v2/censph/535/562/mun/data?lang=ca&YEAR=2021&MUN=431711,439057"
2021,431711,Vila-seca,Y060_064,de 60 a 64 anys,12,ESTR,estranger,F,dones,85,,"Idescat, a partir del Cens de població i habitatges de l'INE.",2026-02-25,"https://api.idescat.cat/taules/v2/censph/535/562/mun/data?lang=ca&YEAR=2021&MUN=431711,439057"
2021,431711,Vila-seca,Y060_064,de 60 a 64 anys,12,ESTR,estranger,TOTAL,total,158,,"Idescat, a partir del Cens de població i habitatges de l'INE.",2026-02-25,"https://api.idescat.cat/taules/v2/censph/535/562/mun/data?lang=ca&YEAR=2021&MUN=431711,439057"
2021,431711,Vila-seca,Y060_064,de 60 a 64 anys,12,TOTAL,total,M,homes,569,,"Idescat, a partir del Cens de població i habitatges de l'INE.",2026-02-25,"https://api.idescat.cat/taules/v2/censph/535/562/mun/data?lang=ca&YEAR=2021&MUN=431711,439057"
2021,431711,Vila-seca,Y060_064,de 60 a 64 anys,12,TOTAL,total,F,dones,623,,"Idescat, a partir del Cens de població i habitatges de l'INE.",2026-02-25,"https://api.idescat.cat/taules/v2/censph/535/562/mun/data?lang=ca&YEAR=2021&MUN=431711,439057"
2021,431711,Vila-seca,Y060_064,de 60 a 64 anys,12,TOTAL,total,TOTAL,total,1192,,"Idescat, a partir del Cens de població i habitatges de l'INE.",2026-02-25,"https://api.idescat.cat/taules/v2/censph/535/562/mun/data?lang=ca&YEAR=2021&MUN=431711,439057"
2021,431711,Vila-seca,Y065_069,de 65 a 69 anys,13,CA09,Catalunya,M,homes,145,,"Idescat, a partir del Cens de població i habitatges de l'INE.",2026-02-25,"https://api.idescat.cat/taules/v2/censph/535/562/mun/data?lang=ca&YEAR=2021&MUN=431711,439057"
2021,431711,Vila-seca,Y065_069,de 65 a 69 anys,13,CA09,Catalunya,F,dones,157,,"Idescat, a partir del Cens de població i habitatges de l'INE.",2026-02-25,"https://api.idescat.cat/taules/v2/censph/535/562/mun/data?lang=ca&YEAR=2021&MUN=431711,439057"
2021,431711,Vila-seca,Y065_069,de 65 a 69 anys,13,CA09,Catalunya,TOTAL,total,302,,"Idescat, a partir del Cens de població i habitatges de l'INE.",2026-02-25,"https://api.idescat.cat/taules/v2/censph/535/562/mun/data?lang=ca&YEAR=2021&MUN=431711,439057"
2021,431711,Vila-seca,Y065_069,de 65 a 69 anys,13,RES,resta d'Espanya,M,homes,354,,"Idescat, a partir del Cens de població i habitatges de l'INE.",2026-02-25,"https://api.idescat.cat/taules/v2/censph/535/562/mun/data?lang=ca&YEAR=2021&MUN=431711,439057"
2021,431711,Vila-seca,Y065_069,de 65 a 69 anys,13,RES,resta d'Espanya,F,dones,324,,"Idescat, a partir del Cens de població i habitatges de l'INE.",2026-02-25,"https://api.idescat.cat/taules/v2/censph/535/562/mun/data?lang=ca&YEAR=2021&MUN=431711,439057"
2021,431711,Vila-seca,Y065_069,de 65 a 69 anys,13,RES,resta d'Espanya,TOTAL,total,678,,"Idescat, a partir del Cens de població i habitatges de l'INE.",2026-02-25,"https://api.idescat.cat/taules/v2/censph/535/562/mun/data?lang=ca&YEAR=2021&MUN=431711,439057"
2021,431711,Vila-seca,Y065_069,de 65 a 69 anys,13,ESTR,estranger,M,homes,57,,"Idescat, a partir del Cens de població i habitatges de l'INE.",2026-02-25,"https://api.idescat.cat/taules/v2/censph/535/562/mun/data?lang=ca&YEAR=2021&MUN=431711,439057"
2021,431711,Vila-seca,Y065_069,de 65 a 69 anys,13,ESTR,estranger,F,dones,68,,"Idescat, a partir del Cens de població i habitatges de l'INE.",2026-02-25,"https://api.idescat.cat/taules/v2/censph/535/562/mun/data?lang=ca&YEAR=2021&MUN=431711,439057"
2021,431711,Vila-seca,Y065_069,de 65 a 69 anys,13,ESTR,estranger,TOTAL,total,125,,"Idescat, a partir del Cens de població i habitatges de l'INE.",2026-02-25,"https://api.idescat.cat/taules/v2/censph/535/562/mun/data?lang=ca&YEAR=2021&MUN=431711,439057"
2021,431711,Vila-seca,Y065_069,de 65 a 69 anys,13,TOTAL,total,M,homes,556,,"Idescat, a partir del Cens de població i habitatges de l'INE.",2026-02-25,"https://api.idescat.cat/taules/v2/censph/535/562/mun/data?lang=ca&YEAR=2021&MUN=431711,439057"
2021,431711,Vila-seca,Y065_069,de 65 a 69 anys,13,TOTAL,total,F,dones,549,,"Idescat, a partir del Cens de població i habitatges de l'INE.",2026-02-25,"https://api.idescat.cat/taules/v2/censph/535/562/mun/data?lang=ca&YEAR=2021&MUN=431711,439057"
2021,431711,Vila-seca,Y065_069,de 65 a 69 anys,13,TOTAL,total,TOTAL,total,1105,,"Idescat, a partir del Cens de població i habitatges de l'INE.",2026-02-25,"https://api.idescat.cat/taules/v2/censph/535/562/mun/data?lang=ca&YEAR=2021&MUN=431711,439057"
2021,431711,Vila-seca,Y070_074,de 70 a 74 anys,14,CA09,Catalunya,M,homes,114,,"Idescat, a partir del Cens de població i habitatges de l'INE.",2026-02-25,"https://api.idescat.cat/taules/v2/censph/535/562/mun/data?lang=ca&YEAR=2021&MUN=431711,439057"
2021,431711,Vila-seca,Y070_074,de 70 a 74 anys,14,CA09,Catalunya,F,dones,118,,"Idescat, a partir del Cens de població i habitatges de l'INE.",2026-02-25,"https://api.idescat.cat/taules/v2/censph/535/562/mun/data?lang=ca&YEAR=2021&MUN=431711,439057"
2021,431711,Vila-seca,Y070_074,de 70 a 74 anys,14,CA09,Catalunya,TOTAL,total,232,,"Idescat, a partir del Cens de població i habitatges de l'INE.",2026-02-25,"https://api.idescat.cat/taules/v2/censph/535/562/mun/data?lang=ca&YEAR=2021&MUN=431711,439057"
2021,431711,Vila-seca,Y070_074,de 70 a 74 anys,14,RES,resta d'Espanya,M,homes,276,,"Idescat, a partir del Cens de població i habitatges de l'INE.",2026-02-25,"https://api.idescat.cat/taules/v2/censph/535/562/mun/data?lang=ca&YEAR=2021&MUN=431711,439057"
2021,431711,Vila-seca,Y070_074,de 70 a 74 anys,14,RES,resta d'Espanya,F,dones,253,,"Idescat, a partir del Cens de població i habitatges de l'INE.",2026-02-25,"https://api.idescat.cat/taules/v2/censph/535/562/mun/data?lang=ca&YEAR=2021&MUN=431711,439057"
2021,431711,Vila-seca,Y070_074,de 70 a 74 anys,14,RES,resta d'Espanya,TOTAL,total,529,,"Idescat, a partir del Cens de població i habitatges de l'INE.",2026-02-25,"https://api.idescat.cat/taules/v2/censph/535/562/mun/data?lang=ca&YEAR=2021&MUN=431711,439057"
2021,431711,Vila-seca,Y070_074,de 70 a 74 anys,14,ESTR,estranger,M,homes,34,,"Idescat, a partir del Cens de població i habitatges de l'INE.",2026-02-25,"https://api.idescat.cat/taules/v2/censph/535/562/mun/data?lang=ca&YEAR=2021&MUN=431711,439057"
2021,431711,Vila-seca,Y070_074,de 70 a 74 anys,14,ESTR,estranger,F,dones,49,,"Idescat, a partir del Cens de població i habitatges de l'INE.",2026-02-25,"https://api.idescat.cat/taules/v2/censph/535/562/mun/data?lang=ca&YEAR=2021&MUN=431711,439057"
2021,431711,Vila-seca,Y070_074,de 70 a 74 anys,14,ESTR,estranger,TOTAL,total,83,,"Idescat, a partir del Cens de població i habitatges de l'INE.",2026-02-25,"https://api.idescat.cat/taules/v2/censph/535/562/mun/data?lang=ca&YEAR=2021&MUN=431711,439057"
2021,431711,Vila-seca,Y070_074,de 70 a 74 anys,14,TOTAL,total,M,homes,424,,"Idescat, a partir del Cens de població i habitatges de l'INE.",2026-02-25,"https://api.idescat.cat/taules/v2/censph/535/562/mun/data?lang=ca&YEAR=2021&MUN=431711,439057"
2021,431711,Vila-seca,Y070_074,de 70 a 74 anys,14,TOTAL,total,F,dones,420,,"Idescat, a partir del Cens de població i habitatges de l'INE.",2026-02-25,"https://api.idescat.cat/taules/v2/censph/535/562/mun/data?lang=ca&YEAR=2021&MUN=431711,439057"
2021,431711,Vila-seca,Y070_074,de 70 a 74 anys,14,TOTAL,total,TOTAL,total,844,,"Idescat, a partir del Cens de població i habitatges de l'INE.",2026-02-25,"https://api.idescat.cat/taules/v2/censph/535/562/mun/data?lang=ca&YEAR=2021&MUN=431711,439057"
2021,431711,Vila-seca,Y075_079,de 75 a 79 anys,15,CA09,Catalunya,M,homes,79,,"Idescat, a partir del Cens de població i habitatges de l'INE.",2026-02-25,"https://api.idescat.cat/taules/v2/censph/535/562/mun/data?lang=ca&YEAR=2021&MUN=431711,439057"
2021,431711,Vila-seca,Y075_079,de 75 a 79 anys,15,CA09,Catalunya,F,dones,57,,"Idescat, a partir del Cens de població i habitatges de l'INE.",2026-02-25,"https://api.idescat.cat/taules/v2/censph/535/562/mun/data?lang=ca&YEAR=2021&MUN=431711,439057"
2021,431711,Vila-seca,Y075_079,de 75 a 79 anys,15,CA09,Catalunya,TOTAL,total,136,,"Idescat, a partir del Cens de població i habitatges de l'INE.",2026-02-25,"https://api.idescat.cat/taules/v2/censph/535/562/mun/data?lang=ca&YEAR=2021&MUN=431711,439057"
2021,431711,Vila-seca,Y075_079,de 75 a 79 anys,15,RES,resta d'Espanya,M,homes,160,,"Idescat, a partir del Cens de població i habitatges de l'INE.",2026-02-25,"https://api.idescat.cat/taules/v2/censph/535/562/mun/data?lang=ca&YEAR=2021&MUN=431711,439057"
2021,431711,Vila-seca,Y075_079,de 75 a 79 anys,15,RES,resta d'Espanya,F,dones,215,,"Idescat, a partir del Cens de població i habitatges de l'INE.",2026-02-25,"https://api.idescat.cat/taules/v2/censph/535/562/mun/data?lang=ca&YEAR=2021&MUN=431711,439057"
2021,431711,Vila-seca,Y075_079,de 75 a 79 anys,15,RES,resta d'Espanya,TOTAL,total,375,,"Idescat, a partir del Cens de població i habitatges de l'INE.",2026-02-25,"https://api.idescat.cat/taules/v2/censph/535/562/mun/data?lang=ca&YEAR=2021&MUN=431711,439057"
2021,431711,Vila-seca,Y075_079,de 75 a 79 anys,15,ESTR,estranger,M,homes,18,,"Idescat, a partir del Cens de població i habitatges de l'INE.",2026-02-25,"https://api.idescat.cat/taules/v2/censph/535/562/mun/data?lang=ca&YEAR=2021&MUN=431711,439057"
2021,431711,Vila-seca,Y075_079,de 75 a 79 anys,15,ESTR,estranger,F,dones,23,,"Idescat, a partir del Cens de població i habitatges de l'INE.",2026-02-25,"https://api.idescat.cat/taules/v2/censph/535/562/mun/data?lang=ca&YEAR=2021&MUN=431711,439057"
2021,431711,Vila-seca,Y075_079,de 75 a 79 anys,15,ESTR,estranger,TOTAL,total,41,,"Idescat, a partir del Cens de població i habitatges de l'INE.",2026-02-25,"https://api.idescat.cat/taules/v2/censph/535/562/mun/data?lang=ca&YEAR=2021&MUN=431711,439057"
2021,431711,Vila-seca,Y075_079,de 75 a 79 anys,15,TOTAL,total,M,homes,257,,"Idescat, a partir del Cens de població i habitatges de l'INE.",2026-02-25,"https://api.idescat.cat/taules/v2/censph/535/562/mun/data?lang=ca&YEAR=2021&MUN=431711,439057"
2021,431711,Vila-seca,Y075_079,de 75 a 79 anys,15,TOTAL,total,F,dones,295,,"Idescat, a partir del Cens de població i habitatges de l'INE.",2026-02-25,"https://api.idescat.cat/taules/v2/censph/535/562/mun/data?lang=ca&YEAR=2021&MUN=431711,439057"
2021,431711,Vila-seca,Y075_079,de 75 a 79 anys,15,TOTAL,total,TOTAL,total,552,,"Idescat, a partir del Cens de població i habitatges de l'INE.",2026-02-25,"https://api.idescat.cat/taules/v2/censph/535/562/mun/data?lang=ca&YEAR=2021&MUN=431711,439057"
2021,431711,Vila-seca,Y080_084,de 80 a 84 anys,16,CA09,Catalunya,M,homes,43,,"Idescat, a partir del Cens de població i habitatges de l'INE.",2026-02-25,"https://api.idescat.cat/taules/v2/censph/535/562/mun/data?lang=ca&YEAR=2021&MUN=431711,439057"
2021,431711,Vila-seca,Y080_084,de 80 a 84 anys,16,CA09,Catalunya,F,dones,49,,"Idescat, a partir del Cens de població i habitatges de l'INE.",2026-02-25,"https://api.idescat.cat/taules/v2/censph/535/562/mun/data?lang=ca&YEAR=2021&MUN=431711,439057"
2021,431711,Vila-seca,Y080_084,de 80 a 84 anys,16,CA09,Catalunya,TOTAL,total,92,,"Idescat, a partir del Cens de població i habitatges de l'INE.",2026-02-25,"https://api.idescat.cat/taules/v2/censph/535/562/mun/data?lang=ca&YEAR=2021&MUN=431711,439057"
2021,431711,Vila-seca,Y080_084,de 80 a 84 anys,16,RES,resta d'Espanya,M,homes,105,,"Idescat, a partir del Cens de població i habitatges de l'INE.",2026-02-25,"https://api.idescat.cat/taules/v2/censph/535/562/mun/data?lang=ca&YEAR=2021&MUN=431711,439057"
2021,431711,Vila-seca,Y080_084,de 80 a 84 anys,16,RES,resta d'Espanya,F,dones,172,,"Idescat, a partir del Cens de població i habitatges de l'INE.",2026-02-25,"https://api.idescat.cat/taules/v2/censph/535/562/mun/data?lang=ca&YEAR=2021&MUN=431711,439057"
2021,431711,Vila-seca,Y080_084,de 80 a 84 anys,16,RES,resta d'Espanya,TOTAL,total,277,,"Idescat, a partir del Cens de població i habitatges de l'INE.",2026-02-25,"https://api.idescat.cat/taules/v2/censph/535/562/mun/data?lang=ca&YEAR=2021&MUN=431711,439057"
2021,431711,Vila-seca,Y080_084,de 80 a 84 anys,16,ESTR,estranger,M,homes,9,,"Idescat, a partir del Cens de població i habitatges de l'INE.",2026-02-25,"https://api.idescat.cat/taules/v2/censph/535/562/mun/data?lang=ca&YEAR=2021&MUN=431711,439057"
2021,431711,Vila-seca,Y080_084,de 80 a 84 anys,16,ESTR,estranger,F,dones,10,,"Idescat, a partir del Cens de població i habitatges de l'INE.",2026-02-25,"https://api.idescat.cat/taules/v2/censph/535/562/mun/data?lang=ca&YEAR=2021&MUN=431711,439057"
2021,431711,Vila-seca,Y080_084,de 80 a 84 anys,16,ESTR,estranger,TOTAL,total,19,,"Idescat, a partir del Cens de població i habitatges de l'INE.",2026-02-25,"https://api.idescat.cat/taules/v2/censph/535/562/mun/data?lang=ca&YEAR=2021&MUN=431711,439057"
2021,431711,Vila-seca,Y080_084,de 80 a 84 anys,16,TOTAL,total,M,homes,157,,"Idescat, a partir del Cens de població i habitatges de l'INE.",2026-02-25,"https://api.idescat.cat/taules/v2/censph/535/562/mun/data?lang=ca&YEAR=2021&MUN=431711,439057"
2021,431711,Vila-seca,Y080_084,de 80 a 84 anys,16,TOTAL,total,F,dones,231,,"Idescat, a partir del Cens de població i habitatges de l'INE.",2026-02-25,"https://api.idescat.cat/taules/v2/censph/535/562/mun/data?lang=ca&YEAR=2021&MUN=431711,439057"
2021,431711,Vila-seca,Y080_084,de 80 a 84 anys,16,TOTAL,total,TOTAL,total,388,,"Idescat, a partir del Cens de població i habitatges de l'INE.",2026-02-25,"https://api.idescat.cat/taules/v2/censph/535/562/mun/data?lang=ca&YEAR=2021&MUN=431711,439057"
2021,431711,Vila-seca,Y_GE085,85 anys o més,17,CA09,Catalunya,M,homes,43,,"Idescat, a partir del Cens de població i habitatges de l'INE.",2026-02-25,"https://api.idescat.cat/taules/v2/censph/535/562/mun/data?lang=ca&YEAR=2021&MUN=431711,439057"
2021,431711,Vila-seca,Y_GE085,85 anys o més,17,CA09,Catalunya,F,dones,89,,"Idescat, a partir del Cens de població i habitatges de l'INE.",2026-02-25,"https://api.idescat.cat/taules/v2/censph/535/562/mun/data?lang=ca&YEAR=2021&MUN=431711,439057"
2021,431711,Vila-seca,Y_GE085,85 anys o més,17,CA09,Catalunya,TOTAL,total,132,,"Idescat, a partir del Cens de població i habitatges de l'INE.",2026-02-25,"https://api.idescat.cat/taules/v2/censph/535/562/mun/data?lang=ca&YEAR=2021&MUN=431711,439057"
2021,431711,Vila-seca,Y_GE085,85 anys o més,17,RES,resta d'Espanya,M,homes,90,,"Idescat, a partir del Cens de població i habitatges de l'INE.",2026-02-25,"https://api.idescat.cat/taules/v2/censph/535/562/mun/data?lang=ca&YEAR=2021&MUN=431711,439057"
2021,431711,Vila-seca,Y_GE085,85 anys o més,17,RES,resta d'Espanya,F,dones,176,,"Idescat, a partir del Cens de població i habitatges de l'INE.",2026-02-25,"https://api.idescat.cat/taules/v2/censph/535/562/mun/data?lang=ca&YEAR=2021&MUN=431711,439057"
2021,431711,Vila-seca,Y_GE085,85 anys o més,17,RES,resta d'Espanya,TOTAL,total,266,,"Idescat, a partir del Cens de població i habitatges de l'INE.",2026-02-25,"https://api.idescat.cat/taules/v2/censph/535/562/mun/data?lang=ca&YEAR=2021&MUN=431711,439057"
2021,431711,Vila-seca,Y_GE085,85 anys o més,17,ESTR,estranger,M,homes,5,,"Idescat, a partir del Cens de població i habitatges de l'INE.",2026-02-25,"https://api.idescat.cat/taules/v2/censph/535/562/mun/data?lang=ca&YEAR=2021&MUN=431711,439057"
2021,431711,Vila-seca,Y_GE085,85 anys o més,17,ESTR,estranger,F,dones,8,,"Idescat, a partir del Cens de població i habitatges de l'INE.",2026-02-25,"https://api.idescat.cat/taules/v2/censph/535/562/mun/data?lang=ca&YEAR=2021&MUN=431711,439057"
2021,431711,Vila-seca,Y_GE085,85 anys o més,17,ESTR,estranger,TOTAL,total,13,,"Idescat, a partir del Cens de població i habitatges de l'INE.",2026-02-25,"https://api.idescat.cat/taules/v2/censph/535/562/mun/data?lang=ca&YEAR=2021&MUN=431711,439057"
2021,431711,Vila-seca,Y_GE085,85 anys o més,17,TOTAL,total,M,homes,138,,"Idescat, a partir del Cens de població i habitatges de l'INE.",2026-02-25,"https://api.idescat.cat/taules/v2/censph/535/562/mun/data?lang=ca&YEAR=2021&MUN=431711,439057"
2021,431711,Vila-seca,Y_GE085,85 anys o més,17,TOTAL,total,F,dones,273,,"Idescat, a partir del Cens de població i habitatges de l'INE.",2026-02-25,"https://api.idescat.cat/taules/v2/censph/535/562/mun/data?lang=ca&YEAR=2021&MUN=431711,439057"
2021,431711,Vila-seca,Y_GE085,85 anys o més,17,TOTAL,total,TOTAL,total,411,,"Idescat, a partir del Cens de població i habitatges de l'INE.",2026-02-25,"https://api.idescat.cat/taules/v2/censph/535/562/mun/data?lang=ca&YEAR=2021&MUN=431711,439057"
2021,431711,Vila-seca,TOTAL,total,18,CA09,Catalunya,M,homes,6755,,"Idescat, a partir del Cens de població i habitatges de l'INE.",2026-02-25,"https://api.idescat.cat/taules/v2/censph/535/562/mun/data?lang=ca&YEAR=2021&MUN=431711,439057"
2021,431711,Vila-seca,TOTAL,total,18,CA09,Catalunya,F,dones,6459,,"Idescat, a partir del Cens de població i habitatges de l'INE.",2026-02-25,"https://api.idescat.cat/taules/v2/censph/535/562/mun/data?lang=ca&YEAR=2021&MUN=431711,439057"
2021,431711,Vila-seca,TOTAL,total,18,CA09,Catalunya,TOTAL,total,13214,,"Idescat, a partir del Cens de població i habitatges de l'INE.",2026-02-25,"https://api.idescat.cat/taules/v2/censph/535/562/mun/data?lang=ca&YEAR=2021&MUN=431711,439057"
2021,431711,Vila-seca,TOTAL,total,18,RES,resta d'Espanya,M,homes,2572,,"Idescat, a partir del Cens de població i habitatges de l'INE.",2026-02-25,"https://api.idescat.cat/taules/v2/censph/535/562/mun/data?lang=ca&YEAR=2021&MUN=431711,439057"
2021,431711,Vila-seca,TOTAL,total,18,RES,resta d'Espanya,F,dones,2735,,"Idescat, a partir del Cens de població i habitatges de l'INE.",2026-02-25,"https://api.idescat.cat/taules/v2/censph/535/562/mun/data?lang=ca&YEAR=2021&MUN=431711,439057"
2021,431711,Vila-seca,TOTAL,total,18,RES,resta d'Espanya,TOTAL,total,5307,,"Idescat, a partir del Cens de població i habitatges de l'INE.",2026-02-25,"https://api.idescat.cat/taules/v2/censph/535/562/mun/data?lang=ca&YEAR=2021&MUN=431711,439057"
2021,431711,Vila-seca,TOTAL,total,18,ESTR,estranger,M,homes,2116,,"Idescat, a partir del Cens de població i habitatges de l'INE.",2026-02-25,"https://api.idescat.cat/taules/v2/censph/535/562/mun/data?lang=ca&YEAR=2021&MUN=431711,439057"
2021,431711,Vila-seca,TOTAL,total,18,ESTR,estranger,F,dones,2144,,"Idescat, a partir del Cens de població i habitatges de l'INE.",2026-02-25,"https://api.idescat.cat/taules/v2/censph/535/562/mun/data?lang=ca&YEAR=2021&MUN=431711,439057"
2021,431711,Vila-seca,TOTAL,total,18,ESTR,estranger,TOTAL,total,4260,,"Idescat, a partir del Cens de població i habitatges de l'INE.",2026-02-25,"https://api.idescat.cat/taules/v2/censph/535/562/mun/data?lang=ca&YEAR=2021&MUN=431711,439057"
2021,431711,Vila-seca,TOTAL,total,18,TOTAL,total,M,homes,11443,,"Idescat, a partir del Cens de població i habitatges de l'INE.",2026-02-25,"https://api.idescat.cat/taules/v2/censph/535/562/mun/data?lang=ca&YEAR=2021&MUN=431711,439057"
2021,431711,Vila-seca,TOTAL,total,18,TOTAL,total,F,dones,11338,,"Idescat, a partir del Cens de població i habitatges de l'INE.",2026-02-25,"https://api.idescat.cat/taules/v2/censph/535/562/mun/data?lang=ca&YEAR=2021&MUN=431711,439057"
2021,431711,Vila-seca,TOTAL,total,18,TOTAL,total,TOTAL,total,22781,,"Idescat, a partir del Cens de població i habitatges de l'INE.",2026-02-25,"https://api.idescat.cat/taules/v2/censph/535/562/mun/data?lang=ca&YEAR=2021&MUN=431711,439057"
